amount,hour,merchant_risk,distance_km,foreign_transaction,is_fraud
29.08,1,0.0972,43.75,0,0
80.75,10,0.0965,1.38,0,0
16.7,1,0.3262,0.47,1,0
21.76,7,0.0729,7.33,0,0
39.02,14,0.3004,3.2,0,0
30.87,19,0.0793,14.92,0,0
17.06,21,0.2711,7.66,0,0
79.77,8,0.4465,3.78,0,0
11.82,6,0.3926,17.94,1,0
35.95,21,0.1651,21.45,0,0
37.81,16,0.2152,1.86,0,0
82.83,19,0.4172,19.73,0,0
54.33,16,0.3928,15.37,0,0
46.47,15,0.0409,25.2,1,0
24.22,3,0.1855,1.91,0,0
63.77,6,0.1028,1.54,0,0
138.24,5,0.1473,12.48,0,0
10.91,1,0.2096,7.25,0,0
22.43,15,0.274,11.1,0,0
72.75,21,0.0947,6.24,0,0
60.13,12,0.058,1.2,0,0
53.74,4,0.072,9.94,0,0
42.69,3,0.1778,7.68,0,0
22.41,15,0.4762,24.29,0,0
50.33,6,0.1978,5.38,0,0
72.28,20,0.2002,8.18,0,0
30.21,8,0.3471,7.38,0,0
40.9,5,0.0833,36.23,0,0
27.61,12,0.0437,29.7,0,0
196.21,7,0.1719,1.39,0,0
145.11,12,0.1517,13.2,0,0
43.63,6,0.0054,0.08,0,0
39.73,0,0.121,1.51,0,0
26.05,21,0.1134,47.75,0,0
67.09,0,0.2654,2.51,0,0
46.79,20,0.1835,7.27,0,0
137.3,2,0.2458,6.6,0,0
31.35,5,0.1425,6.98,1,0
46.2,19,0.2421,27.34,0,0
81.11,21,0.0334,7.71,0,0
19.55,21,0.0041,10.36,0,0
41.39,11,0.3494,5.53,1,0
63.19,22,0.2348,12.44,0,0
62.75,18,0.0934,2.38,0,0
56.14,10,0.4888,10.64,0,0
31.83,16,0.2493,47.32,0,0
23.29,11,0.1305,9.09,0,0
100.0,3,0.3075,2.94,1,0
59.77,17,0.0164,5.08,0,0
25.44,17,0.0255,7.7,0,0
11.51,8,0.0673,2.15,0,0
20.94,11,0.1637,5.46,0,0
125.16,20,0.1658,24.43,0,0
116.82,2,0.0943,5.02,1,0
20.46,5,0.1971,0.06,0,0
21.65,3,0.1673,1.85,1,0
17.55,13,0.2392,41.52,0,0
43.91,2,0.2511,73.05,0,0
81.41,22,0.2068,9.25,0,0
41.24,22,0.3199,4.1,0,0
85.66,3,0.0855,2.96,0,0
125.45,14,0.0777,0.04,0,0
104.52,13,0.1699,37.63,1,0
27.71,6,0.0227,26.89,0,0
51.27,10,0.4183,6.42,0,0
65.51,15,0.0505,119.97,0,0
14.7,9,0.2177,26.08,0,0
29.18,22,0.4894,27.61,0,0
75.39,12,0.2591,14.3,1,0
9.0,11,0.2663,6.73,0,0
29.05,7,0.0859,32.88,0,0
101.5,15,0.2125,40.31,0,0
29.56,9,0.4563,25.44,0,0
39.2,20,0.4507,36.08,0,0
72.62,3,0.2619,4.83,0,0
23.95,18,0.1861,16.23,0,0
31.29,3,0.2269,7.29,0,0
71.53,6,0.2029,0.75,1,0
22.23,15,0.1112,1.31,0,0
37.94,1,0.092,11.32,0,0
27.92,11,0.286,22.22,0,0
54.45,4,0.1684,0.9,0,0
84.44,3,0.4823,13.39,0,0
82.37,0,0.1937,7.02,0,0
26.17,12,0.1618,12.57,0,0
19.04,13,0.11,27.33,0,0
118.29,6,0.1156,40.29,0,0
71.06,10,0.1959,8.18,0,0
19.91,14,0.2928,47.27,0,0
85.52,18,0.2649,12.97,0,0
40.96,12,0.131,11.28,1,0
16.83,0,0.2367,9.18,0,0
33.41,4,0.0522,1.2,0,0
43.08,0,0.0834,22.7,1,0
18.29,23,0.093,3.59,0,0
38.39,14,0.0665,86.26,0,0
37.77,14,0.2005,7.06,0,0
19.62,11,0.0528,2.06,0,0
15.47,8,0.2768,38.09,0,0
15.95,16,0.2786,20.38,0,0
76.56,4,0.1913,4.71,0,0
5.84,10,0.1035,6.73,0,0
30.74,15,0.0763,46.91,1,0
57.74,3,0.0615,18.38,0,0
72.08,8,0.1063,32.92,0,0
25.31,20,0.0626,4.69,1,0
78.17,21,0.2609,11.18,0,0
16.74,15,0.1979,14.26,1,0
66.44,10,0.4793,10.44,1,0
12.62,16,0.2539,3.08,0,0
85.43,8,0.1995,1.76,0,0
10.04,19,0.2664,7.39,0,0
31.44,13,0.3271,9.61,0,0
27.04,21,0.2928,2.69,0,0
23.1,18,0.3145,43.01,0,0
220.38,14,0.253,1.11,0,0
90.28,17,0.1736,14.81,0,0
66.81,17,0.1886,5.49,1,0
16.89,15,0.0718,3.97,0,0
113.66,5,0.1495,81.0,0,0
24.5,11,0.2561,6.47,0,0
156.66,5,0.0764,0.28,1,0
119.06,12,0.1934,13.86,0,0
117.13,5,0.1369,20.2,0,0
48.3,23,0.1857,22.59,0,0
17.27,22,0.3277,10.65,0,0
14.12,11,0.164,21.85,0,0
37.58,22,0.2871,0.59,0,0
28.1,6,0.0127,12.26,0,0
49.21,16,0.3824,1.27,0,0
18.76,10,0.2532,14.13,0,0
25.76,21,0.3718,9.99,0,0
65.09,21,0.3211,11.02,0,0
37.64,3,0.1911,4.33,0,0
31.83,3,0.0771,0.13,0,0
98.66,1,0.3548,10.34,0,0
18.13,17,0.1525,9.98,0,0
18.72,13,0.0442,3.46,1,0
26.47,16,0.0668,6.95,0,0
25.09,11,0.1772,4.44,0,0
35.09,22,0.2932,56.03,1,0
95.72,22,0.6468,1.34,0,0
173.46,13,0.0725,13.52,0,0
36.57,4,0.1017,20.64,0,0
37.57,19,0.1222,0.34,1,0
38.27,5,0.3635,7.78,1,0
22.23,18,0.2698,5.01,0,0
11.63,6,0.1263,0.41,1,0
35.5,5,0.1577,0.49,0,0
59.04,5,0.0479,9.77,0,0
21.02,0,0.1202,22.16,0,0
50.33,4,0.0447,3.76,1,0
64.71,20,0.0769,26.81,0,0
128.92,19,0.3275,0.6,0,0
102.7,10,0.1855,17.48,0,0
40.59,2,0.353,15.67,0,0
18.17,23,0.128,13.83,0,0
30.05,11,0.1033,93.05,1,0
12.29,8,0.2097,12.39,0,0
49.18,0,0.1887,27.76,0,0
22.8,5,0.3883,25.11,0,0
33.14,7,0.4087,14.48,0,0
54.32,16,0.2024,26.46,0,0
12.29,11,0.0428,2.63,0,0
17.72,13,0.1544,27.33,1,0
29.57,6,0.546,19.84,1,0
59.47,19,0.4687,13.68,0,0
37.25,2,0.1734,4.05,0,0
78.29,23,0.2936,1.94,0,0
25.99,2,0.1927,3.63,0,0
96.29,17,0.1495,11.52,0,0
41.05,1,0.298,8.63,0,0
39.04,15,0.1657,36.63,0,0
111.91,5,0.0829,4.01,0,0
24.48,6,0.4567,22.48,0,0
80.66,16,0.1426,6.67,0,0
25.67,16,0.2471,21.19,0,0
96.66,8,0.1479,3.6,0,0
68.11,15,0.2881,16.08,0,0
22.55,6,0.0675,3.06,0,0
17.64,7,0.0256,5.99,0,0
14.79,10,0.4725,22.29,0,0
12.85,8,0.1122,22.37,0,0
49.14,9,0.1154,29.33,0,0
38.0,10,0.1337,17.8,0,0
67.33,2,0.2215,5.23,0,0
45.11,16,0.2498,25.23,0,0
90.96,6,0.1044,6.31,0,0
42.86,19,0.3322,4.09,0,0
24.83,8,0.1655,21.97,0,0
31.47,8,0.137,15.35,0,0
57.14,4,0.1964,11.19,0,0
59.69,3,0.1081,14.91,0,0
19.81,15,0.0465,7.2,0,0
27.9,19,0.2319,2.1,0,0
47.63,10,0.1632,16.7,0,0
82.58,7,0.0213,12.68,0,0
27.01,10,0.1154,18.44,0,0
27.51,1,0.0675,6.22,0,0
41.22,11,0.0512,9.88,1,0
312.76,14,0.5263,22.76,1,0
65.29,3,0.3081,4.92,0,0
26.82,7,0.2086,3.22,0,0
79.96,9,0.2104,9.97,0,0
29.74,16,0.0599,9.49,0,0
69.45,9,0.2248,24.12,0,0
50.68,14,0.1396,8.87,0,0
19.89,6,0.4753,21.49,0,0
140.58,0,0.0513,17.53,0,0
87.95,23,0.4653,1.19,0,0
35.91,14,0.1935,0.85,0,0
46.35,16,0.2923,5.32,0,0
144.59,20,0.2088,20.98,0,0
42.47,16,0.0783,2.57,0,0
53.58,20,0.2093,31.41,0,0
30.66,14,0.105,40.79,0,0
27.74,14,0.2235,34.27,0,0
34.24,22,0.0661,3.12,0,0
22.14,23,0.2423,0.73,0,0
69.08,2,0.143,30.78,0,0
47.98,11,0.3364,6.07,1,0
39.81,15,0.1531,56.56,0,0
134.39,0,0.1202,68.35,0,0
87.23,1,0.2421,3.33,0,0
23.84,14,0.2963,12.62,0,0
92.16,17,0.2352,4.56,0,0
51.51,3,0.121,39.68,0,0
27.56,1,0.2955,5.26,1,0
70.27,14,0.455,14.03,0,0
39.94,3,0.2966,2.54,0,0
26.65,11,0.0539,0.12,0,0
8.33,12,0.0901,10.66,0,0
42.22,0,0.1538,11.41,1,0
16.06,14,0.3396,1.92,1,0
132.41,22,0.5931,125.96,1,1
19.89,8,0.0466,6.0,0,0
69.86,23,0.1105,1.63,0,0
26.38,10,0.1493,29.06,0,0
78.3,12,0.075,44.36,0,0
46.28,0,0.1,15.75,1,0
46.24,4,0.2635,10.36,0,0
85.02,2,0.6216,11.44,0,0
29.52,5,0.5012,10.35,0,0
33.37,13,0.1321,4.09,0,0
31.09,10,0.2132,10.48,0,0
30.74,7,0.2032,1.3,0,0
45.5,11,0.2681,15.81,0,0
22.13,15,0.2466,29.82,0,0
81.82,21,0.0411,3.73,0,0
31.81,2,0.0326,0.17,0,0
11.46,17,0.0533,3.9,0,0
46.46,7,0.3153,0.61,1,0
33.27,17,0.1234,6.63,0,0
18.39,10,0.1403,4.15,0,0
23.38,10,0.1254,0.12,0,0
49.21,20,0.3194,16.4,0,0
33.89,10,0.2464,2.06,0,0
38.49,1,0.222,4.88,0,0
25.08,12,0.0665,13.55,0,0
87.99,14,0.2776,13.81,0,0
72.22,8,0.2293,12.47,0,0
58.63,22,0.0401,1.59,1,0
23.46,1,0.3014,13.46,0,0
10.16,6,0.1837,49.42,0,0
18.83,10,0.197,59.27,0,0
50.75,2,0.083,30.47,0,0
21.44,7,0.1347,15.86,0,0
152.61,7,0.0752,13.11,0,0
18.05,20,0.1582,8.65,0,0
53.47,10,0.1356,6.41,0,0
23.22,16,0.6168,29.07,0,0
66.87,21,0.2853,7.55,0,0
47.4,5,0.1258,37.95,0,0
18.03,1,0.1526,19.04,1,0
129.03,7,0.2837,44.73,0,0
49.26,23,0.1835,13.33,0,0
17.14,10,0.048,11.75,0,0
16.02,23,0.3077,16.76,0,0
14.73,7,0.0645,12.23,0,0
24.4,6,0.0723,15.9,0,0
100.08,5,0.1925,7.11,0,0
53.1,9,0.1463,1.71,0,0
57.11,16,0.1257,10.51,0,0
24.44,22,0.2541,24.53,0,0
25.83,19,0.208,9.74,0,0
39.71,19,0.3111,7.45,0,0
44.35,5,0.042,10.43,1,0
29.63,4,0.0664,8.59,0,0
47.28,13,0.4077,31.65,0,0
38.97,1,0.2824,49.71,0,0
106.78,15,0.057,18.96,0,0
79.48,7,0.1701,6.08,0,0
180.33,15,0.4259,28.83,0,0
22.17,2,0.359,13.94,0,0
20.64,7,0.3784,3.13,0,0
70.68,8,0.0612,26.13,0,0
44.16,6,0.2163,18.94,0,0
213.45,23,0.0983,30.29,0,0
18.77,16,0.2515,41.44,1,0
17.75,17,0.2398,25.1,0,0
52.61,8,0.0164,5.51,0,0
86.82,9,0.1805,2.59,0,0
179.06,11,0.1055,2.46,0,0
45.05,10,0.5097,20.53,0,0
35.05,4,0.1628,0.98,0,0
47.3,4,0.2891,19.71,0,0
46.28,18,0.0136,12.32,0,0
18.86,0,0.2704,15.91,0,0
118.47,9,0.4218,19.55,0,0
23.98,4,0.0357,29.26,0,0
24.56,4,0.3741,15.48,0,0
83.28,16,0.4391,7.3,0,0
32.5,8,0.053,4.83,0,0
48.14,10,0.2847,15.2,1,0
51.63,16,0.2045,4.19,0,0
54.23,6,0.2273,28.24,0,0
103.59,19,0.2011,12.76,1,0
56.48,3,0.3656,3.19,1,0
25.66,14,0.1022,0.3,0,0
34.95,2,0.3088,0.64,1,0
35.91,21,0.3167,8.03,0,0
9.71,23,0.2237,32.09,1,0
73.25,8,0.1735,21.17,0,0
27.99,6,0.2003,9.06,0,0
58.21,22,0.2942,32.95,1,0
16.79,11,0.2575,0.83,0,0
273.84,2,0.1655,14.41,1,0
120.18,15,0.3962,41.29,0,0
92.75,13,0.0256,6.75,0,0
80.75,13,0.0696,3.22,0,0
29.5,23,0.3746,16.19,0,0
13.2,7,0.1707,22.84,0,0
21.48,19,0.0698,16.86,0,0
185.02,0,0.1372,7.0,0,0
26.82,6,0.0979,30.45,1,0
12.38,23,0.2586,21.88,0,0
36.34,11,0.0883,6.87,0,0
53.72,20,0.1117,24.46,1,0
23.21,5,0.1892,16.69,0,0
45.89,16,0.252,24.74,0,0
19.72,6,0.3188,35.15,0,0
125.76,16,0.1526,26.07,0,0
18.34,10,0.3416,4.94,0,0
48.13,5,0.1971,42.35,0,0
117.97,5,0.2724,4.0,0,0
34.46,12,0.481,14.18,0,0
50.15,9,0.2941,3.47,0,0
31.36,13,0.1223,48.58,1,0
101.05,19,0.0824,4.4,1,0
57.5,21,0.2411,3.24,0,0
87.76,11,0.5431,4.9,0,0
100.82,7,0.2324,8.82,0,0
45.92,5,0.1061,12.04,1,0
89.82,13,0.9088,23.92,1,1
49.45,17,0.1505,15.46,0,0
212.32,14,0.0277,28.13,0,0
14.11,18,0.3899,29.46,1,0
42.83,5,0.2927,9.32,0,0
83.36,9,0.0849,9.72,0,0
60.03,12,0.0947,3.77,0,0
16.6,16,0.1031,27.48,0,0
62.72,7,0.0665,27.38,0,0
80.74,20,0.1492,2.95,0,0
78.39,8,0.3104,23.53,1,0
121.35,13,0.4423,1.5,0,0
71.66,0,0.116,3.95,0,0
104.57,5,0.1364,4.46,0,0
26.74,13,0.2384,1.65,0,0
73.77,15,0.3831,30.84,0,0
26.59,7,0.1201,2.89,0,0
10.35,20,0.1312,21.92,0,0
55.21,6,0.1294,3.88,0,0
13.81,16,0.2289,23.88,0,0
35.0,19,0.0737,58.31,0,0
61.34,14,0.2048,35.61,0,0
83.07,8,0.3703,15.87,0,0
23.96,21,0.2334,0.74,0,0
17.56,21,0.0871,13.68,0,0
32.61,8,0.3149,12.34,0,0
26.06,0,0.3291,9.69,0,0
26.78,8,0.1118,31.08,0,0
29.91,0,0.2159,1.57,1,0
33.55,23,0.231,28.77,0,0
77.54,0,0.2335,0.28,0,0
96.22,17,0.1377,0.9,0,0
70.62,16,0.388,0.87,0,0
80.29,16,0.104,14.66,0,0
31.18,15,0.0948,10.67,0,0
52.01,17,0.591,16.66,1,0
22.82,13,0.1036,0.3,0,0
83.53,9,0.2392,10.82,0,0
27.74,2,0.3649,15.12,0,0
71.81,2,0.0306,4.0,1,0
114.24,15,0.1586,4.31,0,0
128.59,12,0.1591,46.48,1,0
12.37,17,0.354,30.27,0,0
49.07,22,0.3266,11.67,0,0
14.82,6,0.2925,10.31,0,0
143.89,16,0.342,2.56,1,0
17.52,3,0.2153,12.42,0,0
46.63,6,0.5381,20.2,0,0
13.41,1,0.224,6.88,0,0
62.37,19,0.2078,20.06,0,0
48.4,8,0.2038,8.37,0,0
19.43,13,0.0189,4.14,0,0
72.47,11,0.0861,14.9,1,0
57.05,23,0.1802,17.08,0,0
52.83,22,0.295,18.46,0,0
11.68,8,0.2279,18.81,0,0
43.94,12,0.2231,17.34,0,0
41.37,9,0.3532,17.34,1,0
62.13,21,0.1041,23.03,0,0
45.22,11,0.0994,12.83,0,0
63.3,7,0.0215,20.62,0,0
14.36,22,0.3099,26.32,0,0
23.04,8,0.1511,7.45,0,0
13.59,8,0.056,8.87,0,0
49.95,7,0.1082,15.44,0,0
73.0,0,0.4249,8.5,0,0
67.06,17,0.0446,12.37,0,0
76.07,3,0.0364,4.78,0,0
43.63,18,0.226,15.41,0,0
57.78,12,0.1018,15.04,0,0
25.78,3,0.205,7.0,0,0
64.25,13,0.1207,1.21,0,0
75.51,11,0.4375,7.58,0,0
59.46,13,0.0954,0.32,0,0
33.22,1,0.1726,0.92,0,0
36.35,20,0.1219,37.25,0,0
26.18,22,0.3237,19.11,0,0
78.35,20,0.015,1.43,0,0
11.85,4,0.209,1.45,1,0
24.54,6,0.1575,6.15,0,0
10.13,1,0.1824,18.17,0,0
26.04,10,0.2177,9.77,1,0
113.79,19,0.3375,3.98,0,0
66.28,1,0.4535,5.16,0,0
47.06,10,0.0892,26.51,0,0
113.12,7,0.3844,3.18,0,0
171.68,5,0.1331,6.89,0,0
58.99,14,0.1042,13.2,0,0
150.07,2,0.2452,36.69,1,0
64.97,6,0.0341,0.89,0,0
30.11,13,0.1356,6.33,0,0
28.69,21,0.3842,0.16,0,0
90.83,17,0.1021,10.74,0,0
37.6,12,0.2275,11.06,0,0
66.45,2,0.1238,8.18,0,0
112.99,13,0.0387,10.9,0,0
44.05,5,0.2187,8.13,0,0
34.32,23,0.0963,3.71,0,0
103.85,6,0.213,8.55,0,0
37.83,12,0.1914,18.78,0,0
29.92,0,0.2196,24.51,0,0
17.68,17,0.37,1.98,0,0
80.67,12,0.0789,1.01,1,0
31.33,0,0.2628,7.95,0,0
36.1,11,0.0965,13.3,0,0
22.76,22,0.1263,68.99,0,0
9.67,18,0.1901,13.67,0,0
75.92,12,0.2377,2.59,0,0
11.51,1,0.3632,16.97,0,0
64.99,4,0.0844,7.18,0,0
31.36,9,0.4592,8.61,0,0
44.98,10,0.2628,37.99,0,0
23.77,22,0.3558,6.04,0,0
75.68,6,0.1022,10.67,0,0
9.27,18,0.2662,21.2,1,0
25.87,21,0.2265,16.07,0,0
79.19,16,0.056,1.55,0,0
139.84,23,0.1543,21.34,0,0
28.26,9,0.3037,0.07,1,0
52.72,14,0.0268,4.84,0,0
102.67,7,0.1422,9.0,1,0
47.26,16,0.1469,15.16,1,0
107.78,9,0.2036,0.85,0,0
46.32,23,0.1106,12.18,0,0
34.97,7,0.1006,5.93,0,0
28.87,16,0.1148,3.53,1,0
21.93,23,0.1706,0.27,0,0
167.28,11,0.1197,12.67,1,0
62.69,17,0.0989,10.22,1,0
52.58,9,0.1452,28.25,0,0
23.12,14,0.1398,71.49,0,0
38.39,10,0.3278,4.43,0,0
267.53,9,0.306,20.0,1,0
34.6,9,0.3292,13.41,0,0
78.17,10,0.2543,8.46,0,0
45.69,2,0.106,8.01,0,0
48.96,0,0.0421,5.51,1,0
201.48,7,0.0696,0.7,0,0
111.0,1,0.3537,7.0,0,0
36.38,22,0.2646,0.71,0,0
119.27,13,0.2661,38.33,0,0
33.13,16,0.2416,1.62,0,0
50.36,0,0.3538,16.93,0,0
179.3,9,0.2027,18.78,0,0
16.9,7,0.2539,23.51,0,0
23.58,19,0.0796,20.63,0,0
29.94,21,0.4204,50.62,0,0
27.37,15,0.052,13.16,0,0
15.24,18,0.2098,16.61,0,0
118.35,11,0.1264,2.19,0,0
62.23,11,0.1902,3.54,0,0
7.11,19,0.256,0.78,0,0
38.54,12,0.2817,35.11,0,0
92.66,20,0.3438,3.63,0,0
65.07,23,0.2144,15.21,1,0
104.6,18,0.1826,8.75,0,0
17.59,2,0.1314,12.86,0,0
38.02,4,0.1015,13.14,0,0
16.19,17,0.0491,2.58,1,0
224.74,5,0.3455,4.72,0,0
40.61,3,0.2738,10.64,0,0
60.51,17,0.1314,20.09,0,0
47.0,13,0.2154,14.26,0,0
192.18,16,0.2249,36.97,0,0
24.24,17,0.3289,6.7,0,0
29.17,21,0.3168,23.82,1,0
44.79,0,0.2471,0.36,0,0
37.95,15,0.2584,2.44,0,0
20.38,7,0.1399,13.12,0,0
40.14,5,0.3417,17.23,1,0
16.35,14,0.2518,9.01,0,0
40.32,8,0.2366,6.25,0,0
16.58,21,0.2932,4.51,1,0
19.24,14,0.2579,39.14,0,0
32.55,1,0.2115,1.88,0,0
14.53,11,0.0496,1.87,0,0
55.74,22,0.2553,19.29,0,0
12.9,2,0.1974,20.45,0,0
31.73,18,0.3346,48.06,0,0
95.21,12,0.2518,18.43,0,0
69.2,8,0.0527,13.82,0,0
23.64,11,0.3427,36.29,0,0
32.3,4,0.3666,34.81,0,0
21.8,17,0.1719,2.36,0,0
104.61,12,0.3164,33.47,0,0
25.23,10,0.1896,15.38,0,0
50.18,1,0.2684,69.04,0,0
54.55,6,0.4002,7.37,0,0
37.01,7,0.1073,17.46,0,0
99.16,18,0.2835,28.53,0,0
45.48,5,0.3245,19.18,0,0
50.64,6,0.2638,9.49,0,0
19.37,23,0.0728,46.9,0,0
329.92,19,0.8108,98.26,1,1
101.1,3,0.1149,34.54,1,0
53.0,2,0.1495,1.5,0,0
43.21,14,0.3123,18.84,0,0
56.15,2,0.1134,3.6,0,0
29.59,22,0.2406,13.72,0,0
14.67,11,0.1404,16.09,0,0
155.2,19,0.1114,13.14,0,0
104.4,2,0.223,14.04,0,0
19.08,11,0.2071,9.39,1,0
48.25,3,0.0973,10.62,0,0
23.17,13,0.2192,24.53,0,0
90.6,0,0.4402,7.33,1,0
117.32,8,0.0657,17.16,1,0
37.27,17,0.2307,1.69,0,0
36.37,11,0.1452,1.61,0,0
68.19,7,0.4294,9.05,0,0
43.55,7,0.2567,37.47,0,0
55.38,10,0.3037,4.95,0,0
15.27,9,0.2229,4.7,0,0
80.58,2,0.1656,2.55,0,0
38.47,3,0.0682,6.66,1,0
90.0,18,0.291,1.84,0,0
10.14,23,0.0707,3.45,0,0
52.18,21,0.0901,2.5,0,0
64.49,16,0.2144,1.01,0,0
29.58,0,0.0659,11.62,0,0
61.74,19,0.1603,10.58,0,0
40.51,18,0.1689,8.12,0,0
13.56,11,0.1737,14.03,0,0
87.52,7,0.0858,14.68,0,0
28.26,5,0.0758,21.66,0,0
7.59,8,0.0807,7.39,1,0
38.85,14,0.2987,53.89,1,0
32.89,3,0.1246,13.58,1,0
29.41,10,0.1567,4.13,0,0
26.2,5,0.1391,18.33,0,0
102.04,15,0.0508,6.34,0,0
62.65,11,0.064,15.34,0,0
30.52,23,0.1515,1.44,1,0
15.26,21,0.1433,14.09,0,0
89.15,7,0.026,8.84,0,0
172.03,4,0.2378,1.7,1,0
80.82,1,0.2738,47.61,0,0
74.19,13,0.2786,54.66,0,0
29.44,16,0.0606,43.67,0,0
25.55,9,0.1558,10.77,0,0
138.1,7,0.1631,19.52,0,0
24.72,21,0.2128,4.14,0,0
51.16,22,0.1722,24.47,0,0
10.94,7,0.1436,40.82,0,0
30.35,7,0.1737,8.37,0,0
20.66,9,0.2147,2.01,0,0
54.69,21,0.0469,4.99,0,0
89.18,6,0.1014,0.06,0,0
15.46,5,0.1915,5.24,0,0
17.95,14,0.2616,16.11,0,0
31.53,1,0.1671,31.14,0,0
48.81,21,0.2492,0.69,1,0
15.63,4,0.4175,5.09,0,0
19.27,8,0.0406,90.52,0,0
28.12,6,0.0916,19.98,0,0
55.54,10,0.0713,4.51,0,0
24.69,6,0.1267,12.4,0,0
57.28,0,0.147,15.92,0,0
128.14,4,0.023,30.5,0,0
17.25,9,0.1715,0.04,0,0
17.86,22,0.0709,16.27,1,0
87.56,13,0.2518,29.59,0,0
12.4,9,0.437,13.63,0,0
53.63,22,0.286,0.65,0,0
33.88,23,0.2598,18.74,0,0
67.4,2,0.0587,16.97,0,0
83.14,14,0.0871,11.26,0,0
46.58,14,0.4618,3.5,0,0
7.77,2,0.2281,6.45,1,0
34.51,17,0.2564,9.8,0,0
48.99,0,0.3613,18.16,1,0
37.31,19,0.0797,8.19,0,0
10.37,8,0.0539,5.6,0,0
72.9,0,0.3215,3.93,0,0
83.94,20,0.3872,24.24,1,0
41.06,10,0.367,4.54,0,0
18.59,12,0.0288,7.53,0,0
11.47,12,0.2223,5.36,0,0
43.35,8,0.2282,6.06,0,0
54.54,15,0.3928,16.02,0,0
90.04,23,0.2114,5.56,0,0
12.13,17,0.0157,0.54,0,0
36.83,5,0.0958,7.9,0,0
296.62,13,0.6708,49.87,0,1
38.95,5,0.1313,14.23,1,0
35.94,15,0.257,17.38,0,0
33.67,11,0.1247,18.64,1,0
47.27,0,0.0397,4.25,0,0
38.24,7,0.1485,1.12,0,0
31.04,5,0.0325,29.56,1,0
18.74,21,0.4196,2.15,0,0
11.77,10,0.1022,1.64,0,0
50.14,20,0.2334,35.82,0,0
39.19,9,0.5994,23.39,0,0
31.15,15,0.1569,22.95,0,0
65.21,7,0.4133,7.67,0,0
68.85,0,0.3011,38.57,0,0
21.0,12,0.3419,14.18,1,0
15.58,15,0.1322,8.99,0,0
199.83,3,0.0368,6.61,1,0
500.0,19,0.1655,4.14,0,0
203.53,5,0.2388,37.08,0,0
106.82,15,0.0327,15.77,0,0
67.28,16,0.2344,17.63,0,0
47.59,13,0.2319,0.37,0,0
72.0,13,0.5165,5.55,0,0
26.93,23,0.1684,2.0,0,0
122.16,14,0.0615,7.76,0,0
49.42,12,0.0667,0.11,0,0
63.28,6,0.0179,7.27,0,0
97.47,20,0.0346,31.84,0,0
14.44,22,0.285,0.05,0,0
31.9,11,0.2635,35.28,0,0
71.56,1,0.0929,8.78,0,0
44.24,14,0.3466,1.5,0,0
35.21,8,0.0052,16.3,0,0
45.08,4,0.0667,37.19,0,0
32.46,8,0.2908,20.4,0,0
48.97,7,0.204,12.29,0,0
55.02,19,0.3728,80.65,0,0
47.7,20,0.366,29.25,0,0
49.14,14,0.2221,7.8,0,0
90.05,13,0.4106,11.99,0,0
131.23,20,0.1693,14.81,0,0
51.37,2,0.1502,4.09,0,0
62.19,11,0.1591,40.92,0,0
31.67,17,0.2652,2.02,0,0
203.0,14,0.0615,5.71,0,0
21.38,14,0.1324,3.01,1,0
55.58,6,0.2466,8.5,0,0
80.1,11,0.2356,29.47,0,0
51.4,15,0.2185,4.46,0,0
54.45,21,0.2142,0.7,0,0
12.27,8,0.0874,14.07,0,0
47.18,18,0.4073,8.2,0,0
9.06,11,0.1669,2.9,1,0
47.13,20,0.1258,33.12,0,0
30.11,23,0.1259,14.41,1,0
123.22,21,0.3194,5.66,0,0
54.12,19,0.135,23.12,0,0
69.84,0,0.1238,26.49,0,0
57.71,10,0.1187,14.64,0,0
24.51,6,0.1974,1.61,0,0
22.78,14,0.0522,0.54,0,0
47.26,23,0.3697,53.76,0,0
142.11,23,0.1916,4.11,0,0
24.65,11,0.0358,42.95,1,0
41.86,13,0.1465,7.02,1,0
28.16,7,0.1795,10.73,0,0
155.31,6,0.4938,4.91,0,0
78.81,4,0.0033,16.29,0,0
23.36,6,0.21,2.1,0,0
27.02,23,0.2255,102.34,0,0
26.85,5,0.0282,7.12,0,0
163.96,1,0.0646,0.57,0,0
23.86,13,0.0778,21.02,0,0
11.77,9,0.3006,3.96,0,0
27.52,13,0.1628,0.5,0,0
170.54,3,0.0535,12.91,0,0
36.48,14,0.2712,28.71,0,0
110.67,12,0.298,4.59,0,0
36.11,1,0.052,31.61,0,0
137.42,14,0.0917,46.71,0,0
26.23,13,0.2114,7.04,1,0
31.69,18,0.0814,5.32,0,0
28.73,17,0.3998,3.13,0,0
21.23,0,0.0792,35.89,0,0
59.17,21,0.1281,8.26,0,0
55.83,15,0.4011,19.29,0,0
30.13,21,0.4282,16.81,0,0
33.49,17,0.0941,1.24,0,0
55.83,11,0.081,1.49,1,0
37.27,16,0.2949,19.46,0,0
17.97,14,0.1445,28.19,0,0
83.25,4,0.4893,81.8,0,0
31.79,23,0.2907,1.07,0,0
40.44,15,0.1308,0.28,1,0
37.91,7,0.2298,32.65,0,0
29.46,20,0.3022,24.43,0,0
26.46,7,0.0611,1.12,0,0
56.17,18,0.0156,0.62,0,0
84.13,2,0.1258,7.43,0,0
378.7,0,0.2746,10.68,0,0
21.24,2,0.0468,15.28,0,0
51.19,5,0.4394,17.0,0,0
57.04,6,0.2452,1.62,0,0
39.08,6,0.1863,3.5,0,0
71.9,13,0.2392,6.31,0,0
41.0,18,0.2251,1.72,1,0
47.23,14,0.1217,5.46,0,0
47.97,18,0.2044,1.26,0,0
67.17,0,0.4561,30.84,0,0
39.77,3,0.1898,25.41,0,0
39.57,22,0.2591,2.22,0,0
17.84,10,0.2882,12.98,0,0
159.76,13,0.3329,15.9,0,0
16.71,15,0.2087,72.63,0,0
38.2,0,0.2651,19.8,1,0
18.83,17,0.1214,10.19,0,0
50.72,19,0.0957,22.86,1,0
71.99,20,0.2019,37.65,0,0
19.82,7,0.3199,17.25,0,0
43.35,6,0.1198,15.63,1,0
17.68,13,0.2333,4.97,0,0
20.25,3,0.1998,11.61,0,0
36.51,5,0.3654,11.4,0,0
60.06,9,0.1792,1.51,0,0
16.68,16,0.2038,26.86,0,0
27.03,7,0.0386,9.69,0,0
44.46,22,0.2442,54.19,0,0
43.84,19,0.0608,31.14,0,0
46.04,23,0.1559,5.29,0,0
156.3,2,0.1823,5.81,0,0
43.31,0,0.1652,15.25,0,0
74.37,11,0.3756,1.37,0,0
51.41,16,0.0862,65.35,0,0
32.65,15,0.2917,20.19,0,0
142.78,1,0.3854,17.05,0,0
119.27,18,0.2552,7.73,0,0
23.27,19,0.2934,20.19,0,0
16.11,4,0.3519,17.76,0,0
19.61,13,0.2322,1.12,1,0
27.26,13,0.0986,0.04,1,0
49.9,11,0.1426,13.63,0,0
48.75,16,0.3247,62.12,0,0
28.53,9,0.1746,73.09,0,0
16.23,2,0.258,0.6,0,0
29.71,9,0.0711,30.58,0,0
65.8,0,0.1503,37.5,0,0
48.68,19,0.206,13.29,0,0
21.89,19,0.2151,0.3,0,0
35.88,9,0.0816,6.56,0,0
24.44,18,0.0434,11.61,0,0
21.81,10,0.3093,2.78,1,0
124.44,8,0.1581,16.71,0,0
71.32,0,0.1439,2.16,0,0
77.76,21,0.1843,2.58,0,0
19.86,8,0.1158,0.3,0,0
29.76,9,0.1124,76.5,0,0
13.3,9,0.0529,19.47,0,0
25.83,7,0.5339,4.58,0,0
31.72,13,0.0467,25.59,1,0
43.31,12,0.1446,6.9,0,0
65.84,16,0.2817,12.43,0,0
49.76,14,0.1345,2.21,0,0
29.41,8,0.3149,11.27,1,0
45.02,19,0.4959,10.44,0,0
35.97,17,0.1239,15.47,0,0
34.67,3,0.3108,8.89,0,0
186.01,1,0.0887,10.36,1,0
27.46,11,0.0886,4.18,0,0
88.47,9,0.1089,1.71,0,0
76.33,22,0.2099,15.44,0,0
48.39,18,0.2852,5.34,0,0
6.66,14,0.3151,8.38,0,0
15.32,11,0.2176,22.08,0,0
45.27,1,0.1587,49.11,0,0
112.1,4,0.0848,23.69,0,0
191.61,14,0.2584,3.55,0,0
18.83,23,0.1758,12.15,0,0
15.5,1,0.0766,3.3,0,0
168.91,14,0.147,3.39,0,0
20.18,20,0.2288,23.27,1,0
54.54,6,0.3472,3.93,0,0
213.08,23,0.0427,15.4,0,0
173.08,9,0.0516,3.43,0,0
45.33,16,0.5946,12.96,0,0
95.54,14,0.1744,2.52,0,0
51.93,21,0.1488,5.12,0,0
29.42,1,0.3375,4.69,0,0
12.89,5,0.1202,11.73,0,0
44.15,6,0.0821,0.88,0,0
31.46,6,0.3852,32.88,0,0
19.65,5,0.0629,14.43,0,0
47.6,11,0.2226,21.79,0,0
53.68,12,0.3845,4.54,0,0
124.05,17,0.1065,0.58,0,0
16.16,6,0.1497,0.14,0,0
31.8,19,0.5077,16.18,0,0
49.79,14,0.1857,0.6,0,0
29.97,9,0.3143,12.42,0,0
34.18,10,0.0532,37.03,0,0
165.78,20,0.4531,9.73,0,0
13.08,6,0.1952,8.06,0,0
53.91,18,0.1235,18.47,0,0
52.97,2,0.0464,2.1,0,0
56.02,7,0.0093,5.74,0,0
72.78,6,0.3194,6.49,0,0
145.34,7,0.1502,2.92,0,0
64.34,6,0.4538,22.16,0,0
33.21,22,0.0773,7.63,0,0
146.21,4,0.0913,1.71,0,0
33.18,2,0.1068,5.59,0,0
63.59,21,0.3887,11.72,0,0
66.53,1,0.0729,15.62,1,0
61.85,4,0.1129,14.18,0,0
102.64,21,0.1057,5.47,0,0
57.25,18,0.0634,33.22,0,0
35.22,18,0.2537,17.47,1,0
31.45,22,0.389,8.16,0,0
43.17,9,0.1716,16.24,0,0
38.39,5,0.0728,5.04,0,0
68.39,16,0.1259,1.87,1,0
23.91,1,0.1968,20.96,0,0
138.14,18,0.4597,0.95,0,0
66.51,7,0.1427,28.5,0,0
55.16,16,0.2856,0.37,0,0
73.11,3,0.291,38.16,1,0
30.69,8,0.026,8.34,0,0
28.09,7,0.3125,1.63,1,0
50.92,21,0.3705,52.07,0,0
79.94,18,0.104,44.76,1,0
45.07,7,0.1125,16.81,1,0
118.95,3,0.1855,1.15,0,0
43.43,10,0.0142,5.28,1,0
16.83,11,0.0953,21.7,0,0
126.7,14,0.2111,21.75,0,0
125.81,14,0.118,1.37,0,0
51.67,19,0.2578,3.55,0,0
40.5,11,0.368,6.96,0,0
89.5,12,0.2085,7.76,0,0
14.3,13,0.1406,8.88,0,0
58.95,13,0.3281,11.08,0,0
91.03,0,0.0061,10.91,0,0
83.95,0,0.0713,1.76,0,0
157.67,18,0.0516,8.63,0,0
9.0,18,0.0889,9.02,0,0
141.97,20,0.2113,9.03,0,0
49.63,15,0.0806,21.63,0,0
83.36,22,0.2655,11.33,0,0
33.41,14,0.3401,9.59,0,0
197.05,15,0.1109,5.34,0,0
28.86,17,0.0471,16.71,0,0
64.8,23,0.2416,4.36,0,0
198.18,8,0.1481,29.04,0,0
96.19,11,0.2534,0.24,0,0
116.94,22,0.5396,2.26,0,0
26.82,7,0.2068,1.06,0,0
52.49,6,0.2444,3.34,1,0
97.25,12,0.2427,18.04,0,0
22.54,23,0.0896,15.55,0,0
48.1,9,0.1829,13.21,0,0
90.92,22,0.2108,22.2,0,0
63.62,12,0.2807,5.45,0,0
31.72,18,0.2788,9.77,1,0
24.7,19,0.1989,17.09,1,0
245.33,4,0.4036,5.97,0,0
41.76,2,0.3404,7.78,0,0
57.98,1,0.0969,14.59,0,0
46.35,23,0.1407,28.04,0,0
31.33,22,0.1581,2.59,0,0
25.26,14,0.0792,24.25,0,0
79.49,22,0.1392,0.74,0,0
19.28,7,0.1271,12.51,0,0
86.03,23,0.2003,9.03,0,0
58.72,7,0.1873,30.42,0,0
91.79,18,0.2735,8.93,0,0
45.24,18,0.3635,2.32,0,0
24.88,23,0.1256,13.96,0,0
29.36,14,0.277,1.18,0,0
117.69,20,0.2853,27.09,0,0
60.73,7,0.1248,3.24,0,0
39.14,3,0.1966,51.05,0,0
115.38,22,0.3238,70.72,0,0
22.24,12,0.1404,12.08,0,0
80.66,15,0.2231,12.53,1,0
48.66,19,0.0982,13.46,0,0
66.27,0,0.1154,5.96,0,0
89.82,1,0.36,5.15,0,0
33.46,22,0.1524,2.82,0,0
80.91,8,0.1204,2.99,0,0
39.9,21,0.1235,10.2,0,0
12.04,16,0.3299,0.02,0,0
12.33,10,0.0387,13.24,0,0
26.28,0,0.1111,1.56,0,0
17.62,14,0.3699,4.67,0,0
66.59,6,0.082,9.73,0,0
57.98,19,0.0674,8.09,0,0
40.41,21,0.2693,3.35,1,0
10.38,10,0.1162,14.62,0,0
21.52,13,0.3635,7.16,0,0
60.18,22,0.3891,10.05,0,0
74.9,3,0.1619,10.95,0,0
146.89,20,0.2004,11.26,1,0
67.64,18,0.3535,0.28,0,0
121.22,19,0.3446,7.85,0,0
60.56,20,0.1094,17.95,0,0
22.23,16,0.2209,27.49,0,0
58.28,15,0.0939,10.81,0,0
87.17,18,0.1036,38.66,1,0
96.74,21,0.1807,43.76,0,0
62.59,10,0.0732,39.8,0,0
41.77,6,0.4369,0.51,0,0
11.8,13,0.3445,2.68,1,0
49.98,17,0.3625,1.7,0,0
58.25,22,0.0672,3.61,0,0
48.76,2,0.1734,15.65,1,0
52.86,16,0.0871,4.14,0,0
23.8,0,0.1321,27.83,0,0
62.19,8,0.3774,31.59,0,0
52.62,22,0.0811,14.59,1,0
25.29,1,0.1869,4.01,0,0
35.03,15,0.0706,26.92,0,0
15.15,6,0.2458,17.47,0,0
72.24,18,0.2045,20.19,0,0
71.47,18,0.2182,4.97,0,0
723.34,8,0.8977,82.79,1,1
56.55,0,0.193,16.0,1,0
82.29,2,0.2949,9.5,0,0
52.86,11,0.3241,15.48,0,0
140.17,19,0.1968,11.59,1,0
63.31,17,0.3485,3.81,1,0
71.0,9,0.106,16.88,0,0
34.64,8,0.0621,1.05,0,0
91.24,18,0.1568,16.86,1,0
57.07,9,0.1237,1.18,0,0
72.55,15,0.0146,0.47,0,0
20.03,15,0.081,0.9,0,0
30.85,18,0.1883,9.16,0,0
9.17,11,0.0594,19.31,0,0
83.64,7,0.3384,4.21,0,0
25.67,13,0.0678,3.73,0,0
33.67,23,0.3794,13.14,0,0
27.55,21,0.3134,31.9,0,0
32.94,16,0.1774,3.67,0,0
46.43,19,0.2629,13.74,0,0
79.18,18,0.1642,21.51,0,0
19.07,2,0.2767,3.83,0,0
44.86,22,0.1683,51.53,1,0
63.55,4,0.2158,1.67,0,0
23.58,21,0.2224,3.43,0,0
108.33,1,0.1793,2.75,0,0
84.64,5,0.1287,8.35,0,0
44.28,5,0.2057,21.76,0,0
43.32,3,0.0513,10.87,0,0
76.35,14,0.1273,20.84,0,0
37.5,17,0.2339,4.37,0,0
25.88,23,0.3191,20.14,0,0
18.36,22,0.0593,121.41,0,0
40.94,3,0.2528,45.74,0,0
24.89,21,0.203,13.46,0,0
49.33,20,0.2115,26.63,0,0
15.81,3,0.1809,29.81,0,0
49.37,8,0.1958,24.49,0,0
113.9,0,0.1491,25.9,0,0
151.45,23,0.0825,4.83,1,0
79.77,14,0.2962,9.22,0,0
43.41,4,0.3874,25.38,0,0
95.28,11,0.13,9.1,0,0
118.86,7,0.3237,6.89,0,0
33.87,15,0.0613,15.57,1,0
62.48,1,0.0752,35.45,0,0
37.58,14,0.1965,11.01,0,0
23.08,15,0.3562,26.27,1,0
87.76,14,0.3597,15.01,1,0
17.51,21,0.0185,14.7,0,0
34.96,6,0.3164,1.66,0,0
41.85,0,0.1842,20.94,0,0
75.9,15,0.1005,1.12,0,0
29.1,11,0.291,7.73,0,0
52.71,14,0.2312,0.45,0,0
54.21,15,0.2985,10.64,0,0
194.13,4,0.4273,101.07,0,0
51.46,3,0.2563,3.93,0,0
33.04,17,0.1253,4.39,0,0
43.63,10,0.2109,28.72,0,0
107.23,2,0.3385,32.95,0,0
20.08,16,0.0876,22.33,0,0
25.12,3,0.0791,5.89,0,0
25.94,19,0.296,2.51,0,0
6.42,2,0.1465,4.1,0,0
80.47,5,0.203,36.35,0,0
133.66,0,0.0888,3.53,0,0
34.33,4,0.1465,35.81,0,0
26.87,7,0.1493,18.78,0,0
11.15,10,0.0581,7.8,0,0
52.59,3,0.8482,17.2,1,1
19.43,9,0.1287,7.96,0,0
53.96,19,0.2869,10.6,0,0
97.12,21,0.1798,12.17,0,0
23.34,11,0.1298,2.44,1,0
64.73,5,0.1881,1.52,0,0
27.75,6,0.0971,1.78,0,0
29.22,16,0.2214,87.41,0,0
24.93,8,0.13,7.23,0,0
61.81,15,0.2597,4.15,1,0
25.43,18,0.6741,1.06,0,0
55.75,22,0.1363,6.4,0,0
27.22,14,0.2946,12.31,0,0
177.76,18,0.1701,9.18,0,0
29.85,1,0.0137,10.18,0,0
20.37,16,0.1381,8.4,0,0
34.67,20,0.1398,16.63,0,0
27.18,19,0.2086,55.22,0,0
23.71,13,0.235,1.99,0,0
126.0,19,0.1666,8.33,0,0
107.04,17,0.1305,4.42,0,0
215.57,8,0.1797,30.33,0,0
30.98,3,0.359,9.02,0,0
87.75,11,0.0635,86.16,0,0
24.6,17,0.1452,1.26,0,0
56.99,6,0.0781,10.71,0,0
67.25,5,0.2465,16.77,0,0
58.4,14,0.2941,36.33,0,0
49.2,18,0.1913,8.02,0,0
21.36,14,0.1153,5.27,0,0
44.36,18,0.1662,4.99,0,0
47.5,8,0.2524,44.29,0,0
76.36,14,0.1779,2.6,0,0
75.51,18,0.1939,10.45,0,0
60.16,1,0.334,6.79,0,0
41.89,6,0.1779,40.92,1,0
42.89,6,0.193,10.1,1,0
28.81,6,0.1226,16.37,0,0
81.16,12,0.3308,13.87,0,0
150.87,9,0.0305,40.64,0,0
48.13,12,0.3395,15.27,0,0
22.89,17,0.2847,0.01,0,0
56.34,13,0.1448,0.75,0,0
37.72,21,0.0996,32.47,1,0
80.78,6,0.309,11.02,0,0
60.16,10,0.1307,6.81,0,0
23.65,1,0.1695,2.85,1,0
175.26,21,0.0439,16.22,0,0
34.67,19,0.4699,16.13,0,0
16.45,13,0.1,65.0,1,0
15.66,8,0.3716,18.65,0,0
51.13,3,0.1186,5.57,0,0
69.99,17,0.2281,9.36,0,0
25.49,9,0.3487,8.96,0,0
53.3,0,0.1704,9.8,0,0
70.82,16,0.0682,2.41,0,0
35.72,17,0.187,37.96,0,0
97.69,1,0.2204,1.73,0,0
38.67,13,0.0616,53.88,0,0
26.65,21,0.1107,7.53,0,0
78.01,6,0.418,1.92,0,0
20.23,17,0.1447,6.02,0,0
73.49,18,0.0872,8.93,0,0
22.76,2,0.2256,1.62,1,0
17.38,21,0.2499,9.6,0,0
35.53,0,0.2392,6.77,1,0
126.56,14,0.0874,23.13,0,0
49.93,20,0.1303,31.28,0,0
51.2,23,0.0899,12.24,1,0
126.99,3,0.1288,25.91,1,0
56.89,0,0.0678,23.37,0,0
23.26,19,0.1442,21.93,1,0
64.59,14,0.2005,4.45,0,0
20.96,6,0.1873,4.73,0,0
51.44,6,0.6883,145.74,0,1
17.86,11,0.1338,15.31,0,0
104.01,22,0.2387,3.38,0,0
264.17,12,0.0651,8.97,1,0
41.43,11,0.7408,47.42,0,1
116.43,1,0.04,25.63,0,0
290.16,8,0.2011,12.31,0,0
143.68,5,0.0809,8.08,0,0
86.76,15,0.3595,11.31,0,0
47.28,13,0.0983,0.66,0,0
54.33,13,0.0631,5.91,1,0
64.23,21,0.0443,2.01,0,0
25.69,5,0.2949,20.11,1,0
46.98,7,0.1841,57.44,0,0
27.13,6,0.0602,8.13,0,0
60.69,4,0.1113,9.3,1,0
62.44,5,0.2269,41.47,0,0
56.09,8,0.0902,14.56,0,0
92.43,23,0.0781,16.63,0,0
88.16,7,0.3322,6.32,0,0
39.11,2,0.3792,37.95,0,0
64.48,20,0.4032,11.52,0,0
47.81,18,0.1569,0.82,0,0
63.47,15,0.2721,27.74,0,0
66.37,1,0.193,0.0,1,0
62.39,10,0.3467,5.22,0,0
75.79,2,0.2537,20.06,0,0
104.46,21,0.4982,8.35,0,0
55.45,14,0.0926,17.26,0,0
22.6,12,0.5132,32.48,0,0
83.35,10,0.3264,22.34,0,0
40.9,23,0.224,3.59,1,0
15.37,11,0.1371,18.67,0,0
49.73,21,0.4093,25.03,0,0
44.22,1,0.0278,11.22,0,0
131.04,4,0.1726,1.83,0,0
39.57,5,0.3867,10.63,0,0
5.45,4,0.2217,23.63,0,0
32.16,22,0.2627,1.99,0,0
50.97,10,0.3042,13.89,0,0
23.91,12,0.3048,10.42,1,0
68.34,22,0.0551,15.64,0,0
43.74,14,0.1031,4.6,1,0
30.88,10,0.3473,0.98,0,0
42.78,22,0.2266,9.31,0,0
43.24,15,0.1429,2.16,0,0
24.04,19,0.1261,13.52,0,0
54.81,20,0.4204,2.17,0,0
35.46,22,0.4779,8.89,0,0
75.8,6,0.0391,24.34,0,0
32.68,16,0.1246,21.63,0,0
45.49,20,0.2143,2.89,0,0
36.8,11,0.3011,11.7,0,0
28.48,12,0.1841,6.31,0,0
21.79,15,0.0556,40.34,0,0
36.87,20,0.062,8.59,0,0
68.42,13,0.3219,9.28,0,0
22.69,8,0.1606,27.45,0,0
27.34,20,0.2794,5.14,0,0
62.1,13,0.2167,16.24,1,0
24.65,11,0.3397,4.71,0,0
46.62,14,0.1625,6.22,0,0
90.48,20,0.0654,14.09,1,0
14.88,14,0.1906,4.15,0,0
36.89,3,0.3178,26.24,0,0
50.89,5,0.1502,21.62,0,0
143.52,20,0.1247,13.91,0,0
129.57,12,0.2259,11.72,0,0
59.37,9,0.1712,36.93,0,0
98.42,12,0.0704,16.49,0,0
71.59,17,0.27,9.51,1,0
32.27,10,0.0803,21.7,0,0
22.06,22,0.1479,4.04,0,0
23.95,15,0.3388,3.89,0,0
16.34,15,0.2032,22.69,0,0
35.37,22,0.2634,0.53,0,0
19.89,22,0.1952,9.67,0,0
56.57,5,0.1256,3.12,1,0
83.92,21,0.1264,41.27,0,0
48.01,11,0.3737,11.15,0,0
44.19,4,0.1427,61.73,1,0
141.02,8,0.0843,24.85,0,0
51.86,11,0.2888,16.02,0,0
12.29,7,0.1282,2.35,0,0
69.98,7,0.4009,2.34,0,0
37.81,21,0.19,3.37,0,0
4.01,11,0.2645,13.49,1,0
27.26,22,0.1955,7.32,1,0
35.65,10,0.083,17.12,0,0
44.2,15,0.2058,10.59,1,0
42.4,16,0.3595,47.04,0,0
18.85,0,0.1125,55.53,0,0
137.25,3,0.2526,11.13,0,0
42.93,13,0.2773,20.73,0,0
66.71,1,0.1363,8.32,0,0
167.57,22,0.1924,19.2,0,0
144.35,3,0.0822,43.67,0,0
23.76,20,0.307,41.02,1,0
54.72,12,0.0818,9.71,0,0
18.24,13,0.1142,2.54,0,0
24.69,19,0.0477,10.55,0,0
25.46,22,0.2104,2.44,0,0
50.66,20,0.2256,20.51,0,0
48.53,7,0.1375,11.71,0,0
4.89,5,0.1291,13.19,0,0
31.96,16,0.058,16.68,0,0
234.81,19,0.3163,6.66,0,0
23.16,5,0.0301,2.03,0,0
90.7,10,0.1061,1.57,0,0
14.55,21,0.1081,17.43,0,0
44.72,8,0.1502,8.96,0,0
49.94,17,0.3606,1.0,0,0
13.74,12,0.137,7.89,0,0
18.36,17,0.4145,10.74,1,0
59.79,22,0.2298,11.3,0,0
35.4,21,0.0968,0.99,0,0
16.36,22,0.2076,42.02,0,0
13.24,8,0.0673,7.42,0,0
19.48,6,0.2001,32.69,0,0
26.98,13,0.1622,6.83,0,0
27.15,3,0.5675,16.97,0,0
106.64,1,0.1082,11.97,0,0
80.67,3,0.0726,4.93,1,0
30.41,13,0.1952,5.8,0,0
35.3,1,0.2034,3.32,0,0
50.65,3,0.0474,10.08,0,0
103.18,22,0.4121,7.08,0,0
29.29,17,0.256,0.99,0,0
16.34,7,0.2074,8.41,0,0
38.93,23,0.1894,12.35,0,0
220.58,19,0.1014,3.17,0,0
37.97,22,0.2618,7.54,0,0
32.77,9,0.2928,4.85,0,0
83.83,23,0.246,2.71,1,0
49.8,5,0.1635,17.85,0,0
49.49,22,0.1726,8.71,1,0
77.98,22,0.3113,3.29,0,0
12.48,7,0.3325,27.43,0,0
42.49,10,0.2587,4.99,0,0
53.89,4,0.2857,43.19,1,0
60.33,9,0.15,9.27,0,0
51.92,3,0.1319,11.22,0,0
65.07,1,0.2591,2.1,0,0
71.66,6,0.0527,18.24,0,0
29.91,20,0.176,9.44,0,0
33.3,13,0.5006,4.69,0,0
38.54,12,0.1705,19.0,0,0
120.33,18,0.0618,29.04,0,0
42.05,2,0.2224,1.16,0,0
59.37,20,0.1344,0.66,1,0
31.03,2,0.6024,8.62,0,0
119.29,10,0.1137,0.34,0,0
15.29,9,0.3506,3.62,0,0
48.13,7,0.0643,18.07,0,0
46.2,16,0.3571,3.62,0,0
24.26,4,0.4644,6.76,0,0
23.89,0,0.3326,51.8,0,0
52.76,8,0.3902,33.21,0,0
51.06,16,0.1357,1.29,0,0
221.71,13,0.0673,1.65,0,0
35.9,15,0.3721,4.53,0,0
18.3,7,0.248,21.08,0,0
72.57,20,0.1626,2.86,0,0
69.55,6,0.1216,29.2,1,0
38.15,5,0.0421,1.96,0,0
34.11,15,0.0561,7.79,1,0
83.5,9,0.2836,39.21,0,0
240.77,10,0.1529,3.82,1,0
25.41,11,0.0983,7.7,0,0
37.37,6,0.3915,23.46,0,0
5.86,7,0.1829,8.01,0,0
10.09,16,0.1894,22.23,0,0
173.95,1,0.2352,18.85,0,0
99.4,21,0.1245,3.5,0,0
144.26,6,0.0367,33.37,0,0
94.92,2,0.1697,4.2,0,0
21.61,1,0.2507,7.05,0,0
64.61,9,0.2017,6.17,0,0
48.33,13,0.2085,34.53,0,0
124.43,1,0.0405,19.64,1,0
90.24,23,0.2412,47.31,0,0
43.99,11,0.2644,11.44,0,0
40.28,13,0.1215,11.69,0,0
50.69,18,0.1545,12.55,0,0
22.32,5,0.0433,5.59,0,0
23.86,1,0.1384,4.34,0,0
22.98,19,0.153,12.14,0,0
59.29,18,0.1291,32.06,0,0
37.65,11,0.1405,22.18,0,0
64.4,19,0.2295,1.45,0,0
85.73,21,0.1955,9.54,1,0
16.33,6,0.666,14.1,1,0
38.41,6,0.2615,5.47,0,0
112.02,13,0.3449,34.65,0,0
46.58,20,0.2451,0.66,0,0
73.52,17,0.3402,15.22,0,0
174.45,2,0.2144,8.31,0,0
57.57,9,0.0949,14.43,0,0
29.61,1,0.0914,17.21,0,0
11.0,22,0.2321,2.49,0,0
47.05,9,0.3802,2.99,0,0
11.27,18,0.0535,11.54,0,0
37.48,10,0.0756,7.45,0,0
33.66,12,0.3657,7.36,1,0
56.27,11,0.1521,16.32,0,0
98.03,9,0.501,3.41,0,0
81.86,4,0.3716,4.35,0,0
88.61,17,0.4131,43.19,0,0
48.28,6,0.0606,6.95,0,0
68.79,3,0.0534,32.06,1,0
83.18,6,0.1142,11.02,0,0
54.14,6,0.0912,6.7,0,0
41.99,18,0.3726,84.82,0,0
32.81,19,0.2427,28.51,0,0
23.99,3,0.5761,0.74,0,0
29.69,23,0.0072,16.79,0,0
187.02,22,0.112,42.66,0,0
39.94,2,0.2015,0.06,0,0
46.9,19,0.1035,3.17,0,0
37.02,0,0.2421,0.25,0,0
85.38,11,0.1407,1.33,0,0
37.77,21,0.0492,10.94,0,0
51.91,7,0.0718,3.17,1,0
83.17,21,0.353,2.06,0,0
45.94,2,0.1882,0.84,0,0
443.61,3,0.013,3.46,0,0
73.79,12,0.4394,3.76,0,0
36.12,3,0.1834,22.93,0,0
38.96,2,0.1247,3.48,0,0
22.8,12,0.4034,14.34,0,0
35.42,17,0.098,0.73,1,0
75.76,20,0.3202,38.11,0,0
70.99,8,0.3217,9.5,0,0
27.09,22,0.2232,10.44,0,0
10.18,11,0.3726,13.06,0,0
55.89,20,0.2782,11.11,0,0
26.27,17,0.1444,34.8,0,0
27.5,0,0.2894,2.79,0,0
98.42,8,0.1069,2.07,0,0
75.63,3,0.1675,4.19,0,0
50.33,21,0.4173,22.19,0,0
22.76,20,0.0713,2.62,0,0
64.66,4,0.2357,8.55,0,0
60.79,0,0.3977,14.54,0,0
121.19,23,0.5551,2.67,0,0
48.47,22,0.1533,9.27,0,0
22.7,4,0.1591,1.57,0,0
78.95,6,0.3989,7.49,0,0
65.37,1,0.1547,55.82,0,0
17.21,4,0.192,9.97,0,0
68.63,20,0.1234,14.21,0,0
46.92,20,0.2517,6.94,0,0
41.58,1,0.3358,3.91,0,0
26.5,6,0.1185,7.95,0,0
84.48,1,0.252,13.55,0,0
23.58,17,0.1139,33.91,0,0
56.55,10,0.399,26.95,0,0
39.22,4,0.5234,0.92,0,0
36.13,16,0.12,11.46,0,0
85.63,2,0.0426,13.06,0,0
27.85,10,0.1797,6.28,0,0
17.68,19,0.1279,15.32,0,0
46.43,8,0.2706,17.84,0,0
27.85,2,0.4403,4.46,0,0
41.56,23,0.0954,45.53,0,0
37.76,20,0.1998,10.69,0,0
50.74,16,0.1378,12.32,0,0
201.7,0,0.1386,1.03,0,0
25.27,13,0.2249,39.78,0,0
33.16,12,0.1992,37.04,0,0
45.61,8,0.1802,35.2,1,0
56.38,14,0.1217,9.55,0,0
26.87,12,0.2793,40.89,0,0
15.1,19,0.2216,13.37,0,0
191.87,20,0.2847,3.09,0,0
27.06,22,0.0711,38.78,0,0
8.9,23,0.1268,47.93,1,0
15.26,2,0.2487,1.16,0,0
23.28,5,0.0903,17.27,0,0
42.82,15,0.2222,13.99,0,0
47.42,23,0.0492,7.17,1,0
17.07,22,0.3644,7.68,0,0
44.41,23,0.2059,12.48,0,0
97.09,23,0.2041,32.55,0,0
73.11,8,0.1518,11.42,0,0
29.79,13,0.0726,0.41,1,0
10.38,2,0.1774,7.81,0,0
69.96,20,0.3133,0.26,0,0
38.99,6,0.2112,7.19,1,0
48.45,12,0.15,3.46,0,0
21.56,20,0.0984,5.51,0,0
71.56,3,0.1679,2.07,0,0
63.95,2,0.061,4.7,0,0
25.49,22,0.1084,6.65,0,0
53.52,23,0.1834,3.96,0,0
103.89,21,0.0899,7.77,0,0
118.82,7,0.3026,18.91,0,0
39.59,4,0.2465,11.27,0,0
98.25,9,0.1059,3.01,0,0
61.21,5,0.3308,25.59,0,0
92.8,12,0.1854,16.44,0,0
61.16,10,0.0778,10.89,1,0
12.42,3,0.1439,0.31,0,0
98.36,4,0.3025,46.28,1,0
28.89,4,0.1536,43.79,0,0
40.81,18,0.0513,38.83,0,0
37.77,21,0.2223,8.39,0,0
84.9,0,0.2847,9.1,0,0
37.1,17,0.0594,7.16,0,0
130.6,6,0.1609,12.22,0,0
18.86,20,0.2933,55.05,0,0
42.22,19,0.171,1.7,0,0
55.29,17,0.264,27.2,0,0
104.42,15,0.1075,31.07,0,0
18.49,8,0.2077,27.14,1,0
60.71,2,0.0449,23.01,0,0
51.93,3,0.0764,18.27,0,0
14.77,14,0.0571,6.45,0,0
9.77,23,0.1767,15.54,0,0
24.28,15,0.2542,0.96,0,0
50.55,5,0.1419,7.49,0,0
167.2,4,0.2985,21.01,0,0
66.05,21,0.3227,31.14,0,0
19.71,0,0.1084,2.45,0,0
22.65,22,0.4243,44.46,0,0
64.19,20,0.0623,3.04,0,0
37.96,23,0.2691,9.82,0,0
161.41,14,0.3269,0.33,0,0
13.11,15,0.3189,37.04,0,0
13.4,9,0.4151,12.36,0,0
51.83,5,0.2075,8.14,1,0
30.61,13,0.2649,23.89,0,0
13.29,23,0.0856,1.28,1,0
18.05,18,0.0152,23.22,0,0
39.78,14,0.2243,2.59,0,0
42.49,7,0.3239,9.24,0,0
70.42,12,0.3991,22.5,0,0
57.59,11,0.3166,1.35,0,0
35.76,7,0.3082,44.13,1,0
46.7,7,0.0711,12.04,0,0
92.39,13,0.379,36.65,0,0
58.12,19,0.2638,10.14,0,0
28.47,2,0.15,22.83,0,0
75.79,20,0.1399,0.67,0,0
51.71,12,0.1031,13.59,0,0
58.52,20,0.0333,8.51,0,0
47.13,9,0.2633,8.03,0,0
22.33,9,0.2538,27.25,1,0
75.63,15,0.0819,16.18,0,0
55.83,12,0.1956,1.63,0,0
53.46,23,0.1823,35.67,0,0
14.06,13,0.2756,1.53,0,0
159.18,21,0.0764,12.42,0,0
32.67,13,0.4264,5.77,0,0
39.93,2,0.6445,34.07,0,0
12.16,18,0.1567,20.17,1,0
104.33,17,0.0829,20.85,0,0
31.72,22,0.0432,52.15,0,0
31.79,10,0.1009,14.13,1,0
44.76,11,0.1831,4.68,0,0
11.4,23,0.1758,22.82,0,0
56.7,12,0.2422,31.27,0,0
43.22,8,0.2299,11.44,1,0
51.24,7,0.0651,8.05,0,0
55.02,20,0.2436,0.02,0,0
12.29,15,0.1273,1.34,0,0
114.58,1,0.1534,3.24,0,0
50.37,10,0.0346,14.74,0,0
50.61,1,0.3545,43.06,0,0
88.66,1,0.2323,1.19,0,0
65.76,21,0.1168,0.47,0,0
31.38,9,0.3563,12.42,0,0
48.85,13,0.1991,40.35,0,0
194.64,13,0.4291,22.26,0,0
159.08,10,0.0619,8.26,0,0
26.08,16,0.2628,5.82,0,0
57.36,23,0.1265,12.27,0,0
69.29,18,0.1808,23.12,0,0
129.14,1,0.2842,5.29,0,0
70.79,5,0.1574,5.4,0,0
59.38,2,0.0318,7.77,0,0
160.05,13,0.1384,28.64,0,0
32.35,18,0.0964,1.16,0,0
58.84,13,0.336,11.77,0,0
9.98,11,0.0393,4.42,1,0
39.96,9,0.1677,2.48,0,0
34.03,18,0.3883,23.17,1,0
22.73,14,0.4958,19.89,1,0
16.9,22,0.058,54.58,0,0
250.27,6,0.2426,5.2,0,0
24.1,5,0.1525,4.15,0,0
53.62,21,0.2187,47.72,0,0
41.96,15,0.3626,3.71,0,0
50.24,20,0.064,4.14,0,0
32.79,12,0.2524,21.39,0,0
27.62,8,0.3014,6.02,0,0
88.77,18,0.1607,2.01,0,0
57.78,6,0.1538,5.31,1,0
77.55,2,0.012,16.43,0,0
76.95,20,0.0759,38.89,0,0
18.61,16,0.1419,16.81,1,0
23.49,18,0.1556,38.44,0,0
85.18,13,0.1319,0.19,0,0
69.11,1,0.2832,18.92,0,0
18.98,10,0.1829,10.09,0,0
67.44,10,0.3407,12.31,0,0
14.46,7,0.2699,18.94,0,0
32.18,22,0.5108,0.62,0,0
51.66,23,0.0509,22.76,0,0
71.22,7,0.2425,19.39,0,0
62.7,2,0.4532,7.07,0,0
6.17,20,0.2902,12.15,0,0
67.56,12,0.0886,27.33,0,0
12.83,21,0.3819,39.23,0,0
18.27,14,0.085,32.89,0,0
46.86,4,0.262,43.18,0,0
20.73,5,0.2411,6.45,0,0
138.54,4,0.3793,6.07,1,0
81.62,22,0.195,2.56,0,0
26.28,8,0.149,4.4,0,0
75.91,9,0.0717,3.84,0,0
106.72,12,0.138,0.51,0,0
61.64,21,0.353,6.15,0,0
164.06,21,0.1785,24.66,0,0
39.58,19,0.1945,77.16,0,0
103.89,13,0.2221,11.26,0,0
58.36,23,0.3115,4.08,0,0
88.21,1,0.0202,25.7,0,0
113.19,14,0.1032,35.17,0,0
64.89,21,0.2663,13.48,1,0
88.6,11,0.1006,1.63,1,0
67.76,7,0.1943,13.0,0,0
15.05,19,0.1547,4.17,0,0
47.96,5,0.2472,10.92,0,0
92.69,20,0.2467,17.63,0,0
14.93,6,0.2543,11.28,0,0
44.45,1,0.0568,2.15,0,0
31.21,23,0.3328,8.19,0,0
108.4,7,0.2101,26.37,0,0
116.81,20,0.05,1.62,0,0
161.08,17,0.1083,7.36,0,0
93.11,22,0.4157,6.84,0,0
53.64,13,0.0955,2.21,0,0
67.17,7,0.0403,23.64,0,0
30.71,10,0.2266,44.35,0,0
60.25,15,0.1039,9.46,0,0
50.6,18,0.0233,10.6,0,0
96.94,10,0.0916,21.82,0,0
35.17,22,0.1208,34.97,0,0
24.47,17,0.3253,1.36,0,0
88.3,21,0.1942,5.89,0,0
29.73,1,0.19,19.18,0,0
75.66,5,0.0913,38.34,1,0
40.52,7,0.4685,6.26,0,0
144.38,9,0.0581,19.41,0,0
31.33,15,0.2595,12.99,0,0
15.57,1,0.1564,38.36,0,0
26.48,11,0.0937,6.74,0,0
61.7,23,0.0341,24.73,1,0
39.86,16,0.2169,2.61,0,0
44.72,10,0.332,0.38,0,0
18.02,14,0.2016,1.39,0,0
217.94,22,0.3352,9.34,0,0
131.26,10,0.109,5.4,0,0
39.1,12,0.4014,59.18,0,0
15.25,7,0.2869,27.09,0,0
22.12,19,0.2573,12.51,0,0
26.84,22,0.1535,29.84,0,0
17.74,14,0.2401,24.36,1,0
70.28,14,0.2756,7.54,0,0
16.99,17,0.0542,9.59,0,0
54.79,0,0.1094,7.61,0,0
126.39,9,0.1176,7.27,0,0
43.65,12,0.2951,23.73,0,0
41.65,22,0.2448,18.61,0,0
15.32,20,0.0796,20.79,1,0
12.65,21,0.1161,1.51,0,0
43.81,13,0.1704,19.58,0,0
17.34,8,0.217,29.8,0,0
24.03,17,0.1367,2.34,0,0
37.46,19,0.4173,7.65,0,0
44.28,18,0.1897,6.2,0,0
25.48,3,0.1854,2.41,0,0
52.29,22,0.1613,5.11,0,0
28.67,6,0.1742,3.86,1,0
40.4,14,0.1959,1.64,0,0
127.3,11,0.5392,12.58,0,0
44.37,7,0.2569,2.67,0,0
17.03,3,0.1524,27.79,1,0
78.89,15,0.3627,0.74,0,0
111.11,11,0.3309,7.07,0,0
12.54,13,0.0799,8.85,0,0
71.56,12,0.4056,11.49,0,0
71.98,0,0.1459,0.03,0,0
302.94,3,0.0629,2.1,0,0
89.89,17,0.085,4.58,1,0
82.94,6,0.115,10.66,0,0
55.85,13,0.0289,11.87,0,0
40.26,9,0.2728,9.99,0,0
23.76,11,0.0367,0.82,0,0
43.05,18,0.421,42.94,0,0
46.41,6,0.1714,15.61,0,0
84.96,23,0.2365,2.21,0,0
22.09,3,0.6897,12.75,0,0
65.18,9,0.3179,3.75,0,0
33.49,18,0.1482,3.7,0,0
13.66,14,0.1069,1.94,0,0
23.11,0,0.1613,7.79,0,0
30.2,7,0.0241,25.61,1,0
59.52,10,0.2456,11.75,1,0
28.06,12,0.1288,25.57,1,0
57.14,23,0.1663,23.75,0,0
48.58,23,0.257,16.95,0,0
18.31,16,0.1011,4.47,0,0
92.73,15,0.2543,7.94,0,0
40.85,18,0.0751,28.01,0,0
48.2,2,0.0934,29.58,0,0
191.65,14,0.2184,22.77,0,0
32.12,4,0.0634,6.06,0,0
147.28,20,0.366,15.87,0,0
21.96,19,0.245,5.26,0,0
45.81,12,0.0904,9.98,0,0
44.51,9,0.4538,5.76,0,0
317.92,3,0.0664,17.33,0,0
70.58,8,0.0872,24.18,0,0
45.39,3,0.0445,11.5,0,0
41.55,4,0.4168,0.25,0,0
110.89,11,0.2829,0.18,0,0
36.9,8,0.043,25.49,0,0
49.97,11,0.1286,1.42,0,0
75.85,18,0.1957,20.08,0,0
47.93,0,0.09,5.28,0,0
57.84,20,0.3768,0.23,0,0
104.09,3,0.1633,22.12,0,0
40.76,23,0.167,17.79,0,0
43.28,11,0.0906,7.03,0,0
46.97,21,0.1194,2.44,0,0
54.24,22,0.2904,1.28,0,0
21.51,0,0.2352,0.14,0,0
29.91,11,0.1692,10.13,0,0
61.67,20,0.0734,6.74,1,0
218.13,17,0.1086,31.85,0,0
18.15,16,0.1711,11.55,0,0
34.74,3,0.3759,17.53,0,0
35.26,12,0.2399,12.29,0,0
32.24,11,0.1926,6.59,0,0
54.1,15,0.1893,2.24,0,0
56.91,12,0.1675,16.6,0,0
12.21,21,0.0165,0.48,0,0
31.49,13,0.65,28.73,0,0
10.55,20,0.0705,45.49,0,0
79.06,18,0.2818,1.22,0,0
16.2,5,0.2043,21.34,0,0
36.19,1,0.0751,12.63,0,0
36.95,17,0.0699,8.99,0,0
89.74,0,0.0862,44.07,0,0
50.6,6,0.2138,26.57,0,0
107.62,2,0.1405,1.09,0,0
30.71,4,0.1014,6.19,0,0
309.44,17,0.0984,1.38,0,0
61.21,20,0.344,13.46,1,0
70.75,7,0.272,23.88,0,0
50.43,0,0.2778,4.52,1,0
52.12,20,0.1246,0.21,0,0
48.63,21,0.317,38.55,0,0
9.11,18,0.1229,11.29,0,0
105.26,0,0.0723,17.02,0,0
53.26,9,0.1237,8.13,0,0
27.25,8,0.2978,8.92,0,0
49.04,23,0.0881,6.37,0,0
164.76,20,0.1398,20.67,0,0
14.4,5,0.2503,7.9,0,0
108.12,22,0.1475,16.37,0,0
55.62,5,0.1857,0.09,0,0
114.16,9,0.3831,11.24,0,0
23.75,1,0.162,23.33,0,0
33.37,4,0.1648,1.18,0,0
124.36,20,0.2499,21.51,0,0
32.96,2,0.0182,20.83,1,0
54.77,22,0.2234,17.82,0,0
55.22,3,0.4278,5.57,0,0
31.19,6,0.1617,11.69,0,0
79.5,19,0.1986,12.17,1,0
37.97,2,0.2047,23.64,0,0
65.25,9,0.202,15.94,0,0
11.92,14,0.1459,130.14,0,0
69.78,11,0.2075,16.0,0,0
40.93,6,0.1647,4.91,0,0
43.37,10,0.0583,11.03,0,0
28.58,11,0.0934,0.18,0,0
64.25,1,0.2303,0.72,0,0
44.47,16,0.2324,12.4,0,0
49.43,10,0.2629,19.26,0,0
42.31,5,0.1883,6.39,0,0
27.76,1,0.4043,12.2,1,0
62.2,21,0.066,0.89,0,0
16.79,10,0.14,32.97,0,0
47.79,4,0.4346,4.53,0,0
34.74,11,0.0467,0.38,1,0
28.26,5,0.082,13.86,0,0
60.29,19,0.2119,27.08,0,0
51.27,18,0.0521,0.91,0,0
58.38,0,0.047,38.12,0,0
22.86,3,0.0494,0.92,0,0
65.16,23,0.2564,1.64,0,0
7.08,21,0.0222,3.66,0,0
89.24,9,0.0691,21.01,0,0
10.61,6,0.2328,0.24,0,0
65.76,14,0.256,30.67,0,0
142.14,20,0.1654,3.28,0,0
65.96,13,0.1613,8.73,0,0
25.54,23,0.0473,19.31,0,0
76.43,20,0.0353,7.01,0,0
101.27,5,0.1724,16.18,0,0
66.97,3,0.0643,1.89,0,0
62.24,23,0.18,31.04,1,0
23.16,23,0.2534,10.56,0,0
73.04,14,0.1211,11.11,1,0
96.17,12,0.16,12.03,0,0
57.01,8,0.2455,14.01,0,0
90.58,6,0.1639,32.01,0,0
84.79,23,0.3325,16.22,0,0
33.65,4,0.0487,3.5,1,0
48.17,17,0.0466,5.83,0,0
29.37,5,0.1151,6.89,0,0
105.44,9,0.1374,23.72,0,0
27.43,11,0.2976,1.14,0,0
16.73,4,0.1171,5.42,0,0
18.51,23,0.2587,7.79,0,0
22.84,19,0.0717,7.12,0,0
26.06,12,0.3244,2.22,1,0
81.22,0,0.3795,0.41,0,0
39.39,14,0.2477,13.31,1,0
76.24,21,0.1776,15.69,0,0
39.33,13,0.0776,8.26,0,0
6.56,10,0.1385,26.41,0,0
34.3,23,0.306,22.8,1,0
124.21,19,0.2272,20.78,0,0
27.18,10,0.1108,21.88,0,0
34.82,22,0.1847,23.74,0,0
28.9,18,0.0379,10.84,0,0
87.21,19,0.1872,35.21,0,0
36.55,2,0.1023,21.27,1,0
87.7,14,0.3325,39.53,0,0
15.78,2,0.1028,12.68,0,0
115.56,13,0.8381,38.54,1,1
30.44,12,0.2397,8.94,0,0
38.01,11,0.1094,29.44,0,0
40.93,12,0.2754,8.82,0,0
36.44,9,0.0301,14.24,0,0
35.08,22,0.1557,38.14,0,0
79.39,2,0.638,3.17,0,0
114.51,15,0.259,1.63,0,0
35.03,0,0.1789,15.23,0,0
24.04,12,0.2844,16.97,0,0
81.65,17,0.2877,9.11,1,0
44.13,19,0.2006,6.89,1,0
50.16,14,0.1554,3.35,0,0
129.3,6,0.0538,3.9,0,0
36.1,17,0.1824,13.13,0,0
25.34,23,0.1213,3.18,0,0
46.63,1,0.1743,14.79,0,0
64.44,0,0.352,16.51,0,0
54.55,22,0.0818,15.46,0,0
54.16,3,0.2102,12.79,0,0
72.8,1,0.0229,10.28,1,0
36.52,4,0.197,27.05,0,0
88.19,3,0.2158,1.99,0,0
21.45,1,0.3899,25.82,0,0
27.19,21,0.1236,20.23,0,0
48.46,19,0.3029,0.65,0,0
17.1,19,0.0009,5.48,0,0
47.21,11,0.4784,5.52,0,0
11.83,19,0.2844,15.94,0,0
71.2,3,0.1636,3.29,0,0
67.15,20,0.1294,4.6,0,0
35.09,8,0.0762,10.7,0,0
29.51,6,0.1102,17.73,0,0
35.13,6,0.0459,6.55,1,0
109.64,4,0.1733,12.25,0,0
33.23,6,0.2285,20.68,0,0
48.8,4,0.2818,28.95,0,0
61.96,23,0.2262,47.07,0,0
46.8,16,0.1146,4.74,0,0
15.06,7,0.07,0.82,0,0
37.07,0,0.0149,0.56,1,0
51.17,13,0.1323,13.12,0,0
44.56,6,0.2239,24.58,0,0
38.51,0,0.0211,22.49,0,0
34.04,10,0.1478,6.75,0,0
10.95,13,0.2127,39.56,0,0
41.77,0,0.1235,7.27,0,0
58.01,4,0.2979,8.76,0,0
107.76,19,0.0753,14.23,0,0
26.51,18,0.2097,31.25,0,0
62.25,0,0.0526,2.26,0,0
16.46,7,0.1946,13.79,0,0
110.27,0,0.0841,35.77,1,0
31.97,16,0.3772,7.32,0,0
140.26,8,0.1887,0.3,0,0
55.73,2,0.3779,10.41,0,0
35.47,13,0.2671,13.67,0,0
44.72,2,0.0491,0.63,0,0
24.22,14,0.2486,6.61,0,0
139.91,18,0.3084,8.38,0,0
58.15,3,0.0982,31.15,0,0
37.84,19,0.1271,6.94,0,0
99.76,23,0.0918,40.82,0,0
103.51,5,0.5765,19.33,0,0
46.09,2,0.1596,14.88,0,0
23.1,13,0.2303,3.31,0,0
94.48,14,0.274,22.23,0,0
38.45,10,0.3619,29.5,0,0
52.09,7,0.1897,9.35,0,0
59.28,6,0.1439,27.62,0,0
21.05,20,0.2362,14.12,0,0
28.52,22,0.11,35.62,0,0
57.59,18,0.2213,14.19,0,0
57.99,5,0.2079,62.99,0,0
153.25,12,0.2137,18.2,0,0
63.95,2,0.2436,7.31,0,0
37.17,20,0.2794,16.83,0,0
22.75,14,0.0371,62.55,1,0
33.83,14,0.2895,10.45,0,0
48.7,0,0.1507,5.34,1,0
37.73,2,0.4861,81.29,0,0
43.71,12,0.1217,26.62,0,0
70.1,7,0.0716,9.27,0,0
30.1,22,0.5556,13.14,0,0
95.14,1,0.1669,13.38,0,0
22.54,15,0.0413,0.64,1,0
21.52,14,0.2291,0.51,0,0
90.97,7,0.0133,17.16,0,0
242.67,2,0.5448,32.44,0,1
66.81,7,0.1371,5.43,0,0
13.51,17,0.1779,7.68,0,0
24.91,23,0.2653,48.35,0,0
50.69,12,0.0953,4.37,0,0
4.71,15,0.5571,19.19,0,0
62.01,12,0.0914,29.07,1,0
17.25,21,0.0896,85.18,0,0
11.09,23,0.0638,16.23,0,0
49.94,20,0.2231,2.25,0,0
44.21,3,0.3264,8.82,0,0
89.7,5,0.2764,27.88,0,0
321.1,3,0.8967,66.66,1,1
34.56,11,0.1427,5.67,0,0
51.16,4,0.2686,1.82,1,0
17.13,7,0.2745,4.64,0,0
86.92,1,0.3788,2.64,0,0
28.7,19,0.2504,36.35,0,0
144.47,12,0.0609,23.29,1,0
40.17,6,0.0124,16.01,0,0
57.85,17,0.1719,13.03,0,0
19.67,20,0.0437,15.5,0,0
44.3,14,0.0867,6.97,1,0
65.9,14,0.1449,25.88,0,0
30.88,0,0.1186,14.04,0,0
75.26,14,0.1132,3.03,0,0
33.29,3,0.1745,11.47,0,0
31.38,7,0.3538,15.63,1,0
55.32,11,0.0926,2.68,0,0
19.96,17,0.2046,6.69,0,0
63.13,16,0.0548,0.37,0,0
87.55,12,0.1078,13.81,0,0
60.04,18,0.1714,0.69,0,0
66.44,9,0.2233,8.9,0,0
83.81,20,0.348,36.08,0,0
17.83,8,0.1182,7.13,0,0
34.48,5,0.0901,25.74,0,0
51.92,23,0.0236,9.25,0,0
68.26,16,0.3813,59.93,0,0
17.38,11,0.3097,1.06,0,0
21.76,16,0.354,11.8,1,0
26.28,13,0.1502,12.53,0,0
30.74,11,0.2487,22.71,0,0
16.77,6,0.2767,66.03,0,0
15.24,17,0.3616,7.07,0,0
79.17,18,0.2059,12.06,0,0
57.24,8,0.2146,6.04,0,0
49.18,7,0.1688,39.15,1,0
22.77,5,0.2958,8.99,1,0
19.37,18,0.0711,7.86,1,0
28.65,23,0.1202,6.23,1,0
47.9,4,0.0984,5.43,1,0
32.62,7,0.3187,14.01,0,0
49.05,8,0.1251,15.93,0,0
94.73,4,0.1472,15.77,0,0
27.27,9,0.1408,3.11,0,0
88.98,5,0.0661,4.92,0,0
12.33,5,0.5457,13.31,0,0
32.87,6,0.304,14.46,0,0
57.19,8,0.1734,3.74,0,0
88.05,9,0.069,5.11,0,0
52.17,5,0.2207,4.17,0,0
42.75,22,0.1569,4.36,0,0
50.48,11,0.2479,25.46,0,0
69.5,0,0.2569,4.04,0,0
44.9,16,0.0511,2.49,0,0
53.57,10,0.1108,10.86,0,0
20.61,3,0.1493,8.69,0,0
15.3,7,0.3885,4.84,0,0
66.14,15,0.0663,1.72,0,0
51.59,18,0.274,14.99,0,0
22.99,19,0.0247,22.07,0,0
72.66,23,0.1374,24.55,0,0
70.07,19,0.0303,7.5,0,0
51.03,20,0.0679,19.2,0,0
6.96,3,0.1103,31.76,0,0
104.02,21,0.1926,3.61,0,0
33.82,12,0.3021,10.32,0,0
30.07,9,0.0879,8.7,0,0
68.54,14,0.2011,5.55,0,0
55.7,7,0.1275,0.1,0,0
36.76,1,0.3151,2.22,0,0
21.03,4,0.242,10.49,0,0
23.15,19,0.2875,16.46,0,0
128.18,18,0.2489,1.4,0,0
32.72,10,0.0794,8.59,0,0
73.54,18,0.0944,7.26,0,0
35.0,22,0.4097,5.34,0,0
62.48,22,0.2263,17.44,0,0
33.35,1,0.0849,5.18,0,0
29.68,17,0.0828,4.46,1,0
51.12,13,0.2255,20.06,0,0
20.64,0,0.2064,1.43,0,0
134.87,9,0.1801,3.4,0,0
30.77,23,0.1649,30.34,0,0
42.27,1,0.4904,9.87,0,0
55.4,16,0.1056,11.15,1,0
81.49,6,0.0925,1.7,0,0
83.52,4,0.0863,3.88,0,0
94.65,13,0.1825,6.25,0,0
71.84,12,0.1743,42.23,0,0
77.59,2,0.4486,2.08,0,0
40.7,13,0.2801,5.38,0,0
51.45,12,0.0552,0.53,0,0
12.09,20,0.2128,18.01,0,0
23.68,20,0.3238,59.75,0,0
69.09,15,0.2167,10.56,0,0
168.3,9,0.2977,8.35,0,0
115.76,7,0.4191,4.71,0,0
96.56,1,0.225,17.01,0,0
57.01,0,0.1,30.64,0,0
11.28,2,0.1446,2.71,0,0
66.38,2,0.0803,15.18,0,0
37.61,6,0.0891,10.55,0,0
33.56,1,0.1073,2.06,0,0
8.5,12,0.1123,15.39,0,0
107.22,5,0.4593,18.64,0,0
64.17,14,0.0179,4.5,0,0
33.68,5,0.2949,2.53,0,0
47.18,12,0.2447,6.04,0,0
48.95,17,0.1107,9.81,0,0
23.77,5,0.2791,6.27,1,0
31.73,15,0.1119,0.65,0,0
37.81,3,0.3135,86.28,0,0
63.97,4,0.1605,12.27,0,0
39.89,7,0.262,28.33,0,0
50.0,22,0.0919,0.85,0,0
66.62,11,0.0592,1.05,0,0
63.52,10,0.0488,2.82,1,0
55.53,7,0.3339,13.18,0,0
69.43,13,0.2029,0.6,1,0
72.81,17,0.0907,16.01,0,0
37.79,18,0.0511,1.0,0,0
12.23,6,0.319,5.65,0,0
59.76,15,0.3717,51.36,0,0
18.73,21,0.0638,8.37,0,0
53.38,15,0.2077,6.97,0,0
31.14,11,0.1198,6.61,0,0
11.85,1,0.3628,2.83,0,0
38.28,22,0.1936,11.44,0,0
30.79,23,0.271,3.49,0,0
138.79,22,0.1918,19.91,0,0
26.5,1,0.0439,23.6,1,0
90.51,15,0.1102,8.71,0,0
154.69,21,0.2746,1.29,0,0
31.82,6,0.1798,13.31,0,0
38.0,6,0.3918,1.88,0,0
19.43,16,0.179,5.96,0,0
26.92,15,0.1945,0.73,0,0
82.82,19,0.0189,10.02,0,0
41.27,16,0.2254,1.25,0,0
183.07,23,0.8197,115.87,1,1
54.8,21,0.0383,2.17,0,0
20.78,8,0.0226,23.89,0,0
63.41,2,0.0079,15.11,0,0
13.99,12,0.2303,26.18,0,0
51.38,17,0.203,24.43,0,0
126.88,4,0.1439,1.91,0,0
36.52,12,0.3144,33.01,0,0
52.96,3,0.4945,1.78,1,0
32.56,17,0.1585,21.75,0,0
8.14,15,0.0942,5.85,0,0
27.26,19,0.2335,2.47,0,0
43.05,7,0.0349,6.36,0,0
35.62,23,0.5475,12.84,0,0
91.74,8,0.244,12.53,0,0
47.13,20,0.1801,2.89,0,0
21.05,6,0.0402,10.76,0,0
55.17,21,0.2258,26.33,0,0
29.05,14,0.1183,15.28,1,0
20.5,8,0.4554,7.25,0,0
33.1,17,0.3513,12.59,0,0
130.68,6,0.1514,6.53,0,0
21.07,6,0.1813,2.1,0,0
126.25,9,0.0609,12.11,0,0
107.28,3,0.1268,15.86,0,0
165.21,9,0.5552,22.38,0,0
83.51,8,0.1519,6.78,0,0
41.67,20,0.0105,3.92,0,0
12.08,21,0.1639,46.13,0,0
89.12,14,0.1519,3.41,0,0
146.22,17,0.2197,0.05,0,0
35.71,11,0.0826,50.92,1,0
50.44,0,0.1426,4.7,0,0
121.19,13,0.04,17.8,0,0
57.94,9,0.0466,24.04,0,0
16.8,21,0.3503,9.49,0,0
60.21,7,0.2415,17.96,0,0
32.73,12,0.1616,4.29,0,0
27.05,9,0.3682,0.05,0,0
62.93,6,0.2788,20.89,0,0
21.5,3,0.1588,28.96,0,0
31.21,8,0.1464,6.23,1,0
23.7,19,0.4526,55.9,0,0
87.78,1,0.2582,24.86,0,0
29.54,20,0.0839,4.05,0,0
114.27,9,0.7522,230.62,0,1
22.88,1,0.4241,4.29,0,0
29.7,13,0.0646,13.96,0,0
38.38,15,0.1295,2.94,0,0
99.18,16,0.3523,1.26,0,0
58.62,7,0.0715,15.06,0,0
28.15,1,0.1853,64.4,0,0
28.53,9,0.0901,3.15,0,0
103.56,10,0.1052,14.74,0,0
91.7,17,0.0347,10.35,0,0
248.73,10,0.4288,11.73,0,0
46.82,15,0.0772,72.69,0,0
7.54,3,0.3649,25.07,0,0
40.78,14,0.0897,1.15,0,0
26.99,16,0.1049,16.53,0,0
29.44,20,0.09,1.6,1,0
76.45,19,0.487,6.18,0,0
44.2,0,0.1147,2.96,0,0
125.41,4,0.2518,57.01,0,0
102.27,20,0.1409,4.48,0,0
33.29,11,0.2809,0.5,0,0
146.94,6,0.0825,3.11,0,0
12.13,17,0.2677,17.59,0,0
34.28,4,0.178,6.18,0,0
40.88,18,0.0935,26.56,0,0
50.25,9,0.1763,9.22,0,0
72.28,0,0.2296,46.13,0,0
22.21,9,0.0432,7.23,0,0
162.57,10,0.1593,22.12,0,0
92.32,21,0.121,12.71,0,0
189.06,19,0.1233,24.98,0,0
122.05,19,0.2451,16.44,1,0
49.84,0,0.1113,43.83,0,0
54.66,14,0.2046,6.33,0,0
32.52,23,0.2389,5.28,0,0
29.85,17,0.2362,18.13,0,0
21.68,21,0.1005,2.05,0,0
37.76,19,0.1941,0.74,0,0
147.45,14,0.1909,13.11,1,0
43.72,4,0.175,15.42,0,0
4.9,18,0.1799,4.48,0,0
73.59,20,0.1796,4.05,0,0
56.91,0,0.4362,11.56,0,0
69.27,21,0.8605,76.22,1,1
26.83,11,0.1516,11.68,0,0
15.31,6,0.0366,25.55,1,0
96.14,7,0.1793,1.26,0,0
228.2,0,0.1768,35.41,0,0
10.24,8,0.3591,7.87,0,0
72.82,14,0.2471,13.81,0,0
126.62,9,0.4381,31.93,0,0
47.32,0,0.2238,19.02,0,0
83.32,0,0.0666,6.36,0,0
36.6,3,0.124,2.84,0,0
56.01,1,0.1097,38.21,0,0
44.92,6,0.0969,4.12,0,0
45.47,7,0.0625,6.79,0,0
23.05,1,0.2679,1.17,0,0
22.59,13,0.2997,12.16,0,0
33.72,0,0.513,8.95,0,0
35.21,15,0.2269,59.26,0,0
24.54,12,0.0574,0.08,0,0
62.34,0,0.0931,18.94,0,0
33.26,9,0.261,39.15,0,0
34.17,13,0.2085,6.98,0,0
94.16,19,0.2102,19.89,0,0
61.64,19,0.1393,6.06,0,0
55.23,3,0.5312,29.55,0,0
186.12,13,0.2598,1.93,0,0
28.21,17,0.2179,12.05,0,0
73.44,23,0.038,0.5,0,0
46.71,10,0.2967,38.16,0,0
43.15,18,0.2595,4.19,0,0
169.54,8,0.2658,36.33,0,0
9.85,22,0.1811,41.81,1,0
64.23,19,0.244,2.66,0,0
56.59,7,0.4085,28.51,0,0
129.56,15,0.0806,12.52,0,0
9.37,20,0.0207,2.39,0,0
107.21,15,0.1874,2.58,0,0
117.93,1,0.3522,1.24,0,0
84.58,22,0.2948,7.56,0,0
22.89,21,0.3103,6.17,0,0
44.28,20,0.4088,16.24,0,0
74.8,8,0.907,106.11,1,1
18.34,21,0.2591,14.6,0,0
15.12,18,0.1727,1.72,0,0
96.29,4,0.1505,6.35,0,0
41.11,23,0.1767,8.06,1,0
59.84,17,0.1798,10.8,1,0
22.16,18,0.4197,20.84,0,0
65.65,23,0.4616,9.0,1,0
13.05,23,0.0412,18.74,1,0
112.23,10,0.0959,10.6,0,0
20.17,10,0.041,14.83,0,0
73.87,8,0.2116,29.81,0,0
8.6,22,0.3635,33.49,0,0
12.65,5,0.2359,4.1,0,0
17.91,22,0.0721,4.47,0,0
41.98,0,0.3492,0.39,0,0
35.35,9,0.0536,33.47,0,0
47.69,13,0.0734,10.07,0,0
22.08,20,0.1219,7.15,0,0
4.0,3,0.0909,5.04,0,0
39.11,22,0.0757,44.01,0,0
62.51,16,0.1333,24.68,0,0
112.78,11,0.3021,18.68,0,0
29.46,8,0.344,3.4,1,0
76.7,12,0.1889,15.28,0,0
64.23,6,0.1519,20.12,0,0
68.29,3,0.2742,5.37,0,0
60.28,19,0.3786,4.54,0,0
107.48,11,0.2113,5.31,0,0
34.13,6,0.1184,18.19,0,0
56.13,3,0.0686,8.42,0,0
17.63,0,0.3718,33.37,0,0
40.59,6,0.0492,0.2,0,0
51.95,14,0.2534,0.87,0,0
38.87,13,0.1492,23.48,0,0
85.17,9,0.1209,2.15,0,0
86.79,18,0.2235,11.04,0,0
43.03,10,0.122,38.41,0,0
90.6,18,0.4746,32.86,0,0
55.31,18,0.0859,4.57,0,0
14.84,14,0.1576,0.29,0,0
140.09,3,0.2955,11.77,0,0
128.73,5,0.0615,22.54,0,0
56.86,21,0.4024,6.09,0,0
68.68,12,0.3497,9.29,0,0
100.74,10,0.4964,19.01,0,0
36.67,10,0.3737,5.0,0,0
30.38,1,0.2506,13.72,0,0
83.71,2,0.2556,21.92,0,0
62.97,23,0.109,23.54,1,0
125.12,21,0.2213,40.24,0,0
138.81,3,0.0686,19.55,0,0
170.39,2,0.2294,14.22,0,0
35.19,18,0.0939,26.25,0,0
53.72,16,0.0636,20.1,0,0
115.6,2,0.1182,0.0,0,0
23.88,10,0.1064,9.99,0,0
20.39,0,0.312,56.31,0,0
90.65,1,0.2724,5.05,1,0
45.9,23,0.1292,19.27,0,0
20.85,8,0.123,2.77,1,0
30.99,0,0.1585,11.16,1,0
29.85,23,0.0743,7.5,1,0
38.84,10,0.5059,12.04,0,0
52.55,23,0.139,6.54,0,0
23.25,14,0.336,1.2,0,0
23.65,5,0.2653,21.32,0,0
39.88,22,0.3735,21.47,0,0
66.13,3,0.161,8.1,0,0
174.15,7,0.1917,0.01,0,0
131.58,1,0.1228,64.51,0,0
26.22,10,0.2601,5.8,0,0
43.57,22,0.0831,18.6,0,0
41.2,6,0.1395,12.54,0,0
25.02,17,0.1363,10.01,0,0
58.57,22,0.2253,2.07,0,0
42.33,23,0.1066,9.92,0,0
193.5,20,0.1706,3.35,0,0
31.0,18,0.2942,23.95,0,0
49.53,3,0.1032,0.09,0,0
117.28,19,0.2497,1.67,0,0
69.65,7,0.2559,19.47,0,0
53.42,17,0.0591,60.61,0,0
41.22,12,0.0898,3.27,0,0
71.32,19,0.4029,0.66,0,0
222.96,19,0.1708,34.83,0,0
24.8,17,0.2342,1.08,0,0
67.48,7,0.0735,14.2,0,0
52.34,0,0.1268,12.46,0,0
25.38,22,0.3361,19.78,0,0
25.87,11,0.1031,6.59,0,0
4.57,12,0.3324,8.29,0,0
142.16,22,0.2136,1.43,0,0
40.73,20,0.265,5.63,0,0
64.49,12,0.1566,19.66,0,0
15.93,1,0.1182,19.06,0,0
6.55,12,0.2381,2.18,0,0
123.18,17,0.5776,28.65,0,0
12.54,4,0.3896,17.23,0,0
986.95,7,0.7899,73.99,1,1
28.51,20,0.1708,3.94,0,0
7.83,12,0.2295,2.37,0,0
146.51,8,0.1763,11.51,0,0
40.49,10,0.3965,16.04,0,0
19.7,11,0.2092,5.64,0,0
50.23,11,0.2714,20.65,0,0
71.28,3,0.1475,20.82,0,0
86.7,16,0.2834,9.24,0,0
56.29,1,0.0988,6.24,0,0
13.04,10,0.1352,0.11,0,0
31.98,20,0.2418,12.66,0,0
24.89,20,0.251,18.09,0,0
39.4,20,0.0926,24.87,0,0
18.87,9,0.4862,5.98,0,0
32.26,23,0.0961,13.95,0,0
159.48,2,0.2952,7.14,0,0
115.66,0,0.3067,24.18,0,0
137.4,6,0.1609,6.84,0,0
37.69,2,0.1876,25.04,0,0
49.39,21,0.1771,1.22,0,0
31.71,4,0.3169,10.77,0,0
143.88,7,0.2938,53.34,0,0
36.12,20,0.0463,2.72,0,0
33.52,19,0.2521,14.71,0,0
356.7,20,0.0814,4.68,0,0
27.75,5,0.1329,12.77,1,0
61.95,11,0.2918,6.02,0,0
31.72,16,0.2483,45.02,0,0
64.2,20,0.3184,7.71,0,0
44.76,6,0.3156,55.8,0,0
20.89,10,0.1973,18.44,0,0
282.81,10,0.0893,8.59,0,0
94.43,10,0.3032,10.76,0,0
120.24,16,0.1768,29.37,0,0
69.67,20,0.1526,3.02,0,0
39.34,17,0.142,9.79,0,0
18.67,8,0.2603,28.61,0,0
60.06,16,0.106,32.08,0,0
41.06,22,0.4556,11.67,0,0
83.94,20,0.2029,10.8,1,0
177.17,16,0.2322,34.44,1,0
27.11,8,0.3336,13.79,0,0
26.33,4,0.2431,42.77,0,0
11.82,2,0.3199,8.36,0,0
34.17,23,0.4321,3.32,1,0
86.71,9,0.1716,7.69,0,0
22.56,8,0.0868,18.46,1,0
21.18,13,0.119,3.0,0,0
59.91,15,0.3449,6.29,0,0
27.93,3,0.2011,6.48,0,0
34.27,23,0.1557,7.48,1,0
46.39,5,0.553,9.17,0,0
69.74,3,0.207,94.63,0,0
85.82,15,0.2961,22.0,0,0
57.1,17,0.4147,31.65,0,0
28.99,10,0.3788,20.78,0,0
35.84,15,0.3019,27.51,0,0
21.89,7,0.2693,12.4,0,0
44.96,21,0.2792,1.66,0,0
46.08,14,0.1233,13.68,0,0
143.86,11,0.4283,3.32,0,0
22.2,9,0.0869,12.81,0,0
84.41,1,0.0934,4.19,0,0
42.41,20,0.2048,16.99,0,0
136.16,9,0.3236,24.94,0,0
47.84,0,0.1625,9.0,0,0
32.35,4,0.0768,22.31,0,0
55.27,0,0.0874,115.03,0,0
68.61,17,0.2467,7.47,0,0
66.78,6,0.5937,15.58,0,0
91.28,15,0.1245,2.13,0,0
69.31,23,0.0555,7.0,0,0
20.83,15,0.0347,12.38,0,0
119.68,1,0.1954,9.65,0,0
21.88,14,0.0917,28.41,0,0
42.03,21,0.1189,10.61,0,0
36.5,15,0.1336,30.56,0,0
60.49,20,0.0793,30.88,1,0
50.6,22,0.1442,28.47,0,0
65.05,16,0.5609,32.19,0,0
68.63,14,0.2697,32.28,1,0
52.57,4,0.3829,17.89,0,0
101.28,22,0.1956,10.25,1,0
50.12,5,0.143,28.69,0,0
53.29,6,0.1683,33.35,0,0
39.35,10,0.1779,20.52,0,0
43.81,22,0.2443,3.22,0,0
28.6,12,0.0205,6.69,0,0
30.19,5,0.2862,0.81,0,0
39.28,5,0.0745,10.36,0,0
121.96,3,0.5938,2.26,0,0
136.43,22,0.0481,4.98,0,0
43.36,6,0.2779,0.71,0,0
112.73,3,0.3907,5.31,0,0
107.03,10,0.131,24.74,0,0
51.14,12,0.0203,2.86,0,0
24.78,23,0.3398,29.18,0,0
173.34,5,0.1549,8.79,0,0
38.07,18,0.3076,19.5,0,0
37.39,22,0.1375,1.96,0,0
64.8,1,0.3962,3.5,0,0
39.25,4,0.1871,7.25,1,0
36.9,7,0.1716,63.31,0,0
44.77,11,0.0714,1.61,0,0
19.95,7,0.1786,9.7,0,0
24.63,19,0.3754,33.64,0,0
70.76,1,0.2713,1.93,0,0
65.66,19,0.5074,43.72,0,0
53.96,19,0.121,6.19,0,0
29.81,15,0.0966,10.23,0,0
25.99,20,0.2003,0.84,0,0
111.79,13,0.2651,2.68,0,0
10.63,19,0.3298,43.5,0,0
32.8,20,0.3912,13.42,1,0
75.63,9,0.0362,3.2,1,0
106.19,2,0.1191,1.39,0,0
60.33,17,0.0947,19.66,0,0
65.88,8,0.4194,8.33,0,0
46.02,7,0.0787,5.0,1,0
32.04,3,0.1324,5.8,0,0
26.76,6,0.0349,21.75,1,0
84.06,18,0.2306,1.86,0,0
74.57,1,0.4293,1.33,0,0
59.2,1,0.0912,14.08,0,0
36.77,18,0.315,25.74,0,0
19.64,13,0.1436,13.59,0,0
44.55,14,0.092,3.59,0,0
132.27,21,0.0837,28.42,0,0
108.47,21,0.0612,12.07,0,0
161.32,17,0.1157,37.76,0,0
40.32,22,0.1161,6.66,0,0
22.38,15,0.0809,3.8,0,0
57.93,12,0.1995,8.26,0,0
32.78,14,0.193,15.57,1,0
13.54,2,0.272,10.62,0,0
69.97,22,0.3979,20.74,0,0
28.59,19,0.07,0.24,0,0
28.42,18,0.3284,19.63,0,0
60.51,1,0.3231,5.38,0,0
16.97,17,0.61,12.2,0,0
40.24,21,0.2466,7.5,0,0
54.73,20,0.1956,35.5,0,0
151.8,2,0.0546,23.4,0,0
40.83,7,0.2248,34.45,0,0
73.54,11,0.2173,29.12,0,0
20.51,0,0.0476,22.21,0,0
44.73,0,0.2455,22.34,0,0
79.06,10,0.0714,28.24,1,0
29.53,12,0.2193,35.3,0,0
16.67,13,0.4108,0.68,0,0
29.97,7,0.1642,17.02,0,0
22.12,22,0.396,11.39,0,0
318.71,21,0.2627,46.28,0,0
19.7,2,0.1364,13.59,0,0
79.54,21,0.3245,5.39,0,0
21.06,10,0.2002,41.84,0,0
63.53,11,0.1483,4.78,0,0
117.3,9,0.0155,1.25,1,0
21.86,15,0.1166,1.95,0,0
51.08,3,0.1116,6.27,0,0
97.01,23,0.2115,16.71,0,0
63.76,21,0.1747,6.31,0,0
57.51,2,0.0323,34.62,0,0
41.38,5,0.304,2.24,0,0
74.51,7,0.429,10.33,0,0
58.34,18,0.3894,8.01,1,0
78.47,11,0.2214,6.87,0,0
44.75,3,0.0865,12.96,0,0
54.02,9,0.1393,3.24,0,0
71.21,22,0.1669,43.83,1,0
40.57,4,0.1824,28.77,0,0
14.48,13,0.4111,12.26,1,0
70.77,16,0.3518,12.64,1,0
54.59,22,0.3526,40.36,0,0
89.6,16,0.2446,13.18,0,0
51.51,9,0.2267,8.97,0,0
78.04,11,0.305,16.9,0,0
30.02,12,0.3707,9.77,0,0
351.46,8,0.0704,1.28,0,0
111.47,9,0.4123,11.15,0,0
70.12,18,0.2439,8.98,0,0
67.7,2,0.119,0.23,1,0
24.98,14,0.194,4.83,0,0
56.99,7,0.0996,0.48,0,0
81.68,11,0.085,0.3,0,0
30.14,22,0.0959,4.12,0,0
135.17,1,0.4351,7.05,0,0
30.08,20,0.1195,7.12,0,0
18.76,18,0.08,8.84,1,0
52.05,4,0.1769,0.85,0,0
101.21,12,0.0673,7.64,0,0
31.84,19,0.3819,1.28,0,0
13.88,21,0.1224,33.11,0,0
87.05,16,0.169,8.96,0,0
9.23,0,0.0886,3.17,1,0
108.4,3,0.43,52.84,0,0
123.69,4,0.295,12.61,0,0
23.01,12,0.0641,6.35,0,0
37.85,0,0.3885,0.62,0,0
37.56,9,0.0317,39.7,0,0
95.04,5,0.2927,0.96,0,0
15.26,4,0.3112,0.71,0,0
72.74,7,0.0676,2.38,0,0
9.45,1,0.1838,3.31,0,0
35.22,18,0.1438,3.92,0,0
32.58,12,0.0859,64.64,0,0
35.13,6,0.2634,12.01,0,0
17.84,22,0.3804,1.62,0,0
20.86,22,0.0873,4.18,0,0
23.54,12,0.4102,22.48,0,0
36.47,13,0.2508,18.86,0,0
70.78,22,0.3827,26.13,0,0
39.46,16,0.2057,18.26,0,0
85.34,0,0.5069,9.02,0,0
170.87,11,0.2312,46.95,0,0
28.69,4,0.3763,8.09,0,0
30.18,15,0.1199,10.21,0,0
26.0,2,0.1824,7.87,0,0
60.73,10,0.239,8.44,0,0
54.63,17,0.1475,40.58,0,0
22.08,0,0.2402,12.97,0,0
98.13,11,0.0513,9.11,1,0
24.47,12,0.103,1.04,0,0
27.43,4,0.2826,19.39,0,0
17.16,2,0.094,8.58,0,0
43.67,9,0.1876,41.16,0,0
30.82,16,0.1787,6.17,0,0
26.56,13,0.2829,8.58,1,0
33.07,0,0.2264,29.53,0,0
38.37,3,0.1294,20.46,0,0
33.64,6,0.1073,21.07,0,0
73.94,14,0.2506,19.44,0,0
45.36,7,0.1675,0.13,0,0
52.34,7,0.2977,7.75,1,0
35.37,0,0.0673,1.83,0,0
45.19,8,0.2917,24.03,0,0
16.96,8,0.1403,7.0,0,0
33.34,9,0.1586,23.28,0,0
69.14,0,0.5042,16.62,0,0
90.82,9,0.1479,59.04,0,0
40.57,3,0.107,40.48,0,0
52.21,18,0.1576,10.43,0,0
133.26,16,0.1158,4.97,0,0
22.14,12,0.0527,7.3,0,0
66.08,20,0.3435,7.82,1,0
39.32,12,0.0894,34.01,0,0
20.73,20,0.2094,19.86,0,0
71.24,8,0.1391,7.58,0,0
67.59,21,0.0723,2.38,0,0
59.49,19,0.129,29.45,0,0
28.68,19,0.2419,7.6,0,0
23.18,7,0.1415,12.11,0,0
24.11,8,0.0727,10.81,0,0
126.9,2,0.4667,36.78,1,0
29.41,19,0.0999,0.13,0,0
134.38,18,0.3306,7.0,1,0
184.33,13,0.2352,20.44,0,0
149.23,5,0.0447,17.11,0,0
122.25,9,0.0113,0.22,0,0
28.34,9,0.1593,15.63,0,0
31.27,16,0.2615,29.87,0,0
12.94,5,0.3035,47.28,1,0
22.88,14,0.1526,26.96,0,0
29.82,23,0.3349,36.55,0,0
25.12,5,0.0948,6.28,0,0
54.88,15,0.2906,7.41,0,0
39.68,11,0.3617,13.44,0,0
45.33,10,0.2487,17.71,1,0
33.89,19,0.2933,16.12,0,0
65.75,1,0.2166,1.0,0,0
11.38,6,0.0584,2.59,0,0
28.99,5,0.1272,5.68,1,0
111.59,9,0.1449,2.01,0,0
31.04,1,0.3304,33.32,0,0
44.53,13,0.2546,8.93,0,0
69.57,12,0.1111,59.42,0,0
35.46,7,0.1493,17.02,0,0
65.79,9,0.1718,40.56,0,0
30.4,18,0.5464,7.52,0,0
32.85,23,0.1717,9.58,0,0
13.85,3,0.116,2.5,0,0
19.13,18,0.4136,1.52,0,0
14.87,15,0.1911,24.16,0,0
29.04,4,0.1642,0.81,0,0
49.47,18,0.1008,0.27,1,0
56.26,18,0.1981,22.29,0,0
31.69,0,0.0268,35.22,0,0
63.61,15,0.1065,10.99,0,0
45.93,16,0.0915,1.8,0,0
27.97,22,0.2394,1.15,0,0
38.99,18,0.1815,37.33,0,0
45.94,8,0.0912,1.88,1,0
13.62,14,0.2739,4.91,0,0
109.32,15,0.2495,0.36,1,0
31.56,15,0.0759,5.29,0,0
28.63,15,0.2103,7.4,0,0
9.37,6,0.6074,23.43,1,0
50.93,13,0.1541,1.13,0,0
22.4,14,0.1077,18.39,0,0
76.55,15,0.0778,51.26,0,0
270.41,14,0.2686,2.3,0,0
112.6,13,0.2241,2.3,0,0
48.69,8,0.2081,12.95,0,0
64.67,6,0.1552,0.87,0,0
23.77,16,0.4424,3.92,0,0
160.32,8,0.1261,1.96,0,0
56.27,4,0.1295,15.15,0,0
98.43,22,0.0775,8.77,0,0
118.68,21,0.2709,0.6,0,0
36.78,20,0.267,7.1,1,0
13.11,12,0.0814,6.49,0,0
60.35,20,0.0249,14.93,0,0
22.23,22,0.138,8.64,0,0
17.98,2,0.0591,0.46,0,0
44.78,11,0.1584,16.65,0,0
56.16,14,0.1492,12.47,0,0
40.21,10,0.211,19.84,0,0
131.41,21,0.1815,5.56,0,0
238.17,13,0.1738,7.46,0,0
268.11,19,0.299,13.9,0,0
26.21,7,0.3179,0.13,0,0
14.7,16,0.1316,54.85,0,0
120.59,5,0.1955,2.78,0,0
19.78,13,0.2933,10.37,0,0
39.55,14,0.1511,8.9,0,0
177.51,9,0.0573,35.79,0,0
19.13,19,0.2479,19.49,0,0
13.25,9,0.2643,8.29,0,0
29.67,22,0.1649,5.72,0,0
45.72,14,0.0725,5.39,0,0
31.94,12,0.216,6.52,0,0
29.68,0,0.1849,4.8,0,0
204.48,14,0.3495,0.16,0,0
19.2,7,0.2797,1.58,0,0
58.17,22,0.2507,6.23,0,0
66.44,9,0.3304,28.84,1,0
30.13,6,0.3019,10.83,0,0
24.98,6,0.131,27.44,0,0
231.64,5,0.1322,2.76,0,0
35.75,17,0.0475,0.2,0,0
71.64,19,0.087,9.73,0,0
6.8,17,0.1686,34.01,1,0
11.81,11,0.5454,10.2,0,0
13.23,8,0.1546,1.23,0,0
76.52,4,0.1578,5.42,0,0
71.14,2,0.0715,33.66,0,0
142.87,4,0.1096,8.22,0,0
27.28,12,0.2091,6.49,0,0
39.15,4,0.1289,4.19,0,0
36.17,16,0.5103,12.65,0,0
74.08,14,0.1261,31.71,0,0
35.16,17,0.019,86.58,0,0
18.25,14,0.2135,4.21,0,0
30.73,2,0.1758,2.88,0,0
96.07,2,0.3824,19.76,1,0
38.5,13,0.0973,43.53,0,0
43.55,16,0.0583,23.83,0,0
48.85,12,0.3436,19.36,0,0
104.55,6,0.1915,47.75,0,0
46.42,7,0.3888,30.0,0,0
54.67,6,0.1638,17.01,0,0
23.67,5,0.3332,19.33,0,0
59.21,16,0.1634,6.81,0,0
52.54,18,0.2149,21.24,0,0
30.13,0,0.1173,0.04,0,0
17.61,12,0.1296,25.27,1,0
18.65,1,0.3169,0.37,0,0
22.78,16,0.2525,0.99,0,0
18.81,12,0.1167,14.24,0,0
86.28,0,0.5203,2.57,1,0
90.46,10,0.2286,31.25,0,0
58.65,2,0.1232,5.38,0,0
32.48,11,0.2321,4.22,0,0
53.63,16,0.1468,1.61,0,0
79.26,0,0.3074,20.25,0,0
21.46,16,0.098,5.47,0,0
75.02,12,0.3983,1.03,0,0
30.25,10,0.0615,7.97,0,0
37.53,9,0.1311,11.51,0,0
100.22,6,0.0937,2.62,1,0
32.63,8,0.1841,3.22,0,0
55.58,1,0.0747,12.66,0,0
131.15,13,0.1014,0.21,0,0
26.18,2,0.1484,12.21,0,0
38.59,19,0.3541,15.79,0,0
28.51,21,0.0841,1.13,0,0
51.05,23,0.2583,14.63,0,0
185.45,18,0.1992,1.97,0,0
113.26,22,0.4895,9.27,0,0
45.97,8,0.2732,25.69,0,0
78.93,3,0.1411,10.92,0,0
43.49,8,0.153,10.71,0,0
13.27,4,0.0779,1.59,0,0
43.37,2,0.285,0.91,0,0
105.06,21,0.0439,9.05,0,0
29.37,5,0.1872,11.49,0,0
6.03,19,0.2773,4.64,0,0
28.23,20,0.3413,17.82,0,0
57.59,8,0.3135,30.91,0,0
21.45,3,0.2834,16.7,0,0
33.57,5,0.2857,1.99,0,0
54.65,17,0.3303,11.66,0,0
41.87,22,0.1134,8.65,0,0
92.26,22,0.1361,43.25,0,0
31.4,2,0.0583,10.5,0,0
58.82,16,0.2235,2.13,0,0
36.03,21,0.2681,17.8,1,0
63.47,17,0.0714,25.25,0,0
48.22,6,0.3525,1.76,0,0
33.07,4,0.2166,20.92,0,0
82.41,3,0.1539,17.54,0,0
29.6,16,0.0823,16.28,0,0
21.99,22,0.1451,7.18,0,0
28.34,10,0.1492,33.4,0,0
30.12,9,0.0664,32.72,0,0
46.87,5,0.3226,25.11,0,0
25.81,14,0.3119,0.86,0,0
31.73,17,0.0872,8.26,0,0
101.47,0,0.0643,26.19,1,0
68.91,1,0.1593,0.8,0,0
45.62,20,0.1741,14.86,1,0
19.35,15,0.1057,7.22,0,0
123.24,5,0.1413,25.37,1,0
62.85,0,0.1352,81.24,0,0
70.43,1,0.1554,35.91,0,0
19.28,19,0.1891,8.44,0,0
24.22,19,0.1514,25.95,0,0
22.89,18,0.0837,9.68,0,0
62.07,13,0.0974,8.73,0,0
14.17,20,0.2865,1.58,0,0
90.24,11,0.1919,18.4,0,0
76.4,11,0.1666,4.52,0,0
16.92,5,0.0772,32.68,0,0
57.28,15,0.1765,67.18,0,0
102.97,12,0.3602,9.08,0,0
47.67,19,0.2271,17.38,0,0
103.58,3,0.017,6.71,0,0
44.83,2,0.2407,0.48,0,0
117.72,11,0.1423,20.51,0,0
43.2,18,0.3548,26.42,0,0
18.43,23,0.1408,10.74,0,0
89.27,18,0.1802,6.9,0,0
16.37,6,0.0856,0.92,0,0
78.35,17,0.2629,1.14,0,0
36.63,2,0.2132,11.4,0,0
46.09,1,0.4179,1.07,0,0
83.17,8,0.2085,26.6,0,0
32.7,19,0.3208,10.48,0,0
140.66,20,0.1408,2.9,0,0
65.25,15,0.198,30.35,1,0
60.31,10,0.2796,23.36,0,0
30.74,16,0.1156,18.4,0,0
182.2,13,0.2689,16.06,0,0
22.32,10,0.0213,12.48,0,0
41.48,22,0.133,2.74,0,0
20.23,21,0.0393,3.68,0,0
82.79,0,0.1541,19.62,1,0
92.82,1,0.1825,3.29,0,0
66.9,10,0.0913,1.18,0,0
57.04,23,0.2641,15.76,0,0
37.4,23,0.198,0.15,0,0
112.78,16,0.0989,22.1,0,0
45.59,12,0.1908,28.79,0,0
35.49,7,0.5128,12.22,0,0
12.97,15,0.2223,24.7,0,0
35.45,21,0.1186,3.19,0,0
21.21,17,0.2886,2.14,0,0
46.63,8,0.1344,57.87,0,0
38.45,20,0.1455,0.88,0,0
22.07,4,0.2203,1.56,0,0
111.12,23,0.0685,5.87,0,0
47.82,11,0.0491,4.84,0,0
28.91,0,0.3007,2.53,0,0
27.87,15,0.453,0.91,1,0
17.6,16,0.2112,0.94,0,0
36.85,8,0.0431,5.3,0,0
48.66,16,0.0893,74.16,0,0
25.43,19,0.0106,27.69,0,0
54.62,9,0.1621,0.08,0,0
54.69,19,0.0632,14.28,0,0
64.11,14,0.1987,29.19,0,0
101.32,13,0.0774,5.72,1,0
40.46,18,0.1841,59.11,0,0
61.24,7,0.2781,12.05,0,0
32.47,4,0.592,3.3,1,0
22.15,21,0.1918,14.04,0,0
23.76,14,0.1449,10.53,0,0
71.66,17,0.1058,6.17,0,0
38.4,2,0.2941,5.27,0,0
95.46,21,0.0653,12.48,1,0
83.11,19,0.1807,3.36,1,0
79.06,10,0.2725,22.86,1,0
19.44,5,0.37,4.78,0,0
83.18,6,0.1063,35.52,0,0
24.93,16,0.2544,34.97,1,0
18.59,0,0.0837,6.85,0,0
113.39,12,0.3307,1.47,0,0
49.48,20,0.0265,4.45,0,0
90.33,21,0.066,40.35,0,0
67.09,19,0.1045,9.06,0,0
43.81,1,0.303,10.64,0,0
29.0,12,0.2033,4.27,0,0
42.85,21,0.3251,29.88,0,0
80.95,23,0.2165,18.25,0,0
41.96,6,0.1762,21.6,0,0
18.59,6,0.3995,10.34,0,0
17.6,18,0.1837,6.49,1,0
119.22,10,0.252,3.18,0,0
127.97,13,0.8816,25.49,0,1
33.62,5,0.1094,20.44,0,0
28.44,12,0.375,13.69,0,0
43.95,7,0.2678,10.38,0,0
29.77,22,0.2824,3.15,0,0
88.32,11,0.0371,17.64,0,0
12.87,17,0.1134,0.79,0,0
27.74,3,0.1575,3.67,0,0
19.27,8,0.1952,34.74,0,0
48.51,9,0.3103,44.25,0,0
146.83,6,0.252,2.73,1,0
43.44,6,0.0369,2.78,0,0
70.27,18,0.2434,64.13,0,0
27.39,14,0.6144,18.59,0,0
97.49,9,0.018,17.75,1,0
66.86,15,0.0479,7.71,0,0
26.97,22,0.2094,32.92,0,0
69.44,16,0.1995,16.9,0,0
30.18,4,0.3704,51.04,0,0
33.6,3,0.1715,37.42,0,0
20.27,22,0.0922,1.85,1,0
100.52,3,0.272,25.66,0,0
34.85,3,0.1162,2.84,0,0
51.89,7,0.3112,4.46,0,0
39.18,0,0.0924,5.43,0,0
15.67,6,0.3348,2.51,0,0
71.32,12,0.5508,24.56,0,0
55.11,18,0.0614,9.91,0,0
89.96,17,0.2375,3.81,0,0
169.24,11,0.1188,4.85,0,0
40.1,19,0.1966,24.47,0,0
68.91,11,0.2316,12.09,0,0
31.49,17,0.0465,8.9,1,0
28.43,4,0.324,13.77,0,0
41.36,15,0.2037,13.89,0,0
177.08,9,0.3318,36.35,0,0
18.86,16,0.1327,3.97,0,0
115.3,20,0.5031,12.78,0,0
13.56,2,0.1441,12.74,0,0
38.48,18,0.0468,12.04,0,0
150.96,21,0.1229,40.47,0,0
41.28,23,0.3098,17.12,0,0
42.93,6,0.3713,22.93,0,0
117.67,13,0.0779,18.46,0,0
101.95,6,0.1193,19.93,0,0
66.58,21,0.1151,42.05,0,0
62.07,10,0.2394,4.49,0,0
28.68,5,0.3299,1.02,0,0
338.99,19,0.183,9.06,1,0
9.47,7,0.2347,37.95,0,0
13.83,16,0.1878,6.48,0,0
29.48,12,0.0829,14.34,1,0
132.57,8,0.4097,10.85,0,0
22.91,10,0.408,23.64,1,0
34.73,18,0.9595,17.99,0,1
50.32,14,0.5346,2.55,0,0
52.6,15,0.211,23.62,0,0
31.39,7,0.2038,7.46,0,0
18.52,19,0.5155,16.41,0,0
64.82,13,0.069,16.88,0,0
50.16,13,0.1493,29.11,0,0
19.08,1,0.253,6.66,0,0
57.23,0,0.3908,17.82,0,0
24.95,17,0.1876,3.95,0,0
19.3,5,0.0607,17.22,0,0
51.85,3,0.0757,28.97,0,0
19.99,7,0.1732,73.68,0,0
46.23,4,0.0139,13.58,0,0
14.76,23,0.4167,17.76,0,0
51.07,12,0.3089,5.84,0,0
62.5,8,0.1056,10.2,0,0
51.35,22,0.329,8.98,0,0
161.43,10,0.0602,28.14,0,0
108.65,2,0.2187,10.63,0,0
22.19,14,0.3334,1.07,0,0
14.61,3,0.1346,7.29,0,0
279.07,19,0.2163,14.98,0,0
52.86,17,0.3911,5.31,0,0
84.94,21,0.3874,3.7,0,0
70.97,10,0.0335,5.35,1,0
80.81,1,0.4207,1.67,1,0
48.06,6,0.2663,27.68,0,0
124.99,9,0.2287,50.86,0,0
50.08,12,0.1771,22.71,0,0
89.48,11,0.0256,3.83,0,0
89.98,15,0.1879,83.09,0,0
58.33,4,0.1149,31.79,0,0
83.93,20,0.1032,36.99,0,0
55.41,0,0.357,0.01,0,0
51.7,17,0.1618,0.94,0,0
81.83,7,0.1826,18.66,0,0
63.36,23,0.1318,32.59,0,0
64.75,14,0.2186,4.24,1,0
152.47,6,0.1424,10.96,0,0
23.1,22,0.3574,25.77,0,0
19.73,23,0.1132,10.88,0,0
34.6,17,0.1618,24.27,0,0
14.42,12,0.118,5.1,0,0
86.09,15,0.2404,0.99,0,0
52.9,21,0.0867,30.4,0,0
46.65,19,0.0381,4.88,0,0
37.11,12,0.2294,6.62,0,0
49.93,22,0.1926,0.89,0,0
16.12,6,0.2414,32.36,0,0
60.4,21,0.0832,18.18,0,0
46.07,2,0.1476,6.6,0,0
28.54,3,0.1672,33.68,0,0
76.17,16,0.2918,6.04,1,0
137.98,8,0.1372,34.22,0,0
32.03,19,0.0527,30.01,0,0
13.88,7,0.4162,20.87,1,0
32.66,14,0.0595,3.55,1,0
59.26,0,0.1227,34.24,0,0
50.86,6,0.0556,21.99,0,0
17.54,18,0.1808,14.89,0,0
55.47,6,0.3928,5.61,0,0
169.0,11,0.445,18.74,0,0
73.34,17,0.4894,2.81,0,0
16.16,23,0.1439,45.68,0,0
46.72,17,0.0281,11.33,0,0
32.59,19,0.2226,5.13,0,0
23.57,17,0.0304,10.26,0,0
110.63,5,0.0198,35.56,0,0
63.02,10,0.0833,1.49,0,0
24.18,5,0.2753,0.25,0,0
52.21,5,0.5555,29.12,0,0
116.1,11,0.0191,15.83,0,0
58.32,20,0.1857,11.67,0,0
98.63,1,0.2265,28.48,1,0
233.76,5,0.3064,8.96,0,0
43.84,10,0.4186,0.78,0,0
43.58,8,0.185,6.55,1,0
59.12,3,0.1339,12.66,0,0
34.73,8,0.0625,2.68,0,0
105.01,8,0.3207,14.8,0,0
82.5,9,0.0423,90.69,0,0
326.68,1,0.3632,25.66,1,0
261.34,8,0.2637,26.2,1,0
65.65,2,0.3185,7.94,0,0
9.38,19,0.2556,10.12,0,0
135.86,4,0.1587,4.78,1,0
86.33,4,0.0352,3.54,0,0
45.07,7,0.3454,2.24,0,0
320.76,10,0.1417,84.27,1,0
22.82,2,0.0599,3.82,1,0
25.62,10,0.0975,6.46,0,0
59.61,15,0.2137,11.95,0,0
52.29,9,0.1161,5.4,0,0
39.19,15,0.2026,5.67,0,0
23.99,14,0.0325,11.54,0,0
21.61,1,0.1444,11.81,0,0
52.96,3,0.1539,3.16,1,0
69.71,0,0.2554,21.35,0,0
61.38,17,0.054,33.64,1,0
77.75,13,0.1638,7.89,0,0
68.02,2,0.0336,20.64,1,0
22.35,18,0.1099,45.57,1,0
188.52,11,0.1026,2.45,1,0
81.01,20,0.2286,10.12,0,0
81.4,21,0.2808,13.42,0,0
63.53,4,0.0987,17.48,0,0
26.29,4,0.0555,39.29,1,0
33.79,7,0.0771,3.91,1,0
33.54,18,0.2233,31.0,0,0
128.44,5,0.0427,14.05,1,0
170.38,19,0.2666,4.06,0,0
61.48,18,0.2582,38.74,0,0
76.17,4,0.1154,53.83,0,0
63.25,17,0.3895,43.29,0,0
19.16,21,0.1126,23.61,0,0
45.99,23,0.2494,12.78,0,0
138.51,21,0.4689,5.85,0,0
82.57,11,0.1621,6.98,0,0
40.14,6,0.5264,2.54,0,0
29.66,11,0.4551,20.96,0,0
21.59,21,0.0331,3.14,0,0
61.18,7,0.091,4.26,0,0
48.16,12,0.1893,1.57,0,0
14.69,23,0.2131,5.32,0,0
86.56,8,0.069,9.92,0,0
61.39,6,0.3906,3.38,0,0
37.94,17,0.0606,2.67,0,0
108.82,3,0.1783,30.68,0,0
52.96,6,0.2342,15.48,0,0
24.27,11,0.1772,6.09,0,0
37.96,5,0.1092,5.82,0,0
88.62,2,0.223,2.29,1,0
33.01,9,0.303,1.63,0,0
31.22,21,0.0768,4.65,0,0
54.57,6,0.0308,30.6,0,0
134.8,8,0.0294,42.67,0,0
30.27,17,0.2066,12.76,0,0
13.06,22,0.0747,11.61,0,0
68.82,0,0.1321,8.1,0,0
45.78,20,0.0734,6.15,0,0
64.15,3,0.0601,38.78,0,0
53.85,15,0.2312,22.89,0,0
29.24,0,0.1464,55.29,0,0
125.09,3,0.2517,26.17,0,0
37.04,12,0.2402,12.19,0,0
116.39,21,0.2945,0.24,1,0
43.74,11,0.136,18.77,0,0
59.87,1,0.1311,13.71,0,0
11.83,5,0.2837,13.95,0,0
203.69,1,0.2317,3.14,0,0
221.04,3,0.0188,21.06,0,0
37.48,5,0.0737,8.71,0,0
50.04,1,0.3917,20.07,0,0
34.45,21,0.0221,61.48,0,0
34.7,0,0.1547,1.3,0,0
13.56,7,0.3022,2.86,0,0
81.72,20,0.4494,15.39,0,0
29.04,14,0.082,3.55,0,0
31.26,18,0.1792,20.48,0,0
89.72,19,0.1515,14.03,0,0
25.47,13,0.286,14.06,0,0
22.69,6,0.1447,3.52,0,0
97.83,20,0.1733,7.23,0,0
35.95,1,0.341,8.99,0,0
20.42,2,0.325,35.43,0,0
112.53,13,0.1463,1.18,0,0
60.73,17,0.1687,7.07,0,0
83.34,11,0.0795,50.46,0,0
82.75,1,0.2282,2.07,0,0
22.59,8,0.036,64.58,1,0
93.27,16,0.2458,3.76,0,0
225.82,1,0.1553,8.04,0,0
25.06,4,0.3757,11.03,1,0
70.3,6,0.2361,10.08,0,0
36.62,19,0.1531,5.8,0,0
32.34,8,0.2711,10.86,0,0
65.47,23,0.0385,4.88,0,0
75.0,10,0.1074,13.56,0,0
26.94,7,0.3104,3.43,0,0
67.61,14,0.1271,2.68,1,0
44.13,22,0.2188,30.69,0,0
44.8,20,0.0963,0.89,0,0
38.59,7,0.5395,54.42,0,0
86.44,12,0.0824,7.46,0,0
24.48,1,0.6205,5.76,0,0
92.66,14,0.2926,5.43,0,0
73.17,21,0.1191,5.89,0,0
37.77,10,0.0841,5.86,0,0
49.77,19,0.0742,5.73,0,0
75.66,22,0.2581,22.19,0,0
34.95,22,0.3297,14.65,0,0
37.6,23,0.2265,27.64,0,0
190.2,15,0.3762,4.33,0,0
8.11,14,0.1909,6.37,0,0
33.58,18,0.4112,9.95,0,0
36.39,21,0.1372,9.34,0,0
38.32,10,0.3107,24.67,0,0
53.59,3,0.0628,9.38,0,0
24.31,13,0.258,15.21,1,0
36.42,1,0.0746,24.36,0,0
38.53,23,0.2379,0.09,0,0
45.32,14,0.337,40.91,0,0
24.92,14,0.1264,74.54,0,0
34.33,4,0.0997,12.34,0,0
23.63,1,0.2358,11.11,0,0
21.39,12,0.2721,9.53,0,0
50.91,8,0.148,13.78,0,0
32.25,20,0.0925,17.0,0,0
22.48,17,0.0962,10.37,0,0
16.0,22,0.0581,2.01,0,0
32.09,21,0.234,9.1,0,0
29.82,2,0.1597,19.94,0,0
13.24,16,0.2442,4.47,0,0
67.53,19,0.1614,0.61,0,0
74.74,21,0.0321,0.04,0,0
76.9,16,0.2038,4.79,0,0
32.1,21,0.1386,9.32,0,0
61.98,6,0.2908,8.61,0,0
121.04,6,0.0818,24.54,0,0
42.27,16,0.2119,6.95,1,0
26.69,13,0.0839,1.5,0,0
11.44,12,0.0613,2.34,0,0
81.35,19,0.4526,0.8,0,0
18.68,1,0.4295,17.11,0,0
98.18,0,0.1006,8.53,0,0
29.57,6,0.2868,38.11,0,0
15.03,17,0.052,75.62,0,0
45.82,23,0.2243,35.89,0,0
17.56,5,0.1725,3.92,0,0
35.38,20,0.3363,6.79,0,0
44.55,19,0.3148,18.96,0,0
39.51,7,0.192,12.24,0,0
38.85,14,0.225,7.38,0,0
22.14,0,0.2246,8.77,0,0
50.99,19,0.1605,1.8,0,0
28.52,16,0.1913,5.57,0,0
105.98,1,0.1894,3.94,0,0
31.79,6,0.0905,8.88,0,0
67.91,1,0.5315,33.96,0,0
58.26,11,0.2517,3.09,0,0
11.43,11,0.4768,9.66,0,0
83.53,11,0.284,17.03,0,0
17.76,20,0.3549,54.59,0,0
38.11,19,0.0168,37.56,0,0
15.79,4,0.2765,18.83,1,0
22.29,3,0.1206,24.29,0,0
13.52,9,0.2055,2.5,0,0
42.65,14,0.1652,10.11,0,0
116.7,21,0.0276,7.68,0,0
19.87,8,0.2701,28.1,0,0
38.7,1,0.2182,7.56,0,0
54.67,0,0.37,5.73,0,0
22.55,7,0.256,10.68,0,0
8.46,9,0.3184,9.7,0,0
25.42,7,0.4318,3.22,0,0
112.16,8,0.082,9.69,0,0
24.07,17,0.1542,13.19,0,0
49.24,7,0.3127,16.27,0,0
54.45,1,0.173,11.02,0,0
60.4,2,0.1946,24.36,0,0
43.83,0,0.1039,46.91,1,0
14.21,9,0.0845,4.91,1,0
40.83,23,0.0271,0.87,0,0
52.73,3,0.1833,25.88,0,0
101.5,19,0.186,0.5,0,0
13.57,3,0.0438,35.17,1,0
21.55,4,0.2015,42.71,0,0
56.9,13,0.0797,1.2,0,0
57.55,9,0.4072,0.44,1,0
31.41,14,0.3003,38.93,0,0
54.66,3,0.3,1.46,0,0
61.24,3,0.2063,8.3,0,0
60.88,0,0.101,7.16,0,0
27.87,22,0.1062,0.57,0,0
189.68,5,0.2057,25.62,0,0
64.15,22,0.1991,45.66,0,0
46.9,22,0.4489,10.49,1,0
29.41,15,0.2951,3.37,0,0
36.8,18,0.1851,9.11,0,0
31.16,14,0.2532,12.59,0,0
36.01,6,0.1579,17.4,0,0
91.16,3,0.2951,5.13,0,0
192.99,11,0.205,27.75,0,0
62.63,22,0.3178,25.59,0,0
30.19,17,0.2273,0.71,0,0
47.94,16,0.1849,3.66,0,0
77.88,18,0.1308,12.93,0,0
32.4,23,0.2139,3.14,0,0
56.43,7,0.072,4.3,0,0
175.99,5,0.1928,32.36,0,0
73.88,16,0.0952,5.12,0,0
75.81,15,0.2937,30.05,0,0
27.34,18,0.2204,2.57,0,0
117.43,14,0.228,11.25,0,0
37.58,11,0.2724,5.0,0,0
48.91,23,0.1765,70.96,0,0
33.14,20,0.0066,5.06,0,0
15.4,10,0.0867,10.31,0,0
76.52,12,0.1985,1.1,0,0
7.46,7,0.087,26.41,0,0
108.98,8,0.1157,1.39,1,0
126.19,16,0.1647,0.16,1,0
13.0,14,0.0736,6.61,0,0
64.9,7,0.4619,37.05,0,0
25.91,18,0.1898,19.61,0,0
42.61,15,0.2016,65.19,0,0
46.86,6,0.146,4.6,0,0
62.83,4,0.0235,29.79,0,0
45.07,15,0.2141,47.89,0,0
93.75,8,0.1327,29.91,1,0
85.31,20,0.3211,17.97,1,0
34.03,10,0.1751,1.79,0,0
36.4,20,0.0618,9.14,0,0
41.04,9,0.2144,7.22,0,0
97.33,11,0.1183,16.58,0,0
24.16,5,0.0942,12.91,0,0
26.13,6,0.3023,7.88,1,0
20.33,16,0.2768,81.45,0,0
47.15,16,0.3612,3.56,1,0
37.21,11,0.3131,7.33,0,0
40.32,20,0.0713,13.24,0,0
59.48,9,0.1067,7.7,0,0
8.62,10,0.0337,14.76,1,0
65.32,0,0.1452,10.24,0,0
24.27,6,0.2177,1.41,0,0
17.23,12,0.3631,18.48,0,0
12.74,19,0.578,10.96,1,0
48.35,21,0.1472,3.17,0,0
31.53,15,0.0764,16.09,0,0
50.12,7,0.545,1.93,0,0
141.12,6,0.0264,19.57,0,0
42.5,13,0.1033,40.48,0,0
27.22,21,0.3974,7.49,0,0
41.45,4,0.0523,10.89,0,0
53.75,15,0.0334,49.74,0,0
55.4,11,0.0971,2.15,0,0
60.55,9,0.2252,6.86,0,0
14.48,17,0.097,7.1,0,0
81.42,9,0.5158,56.47,0,0
52.12,13,0.0697,7.31,0,0
25.69,3,0.1746,32.67,0,0
30.16,20,0.1985,14.71,0,0
21.86,12,0.0376,21.31,1,0
22.63,19,0.2599,19.53,0,0
29.36,8,0.0832,5.8,1,0
49.78,7,0.3379,32.72,0,0
34.88,22,0.1881,14.3,0,0
41.11,6,0.1788,23.02,0,0
20.5,1,0.2895,1.43,0,0
66.53,1,0.0369,1.46,0,0
78.78,4,0.2978,3.96,0,0
170.44,23,0.1825,5.1,0,0
29.59,13,0.1375,2.47,0,0
27.72,1,0.1174,51.2,0,0
21.39,10,0.0555,3.14,0,0
32.05,6,0.0909,7.72,0,0
36.88,16,0.3139,1.19,1,0
188.78,19,0.2644,9.25,1,0
69.14,12,0.4564,0.8,0,0
35.83,4,0.2168,0.86,0,0
32.43,6,0.4188,34.3,0,0
29.49,11,0.2772,4.53,0,0
108.08,5,0.2227,1.19,0,0
75.72,19,0.0151,13.39,0,0
37.67,11,0.2964,4.47,1,0
39.24,18,0.0566,1.12,1,0
44.01,3,0.3944,6.71,0,0
37.95,5,0.1424,3.62,0,0
24.38,23,0.2467,17.52,0,0
29.35,23,0.2638,3.18,0,0
59.85,2,0.1648,1.65,0,0
15.38,5,0.1516,4.13,0,0
73.65,18,0.4349,1.43,0,0
84.43,22,0.1761,14.51,0,0
52.17,19,0.2841,4.33,0,0
34.64,13,0.1582,64.21,0,0
15.64,11,0.2494,7.67,0,0
72.81,7,0.1468,27.52,1,0
138.88,5,0.0078,0.81,1,0
34.28,10,0.1124,18.25,1,0
68.38,2,0.2314,6.66,0,0
65.84,3,0.2398,1.5,0,0
52.63,11,0.3155,14.01,0,0
42.33,12,0.1042,35.95,0,0
34.44,19,0.1184,32.24,0,0
47.04,8,0.0901,1.88,0,0
45.77,15,0.1332,10.96,0,0
15.3,22,0.0672,29.46,0,0
38.05,12,0.3077,9.48,0,0
11.65,4,0.254,2.3,0,0
68.03,21,0.3495,1.06,0,0
140.15,22,0.1086,2.01,0,0
17.84,20,0.2097,3.65,0,0
37.75,11,0.1153,5.98,0,0
61.92,3,0.113,7.75,1,0
171.1,19,0.0297,24.67,0,0
63.73,3,0.0801,27.92,0,0
10.28,15,0.3009,4.07,0,0
23.46,0,0.2933,9.88,0,0
104.05,8,0.2152,12.7,0,0
8.5,4,0.0539,21.39,0,0
14.17,11,0.1548,37.17,0,0
73.52,7,0.2675,3.6,0,0
56.95,23,0.147,15.29,1,0
155.23,18,0.2701,2.09,0,0
50.8,15,0.035,34.34,0,0
9.8,2,0.4288,16.79,1,0
42.11,23,0.1995,7.95,1,0
42.12,1,0.1112,10.3,0,0
51.65,17,0.204,2.41,0,0
88.02,18,0.1483,16.53,0,0
16.64,0,0.294,4.65,0,0
212.06,4,0.444,40.57,0,0
25.16,6,0.2364,9.99,1,0
57.74,18,0.0546,5.53,0,0
39.91,4,0.0454,3.65,0,0
29.41,9,0.2914,12.66,0,0
231.8,20,0.1499,17.1,1,0
21.66,3,0.1706,24.33,0,0
94.36,22,0.1316,2.27,0,0
48.4,10,0.1089,15.92,0,0
41.95,15,0.1478,9.35,0,0
78.96,9,0.0818,9.27,0,0
19.05,19,0.1876,10.53,0,0
58.77,5,0.1642,10.79,1,0
35.58,4,0.2777,7.94,0,0
56.39,23,0.2957,0.63,0,0
29.89,17,0.05,6.36,1,0
92.23,0,0.2089,54.53,1,0
23.41,17,0.348,33.69,0,0
19.95,3,0.3154,4.44,0,0
36.74,19,0.1109,12.8,0,0
12.22,20,0.2088,2.91,0,0
32.73,23,0.5235,4.8,1,0
9.2,16,0.4417,42.88,1,0
68.95,15,0.1538,31.83,0,0
119.74,11,0.3577,7.12,1,0
193.77,15,0.5595,3.62,0,0
27.12,13,0.2685,38.73,0,0
46.8,16,0.0902,1.24,0,0
23.76,0,0.3896,8.04,0,0
70.78,21,0.1929,27.21,0,0
40.05,21,0.5902,89.02,0,0
17.49,20,0.0876,7.99,0,0
35.86,15,0.2453,28.47,0,0
26.22,5,0.3473,44.77,0,0
21.57,12,0.3073,16.31,0,0
125.88,13,0.1665,1.37,0,0
105.95,16,0.0171,8.0,1,0
120.89,2,0.3387,1.01,0,0
27.64,6,0.1192,37.82,1,0
13.39,9,0.1933,5.26,0,0
78.79,23,0.0869,5.2,0,0
18.44,14,0.2199,14.1,0,0
84.51,1,0.1042,9.53,0,0
102.41,17,0.2397,23.91,1,0
19.83,8,0.1247,7.67,1,0
58.43,9,0.3289,6.43,1,0
135.91,22,0.2873,23.87,0,0
19.38,6,0.1303,11.98,0,0
47.89,4,0.4358,4.86,0,0
24.92,8,0.0408,8.8,1,0
50.18,16,0.3841,11.64,0,0
24.4,19,0.2316,10.9,0,0
49.09,14,0.1522,11.26,0,0
61.97,22,0.2849,19.66,0,0
78.85,14,0.1321,33.83,0,0
36.46,23,0.1672,8.45,0,0
48.73,4,0.2101,0.97,0,0
20.11,12,0.3808,7.25,0,0
60.78,21,0.3069,2.98,0,0
171.92,8,0.264,8.17,0,0
36.55,1,0.0867,11.42,0,0
29.19,17,0.143,2.38,0,0
95.65,5,0.1324,7.57,1,0
23.51,19,0.0709,10.48,0,0
182.12,19,0.042,98.56,0,0
54.65,23,0.1496,0.39,0,0
105.92,19,0.1532,42.19,1,0
119.0,9,0.2863,22.7,0,0
74.85,23,0.2326,21.48,0,0
66.75,9,0.5228,7.38,0,0
80.83,4,0.0089,35.86,0,0
83.66,14,0.3354,54.94,0,0
68.75,4,0.2477,5.05,0,0
106.13,7,0.1544,7.91,0,0
20.61,12,0.1611,25.35,0,0
233.2,9,0.0937,33.86,0,0
37.35,15,0.0216,7.42,0,0
86.26,21,0.3514,42.46,0,0
70.92,18,0.3323,21.28,0,0
143.29,9,0.2452,11.85,0,0
14.58,23,0.2437,15.01,0,0
50.8,14,0.2191,9.44,0,0
52.49,20,0.2867,3.14,1,0
30.95,16,0.2211,22.47,0,0
26.09,7,0.2334,26.26,0,0
30.08,7,0.1711,5.64,0,0
13.96,11,0.3023,16.49,0,0
12.13,23,0.501,32.8,0,0
49.09,16,0.0882,5.02,0,0
97.31,7,0.2196,50.08,1,0
29.43,23,0.3883,2.27,0,0
66.19,10,0.0337,16.12,0,0
25.89,5,0.0823,9.26,1,0
195.82,19,0.0998,31.98,0,0
106.53,4,0.318,19.64,0,0
61.97,14,0.1446,30.0,0,0
201.46,7,0.2227,8.44,0,0
89.09,12,0.073,2.31,0,0
10.4,5,0.3683,6.79,0,0
50.03,6,0.1412,5.25,0,0
95.13,2,0.1209,10.25,0,0
42.44,16,0.5854,5.19,0,0
35.78,0,0.0606,7.89,0,0
14.92,18,0.3431,1.07,0,0
44.14,4,0.0179,12.67,0,0
18.98,19,0.0484,4.87,0,0
22.57,8,0.2623,7.93,0,0
41.76,4,0.3793,33.39,0,0
50.62,10,0.1372,19.58,0,0
108.66,21,0.222,17.97,1,0
16.56,16,0.0451,44.36,0,0
45.17,16,0.0532,0.43,0,0
32.38,2,0.5958,7.12,1,0
131.25,19,0.0604,5.52,0,0
21.43,21,0.0943,6.33,0,0
70.53,10,0.1519,11.77,0,0
21.52,20,0.0632,3.27,1,0
61.45,6,0.2088,25.21,0,0
40.96,1,0.0699,19.17,0,0
61.84,6,0.0467,0.63,0,0
67.49,22,0.3661,4.86,1,0
64.09,5,0.0804,17.79,0,0
10.64,16,0.0949,31.72,0,0
25.86,4,0.1149,19.08,0,0
78.99,1,0.1384,21.02,0,0
44.78,12,0.1213,8.05,0,0
13.2,10,0.015,7.89,0,0
99.31,7,0.3275,0.0,0,0
84.76,2,0.3175,27.37,1,0
49.5,1,0.2387,39.45,0,0
17.33,10,0.1515,27.63,0,0
49.15,19,0.2184,31.93,0,0
50.94,11,0.2768,10.12,1,0
39.17,2,0.2976,4.55,0,0
78.73,10,0.2112,1.84,0,0
37.46,19,0.1404,4.29,0,0
139.66,13,0.3471,18.99,1,0
15.32,19,0.1622,27.84,0,0
32.45,1,0.2751,12.56,0,0
33.03,21,0.049,19.36,0,0
59.53,8,0.0963,15.77,0,0
22.16,22,0.0345,16.29,0,0
59.26,12,0.1028,12.81,0,0
38.83,22,0.0643,46.18,0,0
54.5,4,0.172,4.02,0,0
194.61,13,0.2245,8.23,1,0
33.61,1,0.0448,6.03,0,0
44.21,2,0.3044,23.34,0,0
50.82,7,0.2399,4.69,1,0
65.59,0,0.111,10.6,0,0
34.65,9,0.1646,18.52,0,0
35.03,13,0.0848,0.08,0,0
128.99,14,0.6029,17.57,0,0
62.93,7,0.1063,1.02,1,0
59.31,13,0.168,7.86,0,0
84.32,21,0.1183,0.77,0,0
34.5,1,0.1309,3.96,0,0
23.9,7,0.1134,3.59,0,0
28.47,0,0.2153,1.9,0,0
53.92,6,0.0615,8.42,0,0
49.37,20,0.1506,6.39,0,0
17.26,13,0.179,24.73,0,0
29.25,23,0.0654,13.1,0,0
46.09,4,0.1291,12.34,0,0
45.89,22,0.4331,9.3,0,0
11.72,9,0.1754,28.33,0,0
90.47,1,0.103,2.1,0,0
15.12,21,0.1364,1.41,0,0
43.1,22,0.2201,5.27,0,0
77.58,15,0.0387,31.05,0,0
245.37,17,0.0535,13.07,0,0
60.21,22,0.0348,29.09,0,0
61.81,14,0.4337,0.66,0,0
64.01,14,0.1919,4.85,1,0
61.47,5,0.1714,6.2,0,0
95.64,19,0.2221,4.69,0,0
34.47,20,0.2246,5.44,0,0
30.17,18,0.1543,1.0,0,0
157.53,1,0.1635,11.2,0,0
43.97,3,0.1707,29.82,1,0
80.82,11,0.0625,3.78,0,0
105.19,11,0.5891,23.92,0,0
33.71,11,0.3531,10.36,0,0
29.05,9,0.1588,32.34,0,0
92.36,14,0.2749,9.83,0,0
99.87,21,0.3427,0.77,0,0
15.79,16,0.33,5.59,1,0
19.18,19,0.1306,1.69,0,0
18.51,11,0.5815,2.22,0,0
52.26,0,0.0639,1.09,1,0
19.17,18,0.0691,29.76,0,0
39.26,8,0.0857,19.95,0,0
83.51,0,0.1288,7.4,0,0
46.06,11,0.2489,61.07,0,0
124.08,19,0.4405,9.95,0,0
37.28,1,0.1799,3.93,0,0
102.81,5,0.2942,15.75,0,0
21.04,16,0.0708,3.03,0,0
109.98,0,0.15,3.46,0,0
261.31,16,0.3934,4.7,0,0
17.77,10,0.3388,3.56,0,0
52.07,9,0.2488,4.95,0,0
34.2,12,0.1195,2.97,0,0
23.59,15,0.2628,5.22,0,0
108.67,5,0.2175,40.7,0,0
52.96,10,0.2297,4.43,0,0
89.69,13,0.4013,3.62,0,0
49.79,7,0.179,24.61,0,0
56.57,22,0.2185,8.56,1,0
58.16,11,0.1725,15.45,0,0
19.62,18,0.2025,17.93,0,0
38.25,11,0.1098,2.99,0,0
49.07,23,0.116,1.26,0,0
41.4,19,0.2657,7.12,0,0
26.3,8,0.2858,10.91,0,0
97.52,22,0.2991,29.13,0,0
61.01,21,0.0815,20.86,0,0
54.52,6,0.0195,3.3,0,0
25.42,10,0.0558,1.27,0,0
22.67,0,0.0724,43.77,0,0
44.7,7,0.4277,6.95,0,0
42.19,17,0.2796,18.41,0,0
25.05,0,0.3194,36.16,0,0
21.77,19,0.2303,11.85,0,0
32.46,2,0.5917,3.16,0,0
19.8,15,0.099,27.25,0,0
49.28,18,0.3417,2.53,0,0
34.28,13,0.2846,0.74,0,0
50.63,18,0.4811,17.57,0,0
67.07,17,0.3841,5.4,0,0
22.84,23,0.1484,12.58,0,0
20.24,8,0.02,14.08,0,0
38.99,10,0.0574,5.24,0,0
38.56,21,0.1478,9.73,1,0
29.87,10,0.1454,0.29,0,0
15.24,7,0.0957,37.45,0,0
331.54,1,0.2841,10.55,0,0
30.84,3,0.2199,18.84,0,0
156.02,2,0.2249,2.31,0,0
130.45,10,0.171,4.06,0,0
31.75,18,0.2336,23.45,0,0
12.16,20,0.7241,7.58,0,0
25.22,21,0.0228,4.67,0,0
80.0,23,0.1969,37.38,0,0
99.8,20,0.0791,1.55,0,0
31.69,14,0.348,15.24,0,0
56.92,5,0.3326,15.67,1,0
20.73,14,0.2118,15.79,0,0
52.53,10,0.085,15.83,0,0
41.39,10,0.0981,6.08,0,0
62.49,16,0.1603,7.82,0,0
50.65,11,0.2565,5.7,0,0
18.02,5,0.3209,8.92,0,0
23.74,21,0.3297,9.26,0,0
28.31,8,0.1786,7.32,0,0
28.4,19,0.1633,2.68,1,0
98.53,12,0.1093,11.85,1,0
42.39,7,0.1174,3.97,0,0
55.12,8,0.1958,14.74,0,0
27.1,16,0.1185,0.49,0,0
50.52,14,0.0258,5.22,0,0
186.46,11,0.0721,8.34,0,0
8.49,13,0.1043,8.78,0,0
91.51,23,0.3488,30.7,0,0
32.43,11,0.2729,1.5,0,0
56.22,14,0.3886,24.91,0,0
88.3,12,0.109,5.07,1,0
53.22,14,0.2038,12.52,0,0
18.7,7,0.0961,18.15,0,0
21.67,19,0.0929,29.78,0,0
65.38,21,0.4291,4.05,0,0
44.35,11,0.3771,17.02,0,0
106.1,23,0.1383,26.11,1,0
32.26,8,0.1466,3.05,0,0
30.92,16,0.0989,5.0,1,0
37.28,10,0.2884,39.78,0,0
62.35,23,0.1209,1.73,0,0
29.13,14,0.0912,6.95,0,0
73.8,10,0.0565,10.34,0,0
67.52,15,0.0402,5.94,1,0
109.38,21,0.2956,18.15,0,0
34.94,17,0.1027,0.15,0,0
34.19,10,0.1305,5.95,0,0
22.49,2,0.1783,16.34,0,0
91.21,19,0.0434,7.71,0,0
71.33,17,0.1297,17.64,1,0
32.91,2,0.2012,29.04,1,0
59.5,2,0.248,0.5,0,0
35.63,16,0.1091,5.55,1,0
58.26,17,0.3944,19.33,0,0
50.99,20,0.3499,10.84,0,0
61.32,8,0.4254,8.4,0,0
63.8,20,0.4909,26.4,0,0
11.76,3,0.1457,2.11,0,0
44.52,20,0.2982,9.11,0,0
44.79,0,0.3879,21.64,1,0
47.31,9,0.1232,5.02,0,0
18.18,17,0.265,0.42,0,0
32.86,12,0.0321,7.61,1,0
170.87,22,0.1656,1.15,1,0
24.29,10,0.0859,27.29,1,0
41.63,23,0.1145,0.07,0,0
39.6,9,0.1798,14.76,0,0
39.46,7,0.2414,16.16,0,0
19.08,14,0.1501,4.28,1,0
20.05,3,0.1028,6.56,1,0
52.2,6,0.2396,8.96,0,0
115.52,1,0.2352,23.26,1,0
18.66,12,0.0527,15.81,0,0
100.34,2,0.1807,26.44,0,0
17.97,17,0.2127,14.89,0,0
108.17,21,0.0461,8.48,0,0
70.48,18,0.0166,13.17,1,0
22.19,6,0.0533,9.7,0,0
85.53,21,0.2901,15.92,0,0
123.35,0,0.1243,19.59,0,0
47.05,5,0.0673,8.74,0,0
83.95,16,0.1577,24.92,1,0
30.32,4,0.248,5.63,0,0
43.31,19,0.2243,43.17,0,0
28.04,1,0.0473,11.32,0,0
40.25,18,0.1175,7.45,0,0
65.19,7,0.2536,1.73,0,0
45.03,10,0.0552,26.19,1,0
32.54,4,0.2846,23.96,0,0
35.22,13,0.3506,11.77,0,0
72.13,6,0.201,8.13,0,0
37.95,8,0.3101,38.78,0,0
24.96,9,0.1765,8.29,0,0
151.77,10,0.1722,5.2,0,0
29.47,12,0.1416,8.07,0,0
106.02,9,0.3447,12.72,0,0
35.16,11,0.1505,0.63,0,0
76.88,13,0.1887,14.8,0,0
12.5,7,0.1976,4.85,0,0
13.72,19,0.214,5.12,0,0
81.19,14,0.3071,9.69,1,0
12.19,6,0.0719,2.37,0,0
51.43,11,0.0481,10.14,0,0
41.06,5,0.3912,16.73,0,0
122.44,1,0.2949,41.23,0,0
100.62,7,0.4833,20.32,0,0
128.56,17,0.316,5.27,1,0
43.57,21,0.085,7.78,0,0
46.2,9,0.0955,0.48,0,0
31.92,5,0.1894,49.06,0,0
39.71,6,0.1699,7.37,0,0
38.28,6,0.2701,0.34,0,0
85.26,15,0.1944,11.55,0,0
62.09,6,0.4259,3.29,1,0
60.49,1,0.4182,11.92,0,0
27.29,8,0.1853,19.03,0,0
112.64,10,0.4141,91.18,0,0
91.62,13,0.18,12.66,0,0
17.4,11,0.2598,14.2,1,0
15.13,21,0.488,21.75,0,0
56.48,17,0.3374,11.57,0,0
41.3,0,0.1112,0.63,0,0
33.97,20,0.4829,7.09,0,0
34.18,18,0.2589,37.19,0,0
74.84,13,0.2296,22.35,1,0
21.16,19,0.4818,9.91,0,0
42.66,11,0.2885,10.34,0,0
23.28,15,0.2023,8.68,0,0
275.83,19,0.2391,4.59,0,0
40.1,6,0.0261,15.43,0,0
55.08,19,0.1196,25.82,0,0
59.38,0,0.2555,2.5,0,0
139.66,21,0.3676,52.42,0,0
13.01,17,0.2303,23.19,0,0
77.62,4,0.2521,7.56,0,0
42.25,9,0.1816,12.39,0,0
46.84,10,0.1471,12.04,0,0
60.25,23,0.0592,5.4,0,0
44.56,14,0.0541,27.45,0,0
27.97,16,0.2045,59.25,0,0
21.05,12,0.0984,34.38,0,0
17.83,1,0.0804,25.93,0,0
130.56,9,0.2499,8.24,0,0
57.26,21,0.2325,4.01,0,0
68.8,16,0.3317,22.25,1,0
56.13,3,0.0564,6.83,0,0
34.6,6,0.1359,82.82,0,0
64.54,12,0.1307,26.43,1,0
74.04,13,0.1957,5.4,0,0
87.77,7,0.119,2.72,0,0
51.34,1,0.1698,0.23,1,0
16.44,1,0.0593,3.83,0,0
98.49,11,0.0629,1.51,1,0
128.72,1,0.1165,19.57,1,0
9.14,23,0.2849,3.43,0,0
71.7,22,0.2696,6.89,0,0
31.81,9,0.1264,10.74,0,0
31.46,11,0.3224,17.51,0,0
28.92,1,0.1927,1.79,1,0
74.63,11,0.2928,0.25,0,0
293.83,8,0.453,8.32,0,0
38.45,22,0.2171,3.36,0,0
38.56,1,0.0632,13.04,0,0
114.51,0,0.1788,7.24,0,0
63.87,8,0.2535,6.66,0,0
81.33,0,0.2864,57.32,1,0
50.16,19,0.0532,4.51,0,0
16.71,5,0.1537,11.93,0,0
5.6,15,0.3349,22.94,0,0
40.86,0,0.0252,12.6,1,0
28.49,18,0.2132,25.6,0,0
21.58,5,0.213,43.76,0,0
14.28,2,0.2803,2.9,0,0
56.7,14,0.31,13.07,0,0
61.31,0,0.0947,11.8,0,0
35.5,1,0.578,6.21,0,0
80.99,0,0.2528,45.09,0,0
89.66,3,0.2305,12.64,0,0
43.65,2,0.2395,15.96,0,0
37.15,9,0.2178,4.82,0,0
38.56,18,0.0884,26.1,0,0
32.15,21,0.0873,8.41,0,0
60.04,19,0.3001,17.67,1,0
66.0,13,0.2909,2.96,0,0
22.66,2,0.1349,20.84,0,0
25.15,4,0.1734,10.77,0,0
16.48,23,0.3717,23.27,0,0
96.59,17,0.3163,4.44,0,0
58.13,9,0.4193,15.04,0,0
67.96,0,0.1237,7.79,0,0
37.08,14,0.1642,28.09,0,0
61.96,4,0.4919,1.52,0,0
75.94,7,0.4225,4.34,0,0
20.04,20,0.1797,21.55,1,0
20.97,5,0.0849,0.71,1,0
76.34,2,0.086,0.81,0,0
11.64,22,0.0091,13.98,0,0
51.98,19,0.2466,6.96,1,0
26.88,2,0.1004,12.16,0,0
89.75,23,0.1867,18.82,0,0
140.56,19,0.2613,7.42,0,0
25.42,18,0.2161,1.27,0,0
26.1,11,0.1856,22.87,0,0
58.33,16,0.2476,50.2,0,0
36.52,16,0.0522,6.87,0,0
73.31,18,0.7057,5.46,1,0
27.34,4,0.23,44.98,0,0
18.39,5,0.1424,6.23,0,0
20.93,5,0.0685,1.75,0,0
43.94,12,0.0903,12.11,0,0
105.49,3,0.0686,16.17,0,0
81.08,5,0.0168,9.44,0,0
41.82,8,0.0756,5.37,0,0
62.21,4,0.2316,17.37,0,0
10.65,13,0.0398,16.62,0,0
18.78,2,0.1625,2.08,0,0
101.87,7,0.3475,7.5,1,0
85.07,16,0.4001,17.21,1,0
37.0,3,0.371,105.93,0,0
24.31,8,0.31,1.23,1,0
55.53,9,0.0921,15.51,0,0
27.44,5,0.1058,9.53,0,0
74.63,15,0.12,3.85,0,0
14.16,13,0.283,1.89,0,0
15.77,8,0.2651,6.76,0,0
159.14,6,0.2729,34.83,0,0
38.96,20,0.1239,39.27,0,0
22.43,5,0.3603,41.55,0,0
17.8,8,0.0712,1.85,0,0
30.51,10,0.3016,10.67,0,0
50.62,19,0.0325,36.09,0,0
26.5,18,0.2342,65.66,0,0
27.06,23,0.1934,30.68,0,0
57.29,10,0.114,10.71,0,0
29.11,22,0.0557,4.2,1,0
22.36,21,0.089,4.5,0,0
18.04,11,0.1843,11.76,0,0
31.04,18,0.1674,0.6,0,0
79.13,4,0.1536,8.04,1,0
40.12,6,0.2063,4.01,0,0
71.7,3,0.0211,39.71,0,0
106.49,2,0.1865,5.96,0,0
39.28,19,0.134,8.49,0,0
27.03,9,0.1709,0.42,0,0
27.73,4,0.2007,5.07,0,0
9.55,20,0.0906,11.98,0,0
79.27,1,0.1581,29.19,0,0
297.16,16,0.2611,9.08,0,0
69.68,16,0.0611,3.2,1,0
32.21,5,0.3308,9.17,0,0
45.8,5,0.3765,7.22,0,0
20.31,15,0.1933,9.39,0,0
55.59,21,0.1918,9.81,0,0
33.87,9,0.1656,25.81,0,0
58.93,18,0.2768,9.95,0,0
122.05,4,0.2549,11.36,0,0
25.75,14,0.1196,19.39,0,0
75.97,22,0.2535,12.51,0,0
79.92,0,0.1633,4.14,0,0
48.77,0,0.4303,14.26,0,0
26.25,7,0.0954,6.62,1,0
39.69,13,0.1572,15.59,0,0
34.25,20,0.2084,2.3,0,0
74.77,7,0.0677,16.75,0,0
72.57,17,0.6512,13.54,0,0
78.26,10,0.1039,0.36,0,0
12.4,12,0.2057,19.9,0,0
57.81,17,0.1214,16.05,0,0
66.72,8,0.134,24.92,0,0
18.46,23,0.2859,8.57,1,0
81.36,18,0.2445,76.14,0,0
57.7,12,0.1485,1.61,0,0
21.55,12,0.0873,3.97,0,0
22.22,10,0.0579,43.04,1,0
163.51,0,0.1817,2.1,0,0
49.63,12,0.0229,7.15,0,0
23.61,9,0.1317,60.63,0,0
117.69,21,0.1889,0.86,0,0
91.94,21,0.2394,5.05,0,0
44.08,9,0.2731,7.97,1,0
42.38,13,0.2676,11.04,0,0
64.03,15,0.3371,9.49,0,0
47.59,3,0.1979,2.39,0,0
61.39,6,0.5354,33.69,0,0
50.85,10,0.2641,6.23,0,0
52.86,17,0.117,38.9,0,0
81.53,20,0.3602,16.73,0,0
44.89,9,0.0808,17.69,0,0
12.59,4,0.2553,9.09,0,0
33.18,16,0.2308,14.01,0,0
82.36,1,0.0505,0.13,0,0
70.95,1,0.319,23.41,0,0
10.22,7,0.3048,16.47,0,0
51.86,13,0.1903,30.1,0,0
99.83,21,0.1671,8.61,1,0
39.94,11,0.2279,7.62,0,0
41.75,13,0.0071,11.57,0,0
27.18,20,0.3281,3.32,0,0
155.16,9,0.427,0.46,0,0
26.49,23,0.3491,3.32,0,0
92.69,17,0.0264,15.76,0,0
13.81,23,0.0697,3.15,0,0
49.85,10,0.0424,11.23,1,0
72.95,2,0.1391,12.12,0,0
32.49,11,0.2047,22.73,0,0
137.86,10,0.1365,26.78,0,0
32.32,13,0.3776,8.24,0,0
18.55,0,0.2026,11.97,0,0
36.18,12,0.1568,35.19,0,0
41.15,10,0.0257,10.75,1,0
74.43,18,0.152,22.96,0,0
30.86,12,0.2373,16.57,0,0
107.18,10,0.2886,4.68,0,0
59.14,14,0.1705,11.13,0,0
88.04,23,0.4878,9.25,0,0
57.15,5,0.3738,2.65,0,0
35.98,11,0.1259,14.18,0,0
55.93,20,0.4862,12.63,0,0
78.58,22,0.2821,17.57,0,0
81.79,20,0.4324,0.09,0,0
37.1,22,0.4474,19.48,0,0
26.99,2,0.0579,8.45,0,0
15.67,15,0.0789,22.28,0,0
48.05,17,0.2116,37.67,0,0
28.44,23,0.1743,4.05,0,0
108.51,2,0.2026,0.39,0,0
34.45,18,0.1686,53.12,0,0
45.66,7,0.1304,0.01,1,0
24.56,23,0.2309,2.55,0,0
35.19,7,0.1871,11.68,0,0
72.49,19,0.0735,25.71,0,0
63.24,15,0.1151,5.5,0,0
208.13,8,0.034,25.21,0,0
20.21,12,0.1349,11.13,0,0
27.68,12,0.018,3.02,0,0
23.44,23,0.1104,10.0,0,0
15.84,18,0.2551,20.66,0,0
43.37,14,0.1491,2.78,0,0
34.31,15,0.3434,11.48,1,0
152.5,10,0.3174,60.0,0,0
34.61,13,0.1616,6.13,0,0
104.58,21,0.2142,19.82,0,0
381.51,2,0.2986,7.14,0,0
125.58,4,0.2576,5.86,0,0
14.83,4,0.1775,4.7,0,0
24.4,4,0.1056,35.44,0,0
46.76,11,0.286,51.41,0,0
75.4,2,0.2322,9.03,0,0
24.41,9,0.3338,1.44,0,0
74.3,12,0.3518,58.29,0,0
62.04,8,0.2219,6.15,0,0
57.59,3,0.2338,13.64,0,0
49.45,0,0.1914,2.53,0,0
13.19,0,0.1512,16.41,1,0
50.72,13,0.1142,26.11,0,0
150.68,13,0.553,9.27,0,0
39.37,19,0.2032,15.07,0,0
93.36,12,0.2125,4.29,0,0
45.81,20,0.2399,37.95,0,0
47.13,8,0.2169,69.86,0,0
123.83,19,0.2238,2.13,1,0
62.78,21,0.0998,17.61,0,0
74.99,22,0.1768,20.06,0,0
68.75,8,0.1244,33.49,0,0
18.95,22,0.2509,22.42,1,0
20.84,18,0.1553,70.87,0,0
8.83,1,0.0685,8.71,0,0
37.46,15,0.0559,0.85,0,0
22.95,20,0.2753,15.07,0,0
21.48,7,0.2325,33.86,0,0
69.4,8,0.3538,31.18,0,0
52.17,8,0.2128,34.29,1,0
37.28,23,0.3235,23.96,0,0
50.0,23,0.134,36.58,0,0
69.72,16,0.0991,1.46,0,0
30.07,5,0.1776,20.43,0,0
57.57,22,0.0932,24.96,0,0
44.05,11,0.1056,5.08,0,0
31.88,9,0.068,12.29,0,0
37.43,23,0.1511,5.91,0,0
25.09,13,0.0863,16.39,0,0
47.79,7,0.4638,23.8,1,0
38.35,17,0.1409,13.23,0,0
107.65,16,0.2626,5.93,0,0
44.93,3,0.0762,2.18,0,0
68.17,20,0.0972,7.43,0,0
190.4,13,0.1543,28.67,0,0
56.72,2,0.0284,24.73,0,0
67.93,11,0.0896,4.19,0,0
62.43,7,0.2863,0.64,0,0
75.0,0,0.1379,2.29,0,0
28.75,17,0.1697,25.49,0,0
52.06,18,0.4836,6.33,0,0
37.72,23,0.2644,48.94,0,0
96.63,18,0.1563,4.91,0,0
19.88,1,0.2903,35.35,0,0
53.47,1,0.0808,25.19,0,0
51.65,3,0.0092,10.3,0,0
34.52,0,0.2028,2.17,0,0
62.4,23,0.6604,57.35,0,0
223.15,0,0.6044,1.26,0,0
136.8,17,0.2254,14.96,0,0
101.42,11,0.2638,30.05,0,0
47.62,19,0.1781,6.32,0,0
27.77,6,0.1704,1.17,0,0
34.71,17,0.0658,27.61,0,0
74.75,7,0.3015,6.59,0,0
31.0,17,0.06,0.08,0,0
129.29,14,0.4292,3.63,0,0
160.5,8,0.2386,14.8,0,0
65.05,18,0.4663,16.48,0,0
101.0,13,0.2237,13.97,0,0
52.83,2,0.3829,37.26,0,0
24.84,12,0.0233,3.69,0,0
50.6,16,0.1311,8.61,0,0
78.75,22,0.2847,30.47,0,0
77.51,19,0.0829,22.29,0,0
63.32,15,0.3353,3.57,0,0
70.64,3,0.1636,3.83,1,0
10.17,11,0.2411,19.08,0,0
97.53,16,0.0995,23.55,0,0
23.7,23,0.0994,20.1,0,0
36.05,15,0.084,20.39,0,0
273.08,12,0.2266,21.06,0,0
29.28,13,0.1253,14.41,0,0
89.47,0,0.2101,13.12,0,0
14.64,12,0.1028,15.36,0,0
264.06,8,0.2038,40.07,0,0
15.62,21,0.087,3.92,0,0
33.34,8,0.1572,1.52,0,0
39.95,9,0.209,68.77,0,0
17.44,15,0.1657,2.87,0,0
25.48,13,0.1306,11.74,0,0
51.35,18,0.9569,46.19,1,1
37.66,5,0.2866,7.23,0,0
45.45,5,0.1393,8.82,0,0
88.06,9,0.1831,9.95,0,0
26.55,4,0.0859,6.69,0,0
35.89,18,0.1654,8.63,0,0
24.68,23,0.2022,8.58,0,0
22.97,3,0.352,79.57,0,0
84.24,0,0.0882,4.56,0,0
22.1,15,0.3949,8.53,0,0
38.36,17,0.0187,14.08,0,0
59.15,16,0.5297,0.58,0,0
88.98,21,0.3202,45.25,0,0
31.54,0,0.0343,36.35,0,0
14.98,6,0.2176,4.24,1,0
31.45,21,0.0953,31.23,0,0
214.57,10,0.649,85.39,1,1
11.75,21,0.1195,11.13,0,0
43.92,10,0.0448,48.55,1,0
50.57,10,0.3869,8.28,0,0
37.12,5,0.2993,6.55,0,0
7.69,15,0.0848,30.6,0,0
153.33,10,0.122,8.53,0,0
26.54,15,0.2778,1.33,0,0
99.1,17,0.422,9.1,0,0
54.98,13,0.2721,45.73,0,0
36.5,8,0.0912,4.45,0,0
13.67,6,0.176,1.25,1,0
43.23,20,0.3416,2.07,0,0
42.15,12,0.0098,3.02,0,0
300.55,0,0.0697,4.88,0,0
8.47,18,0.156,15.38,0,0
68.29,6,0.2942,7.86,0,0
28.46,18,0.1454,1.83,0,0
25.0,2,0.0916,16.37,0,0
40.35,7,0.1703,40.34,0,0
62.29,1,0.2638,42.16,0,0
37.88,10,0.0721,0.43,0,0
74.66,18,0.1843,2.86,0,0
54.27,13,0.6085,6.26,0,0
54.21,7,0.145,1.12,0,0
147.2,21,0.2366,0.51,0,0
60.49,10,0.0992,6.63,0,0
81.27,2,0.0385,15.66,0,0
69.92,7,0.0473,2.42,0,0
43.05,2,0.3867,47.64,0,0
62.19,3,0.1252,7.08,0,0
16.66,17,0.1504,3.69,0,0
43.45,4,0.3147,31.47,1,0
43.24,6,0.3313,8.87,0,0
30.13,1,0.1213,18.34,0,0
40.16,14,0.2097,8.98,0,0
20.83,13,0.0418,28.96,0,0
57.7,6,0.0917,0.39,0,0
18.0,6,0.3079,17.18,0,0
45.28,14,0.3461,21.51,0,0
53.62,14,0.149,5.43,0,0
42.78,12,0.1388,4.76,1,0
57.06,2,0.3283,3.72,0,0
64.91,2,0.1366,0.14,0,0
45.49,22,0.1428,17.91,0,0
51.15,18,0.138,29.34,0,0
41.29,16,0.192,12.97,0,0
105.35,7,0.1841,7.12,0,0
24.21,7,0.3086,28.76,0,0
45.04,14,0.1971,54.47,0,0
11.94,7,0.1603,8.44,0,0
18.97,11,0.2277,12.16,0,0
18.14,5,0.1142,63.99,1,0
19.84,5,0.2098,46.18,0,0
32.35,18,0.0944,0.66,0,0
37.28,11,0.1422,6.0,0,0
101.23,1,0.0799,34.6,0,0
83.92,16,0.5573,13.46,0,0
38.65,19,0.2117,6.84,0,0
168.12,16,0.1774,2.5,0,0
32.71,7,0.0447,16.82,0,0
42.37,4,0.1626,32.28,0,0
19.54,18,0.1747,46.65,0,0
54.76,16,0.5714,27.82,0,0
21.92,19,0.1857,0.84,0,0
16.75,21,0.0376,27.23,0,0
24.53,23,0.2086,27.13,0,0
81.33,4,0.1755,13.28,0,0
82.51,5,0.1786,14.84,0,0
76.51,0,0.1891,19.77,0,0
38.38,10,0.2346,7.36,0,0
49.41,2,0.1774,0.74,0,0
25.15,1,0.2537,3.11,0,0
51.87,9,0.2355,19.92,0,0
39.6,21,0.1687,15.1,1,0
27.53,4,0.1298,14.72,0,0
26.63,0,0.3134,25.3,0,0
48.61,7,0.0808,1.83,1,0
43.48,16,0.4839,2.53,0,0
20.16,19,0.1295,61.27,0,0
33.95,6,0.1644,1.21,1,0
22.75,3,0.1686,4.75,0,0
37.78,2,0.1259,9.73,0,0
27.91,23,0.1168,0.62,0,0
56.81,5,0.1676,20.22,0,0
34.04,12,0.0471,77.03,0,0
65.73,3,0.0746,14.16,0,0
25.43,22,0.1213,13.26,0,0
14.19,23,0.2122,0.3,1,0
25.72,13,0.3722,24.41,0,0
77.28,9,0.2615,8.47,0,0
107.76,16,0.4121,1.5,0,0
15.89,5,0.0251,57.4,0,0
28.11,15,0.5257,10.24,0,0
43.19,9,0.2003,3.62,1,0
16.13,0,0.3162,12.68,1,0
14.04,14,0.2589,2.79,0,0
19.68,18,0.0506,16.18,0,0
46.61,5,0.1081,5.38,0,0
158.51,21,0.1936,53.46,1,0
48.31,12,0.4965,1.2,1,0
97.79,13,0.5037,0.25,0,0
41.46,21,0.1005,5.01,0,0
48.35,13,0.7075,2.05,0,0
14.82,5,0.2552,17.47,0,0
51.97,5,0.1398,1.45,0,0
20.2,0,0.2293,3.09,1,0
40.93,9,0.0833,3.08,0,0
64.15,19,0.3153,19.46,0,0
43.21,1,0.4338,4.64,0,0
43.24,22,0.0896,35.68,0,0
35.84,12,0.197,26.64,0,0
42.13,9,0.2919,1.69,0,0
59.35,2,0.0979,1.52,1,0
20.37,6,0.306,3.63,1,0
15.97,17,0.2355,23.41,0,0
46.76,7,0.0479,0.55,0,0
55.86,14,0.2224,24.17,0,0
44.48,7,0.2038,21.66,0,0
17.69,17,0.1711,3.34,1,0
78.22,10,0.1601,39.35,0,0
65.72,9,0.0244,8.04,0,0
193.69,8,0.0374,2.05,0,0
44.58,7,0.1399,2.59,0,0
6.26,18,0.2585,40.29,0,0
49.49,0,0.2015,17.25,0,0
83.84,1,0.1718,25.22,0,0
38.27,3,0.3698,5.91,0,0
82.14,11,0.1579,28.26,0,0
48.14,6,0.2073,11.0,0,0
76.99,5,0.1861,0.94,0,0
13.62,9,0.1988,32.04,0,0
6.71,20,0.2688,3.32,0,0
26.69,13,0.1854,26.47,1,0
16.05,18,0.068,23.76,0,0
62.98,17,0.3771,6.6,0,0
24.84,23,0.2165,3.8,0,0
17.27,17,0.1033,12.24,0,0
71.18,17,0.3268,5.67,0,0
33.83,9,0.2451,26.09,0,0
40.7,13,0.2566,1.12,0,0
50.46,11,0.0666,1.38,0,0
12.29,0,0.1051,18.52,0,0
116.64,17,0.2976,13.2,0,0
35.22,11,0.2369,8.0,0,0
96.99,0,0.1861,46.68,0,0
88.15,7,0.3181,2.49,1,0
82.85,8,0.3338,29.86,0,0
119.38,8,0.0662,0.85,0,0
29.21,23,0.1786,12.97,0,0
46.96,19,0.0415,21.24,0,0
42.53,12,0.2507,14.55,0,0
41.36,19,0.1689,3.22,0,0
135.87,9,0.1171,1.02,0,0
115.82,10,0.0546,30.9,1,0
28.14,4,0.1484,12.99,0,0
32.59,9,0.3768,3.4,0,0
46.88,6,0.4998,18.41,0,0
46.9,12,0.1332,2.24,0,0
57.93,13,0.361,1.09,0,0
22.57,9,0.0609,25.7,0,0
170.41,22,0.3617,60.03,0,0
32.06,18,0.1298,12.41,1,0
23.59,20,0.2776,7.44,0,0
42.11,23,0.3873,15.32,0,0
51.68,15,0.1329,23.38,0,0
18.18,10,0.0451,22.04,0,0
87.12,6,0.1983,1.92,0,0
34.93,4,0.29,36.98,0,0
18.15,9,0.0763,8.27,0,0
122.54,4,0.0815,61.69,0,0
27.86,2,0.1828,21.43,0,0
86.78,18,0.3235,10.07,0,0
26.35,4,0.0775,35.99,1,0
49.53,16,0.3585,8.5,0,0
72.89,18,0.0782,4.69,0,0
28.89,19,0.2157,2.63,0,0
104.72,9,0.2772,23.92,0,0
35.98,2,0.2011,26.91,0,0
55.4,9,0.3236,26.85,0,0
28.83,13,0.3923,0.9,0,0
14.77,18,0.095,10.7,0,0
35.97,4,0.0995,11.28,0,0
86.72,0,0.1339,3.5,0,0
46.99,19,0.2456,10.26,0,0
15.0,10,0.2503,7.52,0,0
24.28,23,0.1185,17.59,0,0
32.98,18,0.3423,26.1,0,0
17.85,16,0.1358,1.71,0,0
41.51,9,0.3347,13.95,0,0
17.21,18,0.2728,19.33,0,0
65.98,20,0.0622,4.03,0,0
29.15,1,0.1124,38.38,1,0
154.36,16,0.1144,17.5,1,0
187.71,14,0.3517,17.39,0,0
20.32,14,0.1204,20.98,0,0
28.73,12,0.1695,8.59,0,0
29.34,22,0.405,9.91,1,0
87.86,0,0.1567,4.11,1,0
53.01,21,0.1492,5.32,0,0
13.98,16,0.0712,10.28,0,0
17.31,10,0.2692,16.3,0,0
27.83,14,0.2236,0.84,0,0
131.78,22,0.0851,8.4,0,0
168.99,12,0.3898,10.25,0,0
92.84,2,0.0913,23.63,0,0
35.73,10,0.5448,7.99,1,0
69.08,15,0.3852,10.33,0,0
35.99,0,0.4522,17.71,0,0
58.71,12,0.2888,13.95,0,0
16.83,5,0.3092,42.19,0,0
10.63,0,0.0933,22.69,0,0
21.29,8,0.1039,7.71,0,0
15.77,1,0.2403,7.63,1,0
32.0,21,0.1004,6.31,0,0
118.51,19,0.4256,10.75,0,0
101.39,4,0.1636,0.14,0,0
40.42,19,0.1162,9.55,1,0
62.78,8,0.1588,35.64,0,0
18.97,10,0.2737,22.7,0,0
37.88,18,0.2809,9.27,0,0
30.56,1,0.2311,14.92,0,0
31.2,15,0.3151,15.0,0,0
68.74,17,0.1121,54.46,0,0
59.59,11,0.1616,11.88,0,0
13.85,2,0.1627,11.06,0,0
32.6,23,0.2058,0.99,0,0
108.52,18,0.1632,8.91,0,0
52.78,18,0.316,24.78,1,0
71.01,5,0.3784,5.9,0,0
32.37,15,0.2658,22.32,0,0
28.74,23,0.3067,0.8,0,0
24.85,2,0.2456,30.09,0,0
136.72,16,0.3367,1.74,0,0
13.2,23,0.2761,1.38,0,0
9.55,13,0.101,14.38,0,0
40.84,13,0.381,1.77,1,0
60.33,1,0.1363,0.98,0,0
33.51,18,0.1356,19.25,0,0
41.55,13,0.1914,2.84,0,0
43.7,0,0.2444,81.95,0,0
59.32,5,0.4093,18.91,0,0
33.8,7,0.267,19.07,0,0
35.03,2,0.2224,62.22,0,0
100.69,18,0.1741,45.6,0,0
94.5,18,0.1451,20.24,1,0
29.56,18,0.2283,16.44,0,0
106.37,9,0.1349,2.38,0,0
69.22,3,0.0257,61.58,0,0
47.82,16,0.1608,22.11,0,0
53.09,0,0.0685,16.3,0,0
75.11,3,0.119,22.21,0,0
53.61,1,0.0774,5.99,0,0
47.04,15,0.2937,21.76,0,0
58.71,18,0.2585,8.27,0,0
96.6,1,0.3025,14.79,0,0
13.81,13,0.2409,6.86,0,0
28.36,15,0.1577,39.55,0,0
159.62,18,0.4046,8.95,0,0
63.43,16,0.1318,3.94,0,0
74.86,6,0.3169,36.86,0,0
18.26,3,0.1338,26.27,0,0
27.97,6,0.2014,54.41,0,0
56.5,6,0.2817,15.59,0,0
157.45,5,0.0891,9.46,0,0
46.4,19,0.1653,11.79,0,0
40.89,3,0.1834,47.03,0,0
121.11,10,0.229,6.91,0,0
31.83,12,0.3025,15.09,0,0
44.71,21,0.177,23.71,1,0
50.71,21,0.1719,9.08,0,0
51.91,12,0.3117,14.78,0,0
49.55,2,0.4075,0.63,0,0
115.23,22,0.131,35.9,0,0
181.45,19,0.1333,7.45,0,0
96.71,9,0.2418,32.03,0,0
18.28,18,0.0718,9.32,1,0
47.27,21,0.3387,73.01,0,0
29.13,13,0.3527,8.01,0,0
32.12,9,0.1241,10.6,0,0
60.56,9,0.0876,12.9,0,0
65.74,22,0.5178,9.65,0,0
42.9,1,0.1025,6.42,0,0
46.21,18,0.2308,1.83,0,0
38.45,8,0.2775,12.7,0,0
78.31,13,0.1346,15.91,0,0
46.88,14,0.0631,1.96,0,0
41.1,16,0.1186,4.81,0,0
39.02,20,0.1724,63.7,0,0
21.44,9,0.3982,5.59,1,0
20.9,22,0.4077,9.86,0,0
101.94,17,0.1706,83.38,0,0
30.66,11,0.3787,2.36,0,0
47.42,1,0.1231,24.79,0,0
217.4,8,0.1756,2.11,0,0
44.23,4,0.1385,0.73,0,0
67.07,5,0.3424,1.2,0,0
145.48,6,0.1893,2.43,1,0
67.84,0,0.1945,10.12,0,0
49.3,23,0.2329,0.74,0,0
54.87,18,0.2617,45.27,0,0
12.43,20,0.1174,0.05,0,0
30.17,17,0.197,52.55,0,0
30.9,19,0.2108,4.83,1,0
35.04,4,0.2823,22.34,1,0
19.87,18,0.3193,5.88,1,0
26.84,14,0.1081,14.83,0,0
121.5,3,0.2455,5.37,0,0
124.76,4,0.1719,8.97,0,0
79.77,16,0.5395,28.69,0,0
42.63,12,0.1697,12.38,0,0
31.33,20,0.1011,24.95,0,0
38.42,4,0.0668,52.0,0,0
21.05,4,0.1572,18.72,0,0
24.33,10,0.1955,2.73,0,0
99.24,4,0.0858,13.22,0,0
22.68,11,0.221,0.45,0,0
231.05,3,0.3041,27.13,0,0
13.95,4,0.0252,5.36,0,0
22.33,7,0.3239,16.77,0,0
13.96,4,0.2376,1.09,0,0
19.62,5,0.1778,34.25,0,0
27.36,19,0.1536,16.05,0,0
148.34,11,0.1228,19.64,0,0
77.93,6,0.3849,6.74,0,0
48.5,11,0.0769,8.25,0,0
51.97,21,0.2365,23.67,0,0
54.36,7,0.1783,13.59,0,0
38.18,21,0.5113,9.4,0,0
85.29,13,0.2109,3.04,0,0
111.06,6,0.4191,17.27,0,0
69.44,20,0.0646,7.49,0,0
28.67,17,0.3336,3.86,0,0
88.27,10,0.2247,22.52,0,0
130.93,0,0.0236,18.39,0,0
63.28,15,0.2271,37.46,0,0
114.99,12,0.0417,3.78,0,0
80.43,3,0.2127,34.07,0,0
22.86,18,0.3801,0.14,0,0
51.29,13,0.1727,9.64,0,0
36.17,19,0.1137,1.37,1,0
131.44,6,0.2169,12.85,0,0
43.81,4,0.1051,11.81,0,0
22.62,2,0.0503,4.21,0,0
13.77,16,0.1048,32.2,0,0
69.55,12,0.0314,5.6,0,0
34.5,15,0.3542,38.96,1,0
54.79,17,0.2002,2.58,0,0
42.33,23,0.1398,17.56,0,0
16.22,19,0.2582,1.57,0,0
50.48,2,0.3877,30.42,0,0
45.16,10,0.235,5.0,0,0
47.52,15,0.2613,6.02,0,0
164.85,22,0.2043,12.31,0,0
58.91,19,0.3572,14.45,0,0
14.18,3,0.043,15.28,0,0
17.36,9,0.0471,12.27,0,0
27.2,13,0.0442,8.17,1,0
13.57,7,0.1377,4.2,0,0
61.56,5,0.1578,67.89,0,0
55.3,18,0.2076,11.04,1,0
98.43,3,0.1038,0.38,0,0
17.87,16,0.2829,2.9,0,0
59.89,4,0.2357,43.58,0,0
39.96,4,0.3052,30.91,0,0
91.33,13,0.3167,33.05,0,0
67.39,13,0.4128,2.2,0,0
11.7,13,0.1319,46.43,1,0
21.1,19,0.1575,3.8,0,0
41.49,16,0.2742,16.55,0,0
37.46,5,0.2217,4.39,0,0
47.63,12,0.1776,53.04,0,0
140.31,2,0.1172,32.74,0,0
25.78,6,0.0155,26.86,0,0
9.03,4,0.1885,18.68,0,0
54.49,16,0.3427,28.14,0,0
120.45,19,0.3989,0.19,0,0
140.63,12,0.1191,10.66,1,0
34.76,12,0.1219,25.8,0,0
38.42,0,0.0878,19.51,0,0
33.35,23,0.3963,4.72,0,0
91.39,9,0.2326,9.05,1,0
35.75,8,0.3556,85.79,0,0
30.79,7,0.1677,33.59,1,0
71.77,21,0.1622,0.92,0,0
59.72,0,0.1465,0.26,0,0
75.43,1,0.4277,16.55,0,0
53.26,1,0.0631,14.63,0,0
17.07,9,0.0652,13.06,0,0
28.28,8,0.1496,32.5,0,0
30.69,16,0.1551,6.41,0,0
31.98,16,0.2557,6.63,1,0
98.24,22,0.0271,10.43,0,0
53.54,5,0.1456,11.48,1,0
69.81,17,0.5106,4.91,0,0
29.39,5,0.1288,8.16,0,0
131.48,16,0.1087,1.52,0,0
85.59,9,0.1479,1.02,0,0
99.81,18,0.3375,59.59,0,0
133.58,1,0.2068,6.65,1,0
149.95,18,0.0719,11.99,1,0
87.19,3,0.2035,2.4,0,0
58.78,21,0.3776,1.79,0,0
23.4,11,0.3302,15.47,0,0
43.85,18,0.3278,8.38,0,0
48.46,11,0.3669,19.13,0,0
67.63,3,0.1893,46.11,0,0
40.19,8,0.2882,2.25,0,0
56.1,3,0.0414,11.54,0,0
208.96,21,0.2952,46.21,0,0
56.35,20,0.2787,2.97,0,0
93.01,4,0.4075,3.0,0,0
35.07,1,0.1388,1.11,0,0
105.98,10,0.0762,21.8,0,0
14.53,12,0.0437,8.59,0,0
16.62,0,0.2274,6.24,0,0
287.5,4,0.161,8.49,0,0
63.06,15,0.1794,21.96,0,0
53.57,17,0.0785,29.89,0,0
67.54,2,0.3656,4.71,0,0
46.5,21,0.5714,30.98,0,0
180.75,7,0.0922,7.62,0,0
62.72,4,0.4693,5.25,0,0
23.52,1,0.0719,3.58,0,0
87.38,0,0.2523,19.77,0,0
70.76,5,0.1556,14.52,0,0
17.76,10,0.2921,1.54,0,0
50.14,22,0.0613,10.95,0,0
10.15,13,0.028,8.0,0,0
52.51,7,0.3195,3.59,1,0
28.72,21,0.139,25.66,1,0
34.47,15,0.5663,0.22,0,0
81.52,7,0.0259,0.07,0,0
25.4,6,0.2351,8.53,0,0
37.78,11,0.1302,3.31,0,0
27.48,17,0.2195,34.7,0,0
37.98,13,0.3273,10.69,0,0
435.17,8,0.9067,83.03,1,1
29.0,6,0.2356,68.84,0,0
65.38,9,0.0986,16.99,0,0
34.03,10,0.4488,9.26,0,0
40.53,13,0.1372,6.7,0,0
52.89,18,0.0264,76.54,0,0
20.29,11,0.1932,5.54,0,0
126.68,18,0.0602,13.82,0,0
35.62,14,0.4436,38.6,0,0
55.65,12,0.2801,14.36,0,0
51.63,7,0.3036,40.47,0,0
18.35,11,0.1261,13.88,0,0
12.94,14,0.2476,7.96,0,0
73.08,21,0.2142,4.97,1,0
27.54,19,0.1957,20.81,0,0
35.17,8,0.1116,27.93,0,0
99.23,3,0.5295,3.11,0,0
39.48,3,0.2014,11.56,0,0
37.23,9,0.0688,13.28,0,0
9.38,12,0.2475,38.07,0,0
31.72,6,0.079,5.41,0,0
29.93,17,0.2418,5.24,0,0
49.92,0,0.1788,10.19,0,0
30.45,12,0.1532,40.81,0,0
29.35,20,0.2543,79.1,0,0
66.32,6,0.0265,1.39,0,0
27.31,7,0.2949,13.56,0,0
79.98,21,0.0651,0.93,0,0
11.53,1,0.2602,1.92,0,0
243.71,7,0.3133,15.27,1,0
25.06,10,0.0388,32.13,0,0
102.14,11,0.1398,15.0,0,0
38.69,23,0.167,18.99,0,0
36.17,5,0.2374,14.47,0,0
81.7,23,0.3165,42.63,0,0
21.56,21,0.1599,32.98,0,0
37.77,11,0.0953,24.62,0,0
33.11,9,0.1874,11.95,0,0
14.21,1,0.1862,41.57,0,0
89.38,11,0.1036,14.27,0,0
20.25,20,0.1086,14.47,0,0
65.69,23,0.193,27.63,0,0
160.02,9,0.4338,19.91,0,0
36.84,0,0.355,6.72,0,0
38.99,22,0.1123,1.29,0,0
54.68,21,0.1567,28.74,0,0
33.63,12,0.4018,7.49,0,0
46.63,10,0.2285,0.28,0,0
26.04,21,0.0997,12.65,0,0
72.54,22,0.2165,24.25,0,0
88.13,6,0.2502,20.47,0,0
17.89,15,0.2803,14.86,0,0
54.94,12,0.1549,0.58,0,0
63.65,0,0.1334,1.27,0,0
128.28,2,0.5862,9.92,0,0
26.09,6,0.3426,56.07,0,0
29.38,2,0.254,2.93,1,0
11.34,7,0.1822,22.32,0,0
63.76,1,0.1638,3.48,0,0
59.23,11,0.0644,0.16,0,0
130.02,2,0.4496,10.03,0,0
49.29,10,0.2259,6.21,0,0
30.31,1,0.2728,2.68,0,0
16.75,8,0.3385,33.45,1,0
32.06,12,0.2619,2.99,0,0
36.59,9,0.1158,6.29,1,0
165.25,23,0.7495,0.51,1,1
87.01,1,0.2778,19.24,0,0
14.52,0,0.1469,4.68,0,0
78.69,23,0.2514,26.52,1,0
17.98,4,0.1944,5.14,0,0
22.27,6,0.0928,1.67,0,0
27.76,4,0.38,26.07,0,0
22.95,11,0.1611,6.83,0,0
41.52,15,0.1501,30.2,0,0
105.02,4,0.1154,24.23,0,0
45.63,3,0.1415,4.16,0,0
31.46,1,0.1747,1.4,1,0
173.46,14,0.2603,7.66,0,0
39.79,23,0.0313,27.66,0,0
5.27,8,0.0497,10.27,0,0
67.85,19,0.3084,3.01,0,0
152.94,7,0.2101,8.64,0,0
28.87,6,0.3238,4.18,0,0
33.05,13,0.1027,14.02,1,0
23.08,15,0.1838,6.17,0,0
67.92,21,0.0679,6.59,0,0
31.14,20,0.4703,1.6,0,0
45.11,2,0.1875,2.92,0,0
35.66,9,0.5725,0.58,0,0
51.46,3,0.1667,25.88,0,0
29.73,16,0.1348,18.33,0,0
19.6,14,0.146,0.97,0,0
18.49,4,0.3362,13.15,0,0
43.65,2,0.2237,1.24,0,0
57.02,3,0.06,27.92,0,0
122.6,2,0.105,0.43,0,0
57.33,6,0.1282,29.88,0,0
55.19,10,0.2255,15.59,0,0
211.36,17,0.0741,6.66,0,0
72.3,18,0.4439,9.44,0,0
70.52,18,0.3662,8.28,0,0
45.71,7,0.383,12.01,0,0
45.28,0,0.1368,70.23,0,0
16.25,15,0.2218,0.95,0,0
175.17,18,0.3145,0.94,0,0
79.93,16,0.289,10.96,0,0
94.3,21,0.1131,3.68,0,0
44.54,3,0.4705,0.96,1,0
39.99,11,0.074,14.36,0,0
55.08,18,0.1348,13.06,0,0
74.59,17,0.072,20.91,0,0
22.76,0,0.4063,22.32,0,0
42.2,12,0.1178,8.97,0,0
51.64,8,0.0634,4.96,0,0
19.72,3,0.1675,10.39,0,0
93.33,7,0.0882,14.21,0,0
76.98,8,0.1736,0.88,0,0
30.33,15,0.1997,14.88,0,0
13.1,10,0.384,2.14,0,0
67.91,17,0.1541,22.37,0,0
15.17,9,0.0261,1.0,0,0
83.71,20,0.0435,40.04,0,0
18.54,1,0.0416,4.18,1,0
42.71,17,0.2844,25.64,0,0
9.11,2,0.3162,0.1,0,0
52.93,5,0.1216,0.26,0,0
64.49,5,0.2349,6.75,0,0
70.59,2,0.1448,27.85,0,0
170.04,12,0.2601,4.47,1,0
156.46,9,0.2462,8.45,1,0
84.83,8,0.1206,8.67,0,0
73.19,14,0.1666,16.02,0,0
23.47,3,0.1645,14.7,0,0
30.28,9,0.295,0.08,0,0
64.17,15,0.0511,34.57,0,0
14.97,9,0.3368,11.7,0,0
71.33,8,0.1003,7.01,0,0
158.65,13,0.8338,222.91,1,1
51.15,23,0.2064,8.04,0,0
43.68,14,0.1313,13.41,1,0
87.21,9,0.123,48.77,0,0
100.62,0,0.1619,5.59,0,0
23.01,14,0.1702,24.78,0,0
191.16,23,0.1447,17.5,0,0
193.69,9,0.2431,55.75,0,0
66.34,9,0.3116,45.61,0,0
47.88,15,0.1227,10.68,1,0
71.51,14,0.2482,4.18,1,0
96.04,8,0.1951,3.6,0,0
57.71,19,0.1092,1.47,0,0
53.89,10,0.0905,45.75,0,0
17.56,20,0.148,5.22,0,0
28.12,13,0.2614,19.08,0,0
8.71,4,0.0944,23.67,0,0
32.69,12,0.1513,23.86,0,0
74.4,16,0.2941,25.72,0,0
60.31,12,0.1154,22.29,0,0
64.83,14,0.1957,75.03,0,0
54.14,10,0.2457,3.71,0,0
18.39,8,0.2746,9.56,0,0
60.69,9,0.1007,20.86,0,0
319.89,15,0.6249,62.73,1,1
68.18,23,0.3692,14.33,0,0
16.14,17,0.1577,26.02,0,0
76.34,10,0.149,44.7,0,0
41.74,2,0.2269,15.14,0,0
25.87,6,0.1967,16.25,0,0
18.96,22,0.2419,60.4,0,0
58.49,13,0.2276,21.52,1,0
79.48,21,0.2636,9.14,0,0
32.27,13,0.4501,6.38,0,0
23.77,16,0.2651,14.12,0,0
12.22,17,0.0247,37.35,0,0
10.3,19,0.4301,5.47,0,0
33.12,3,0.1381,18.72,1,0
51.8,10,0.4273,26.07,0,0
19.39,1,0.1164,35.14,0,0
15.2,12,0.1496,2.87,0,0
34.07,14,0.0445,22.55,0,0
37.61,12,0.0244,0.9,0,0
75.25,8,0.2718,13.76,0,0
97.35,5,0.23,59.63,0,0
61.06,20,0.1215,2.64,1,0
20.03,23,0.3549,30.89,0,0
61.26,19,0.3608,56.83,0,0
105.95,14,0.2705,15.26,0,0
7.38,6,0.1207,16.57,0,0
58.3,13,0.2312,3.77,0,0
59.33,0,0.1731,1.43,0,0
9.4,0,0.1596,1.7,0,0
13.86,19,0.4161,35.94,0,0
8.93,5,0.2053,4.72,0,0
32.25,12,0.1269,37.74,0,0
16.97,17,0.4103,0.27,0,0
48.47,7,0.148,4.06,0,0
50.45,8,0.0725,50.65,0,0
37.69,11,0.1382,10.71,0,0
49.69,16,0.2486,22.55,0,0
23.27,3,0.2824,34.13,0,0
50.12,10,0.0442,14.75,0,0
59.37,19,0.2315,22.43,0,0
102.08,16,0.3846,0.98,0,0
107.76,15,0.1488,6.59,0,0
180.05,7,0.1546,0.97,0,0
94.61,0,0.0909,12.61,0,0
33.9,4,0.2096,10.55,0,0
24.85,1,0.2029,26.01,0,0
52.31,21,0.1351,6.68,0,0
35.39,9,0.2517,0.08,0,0
54.28,14,0.0628,7.02,0,0
48.33,2,0.063,14.99,0,0
23.42,17,0.4453,8.74,0,0
101.38,14,0.5846,3.34,0,0
32.74,10,0.4571,35.99,0,0
43.22,13,0.1222,8.34,0,0
27.67,0,0.2137,5.34,0,0
101.86,14,0.1358,1.45,0,0
81.57,23,0.3878,7.22,0,0
35.32,5,0.2497,34.28,0,0
40.16,6,0.0076,7.27,0,0
85.78,3,0.1175,0.82,0,0
38.18,11,0.1286,0.16,0,0
9.36,10,0.3266,9.13,1,0
61.51,12,0.2889,32.53,0,0
19.21,18,0.1417,0.58,0,0
28.52,4,0.0685,4.47,1,0
18.39,15,0.1293,26.0,0,0
24.3,2,0.2395,1.18,0,0
34.8,4,0.2535,5.44,0,0
63.92,23,0.0778,31.82,0,0
33.18,20,0.0679,6.08,0,0
79.88,6,0.2412,16.09,0,0
129.25,0,0.1593,1.51,0,0
54.13,4,0.362,21.64,0,0
31.32,11,0.0829,8.71,1,0
98.38,6,0.1098,16.59,0,0
157.59,9,0.3462,2.49,0,0
31.72,2,0.4624,38.68,0,0
54.22,10,0.05,14.49,0,0
80.88,3,0.0612,3.79,0,0
128.74,13,0.107,7.22,0,0
89.01,19,0.0386,43.53,0,0
51.72,9,0.218,9.1,0,0
107.84,9,0.4335,6.57,0,0
49.42,15,0.2777,33.52,0,0
34.52,20,0.1405,6.69,0,0
31.38,8,0.0428,39.26,0,0
42.07,13,0.3557,2.61,0,0
118.79,1,0.0939,0.45,0,0
66.0,2,0.2133,21.96,0,0
31.49,2,0.2357,39.85,0,0
28.85,16,0.2379,0.1,1,0
101.52,1,0.0213,7.33,0,0
78.65,11,0.0303,59.15,0,0
35.08,14,0.036,10.55,0,0
23.11,18,0.1464,3.11,1,0
25.85,16,0.4123,14.18,0,0
29.04,19,0.4366,22.61,0,0
188.73,18,0.1846,14.71,1,0
52.85,3,0.1534,0.94,0,0
29.9,3,0.1286,56.38,0,0
63.41,0,0.0775,9.71,0,0
41.22,19,0.041,7.13,0,0
145.36,17,0.1259,5.38,0,0
51.26,23,0.0227,26.58,0,0
15.25,6,0.0631,13.89,0,0
153.31,11,0.1575,10.11,1,0
63.63,14,0.0419,9.94,0,0
44.12,16,0.1963,47.45,0,0
23.17,8,0.094,10.17,0,0
19.07,5,0.0215,9.77,0,0
22.63,5,0.1501,0.27,0,0
9.1,23,0.1629,1.23,0,0
25.25,14,0.5068,0.95,0,0
29.24,20,0.1852,23.81,0,0
23.35,11,0.1495,26.52,0,0
31.04,9,0.1636,24.57,0,0
107.75,17,0.1505,13.92,0,0
86.42,0,0.159,13.06,0,0
32.08,4,0.2789,4.6,0,0
111.95,12,0.3351,5.14,0,0
34.91,19,0.0251,5.23,0,0
27.02,23,0.3032,2.45,0,0
67.47,3,0.1925,7.63,0,0
30.29,21,0.1038,52.95,0,0
31.09,9,0.0896,16.14,0,0
39.97,1,0.0781,13.77,0,0
19.01,6,0.038,20.24,0,0
37.94,23,0.3531,12.18,0,0
97.23,12,0.2001,22.06,1,0
33.89,18,0.0736,21.71,0,0
59.01,12,0.1907,30.86,0,0
204.59,4,0.4328,1.81,0,0
41.68,16,0.0479,14.17,0,0
41.63,3,0.3648,5.16,1,0
22.9,6,0.4997,10.08,0,0
32.51,19,0.3873,23.29,0,0
44.02,18,0.1069,16.62,0,0
35.95,12,0.1387,0.34,0,0
41.87,12,0.0576,6.27,0,0
41.13,14,0.1936,6.63,0,0
24.2,6,0.4817,22.92,0,0
25.91,10,0.3777,5.22,0,0
13.46,17,0.1843,21.44,0,0
58.28,16,0.191,2.53,1,0
73.35,13,0.01,25.75,0,0
13.67,9,0.192,17.94,1,0
10.35,5,0.4076,22.54,1,0
38.58,2,0.0705,26.89,0,0
15.67,15,0.0882,0.22,0,0
43.72,16,0.1533,17.49,0,0
49.23,17,0.6626,0.15,0,0
46.07,17,0.2605,10.1,0,0
177.4,16,0.3191,0.91,0,0
59.72,18,0.1342,18.68,0,0
10.72,5,0.0181,3.0,0,0
98.59,10,0.3474,44.89,0,0
97.45,11,0.4057,13.58,0,0
46.96,21,0.1553,10.34,0,0
10.35,12,0.2576,10.1,0,0
29.68,9,0.3218,13.51,0,0
31.61,14,0.4183,19.83,0,0
80.98,17,0.0508,73.17,0,0
67.39,5,0.2087,6.15,0,0
32.32,22,0.2263,23.97,0,0
22.76,15,0.0487,7.32,0,0
72.98,12,0.1116,0.35,0,0
176.03,18,0.2636,14.43,0,0
55.67,19,0.1199,69.02,0,0
36.28,12,0.1176,2.06,0,0
9.95,2,0.2798,32.47,0,0
59.76,1,0.3619,2.04,1,0
28.26,21,0.0709,7.47,1,0
48.66,16,0.3476,16.74,0,0
12.2,18,0.1137,2.71,0,0
25.48,0,0.2506,7.7,0,0
113.62,10,0.0506,11.87,1,0
42.44,23,0.2476,6.38,0,0
56.02,7,0.1625,13.53,0,0
55.91,4,0.5411,0.38,0,0
10.81,8,0.5015,8.55,0,0
30.91,16,0.2544,1.03,0,0
34.11,0,0.205,32.81,0,0
149.26,21,0.1831,0.77,1,0
146.18,5,0.0749,5.62,0,0
283.96,11,0.0532,8.79,0,0
52.86,10,0.1599,1.2,0,0
117.87,7,0.8892,395.54,1,1
38.46,15,0.2011,0.38,0,0
132.99,14,0.1471,9.88,0,0
68.62,9,0.3385,46.55,0,0
38.3,19,0.1678,16.08,0,0
17.74,22,0.0673,24.38,0,0
27.74,15,0.0849,2.1,0,0
34.23,6,0.0717,5.36,0,0
55.29,14,0.3363,39.74,0,0
62.03,15,0.3353,5.04,0,0
18.84,20,0.1439,44.51,0,0
75.32,11,0.2656,7.51,0,0
65.51,15,0.1714,9.13,0,0
78.3,9,0.3702,0.2,0,0
56.4,12,0.0618,3.25,0,0
83.62,15,0.0897,1.71,0,0
19.99,19,0.2813,18.64,0,0
86.78,15,0.2908,6.44,0,0
49.9,9,0.3504,5.67,0,0
191.54,6,0.3169,3.29,0,0
140.02,8,0.3992,15.06,0,0
17.72,1,0.3606,12.93,0,0
46.2,0,0.0291,19.85,0,0
50.72,10,0.2666,8.12,0,0
62.49,5,0.2811,15.95,0,0
90.28,17,0.2307,0.19,0,0
192.05,2,0.0537,2.46,0,0
64.62,4,0.2546,0.46,0,0
29.7,5,0.3066,2.71,0,0
29.3,14,0.2697,3.57,0,0
124.38,8,0.1223,0.65,0,0
128.09,17,0.3488,23.57,0,0
54.69,11,0.3251,14.87,0,0
141.44,22,0.074,5.13,0,0
15.32,17,0.1271,4.19,0,0
39.89,16,0.528,1.72,0,0
8.19,6,0.2122,49.14,0,0
7.09,7,0.2461,19.65,0,0
39.98,20,0.2611,19.85,0,0
11.85,8,0.3418,23.64,0,0
38.47,16,0.0526,28.9,0,0
88.32,0,0.3862,29.99,0,0
106.48,20,0.042,22.82,0,0
113.12,20,0.088,2.09,0,0
44.66,10,0.1899,38.62,0,0
35.02,12,0.063,24.94,1,0
29.86,3,0.2455,6.59,0,0
37.32,6,0.435,15.56,0,0
51.93,3,0.1512,21.26,0,0
159.68,21,0.0903,36.35,0,0
131.27,17,0.1437,7.94,0,0
46.78,18,0.0605,13.04,0,0
20.47,12,0.3441,4.17,0,0
105.59,8,0.0325,8.09,0,0
40.08,6,0.1033,69.25,0,0
59.26,18,0.3557,7.32,0,0
10.31,17,0.0963,0.21,0,0
46.96,4,0.3295,15.37,0,0
135.5,4,0.3203,21.19,0,0
80.04,7,0.2174,13.58,0,0
33.54,18,0.1931,13.84,0,0
61.93,15,0.2868,10.27,0,0
58.02,1,0.0801,5.6,0,0
30.44,16,0.2263,1.43,0,0
14.65,18,0.1164,13.56,1,0
46.42,5,0.1709,19.25,0,0
24.36,6,0.312,4.52,0,0
69.62,17,0.139,19.59,0,0
67.74,0,0.1502,9.13,0,0
25.97,22,0.3258,2.5,0,0
47.09,10,0.2908,4.2,0,0
120.42,20,0.3564,2.68,0,0
28.52,7,0.2408,7.37,0,0
44.15,18,0.0138,13.79,0,0
22.91,0,0.0407,11.44,1,0
37.91,19,0.0279,14.01,0,0
5.3,17,0.1836,66.05,0,0
39.88,18,0.3051,1.07,0,0
58.65,19,0.1785,4.58,0,0
48.54,2,0.1662,2.79,0,0
86.58,7,0.4163,33.5,0,0
67.8,14,0.0575,15.55,0,0
95.74,4,0.2457,2.99,0,0
47.8,1,0.137,24.27,0,0
35.4,8,0.2258,4.76,0,0
116.24,18,0.2734,15.05,0,0
34.71,22,0.1227,7.53,0,0
47.03,9,0.1816,15.79,0,0
48.95,5,0.1185,10.77,0,0
86.65,10,0.469,16.29,0,0
65.86,0,0.2464,12.27,0,0
22.68,0,0.0319,18.79,0,0
133.8,14,0.0618,4.69,0,0
69.37,18,0.3474,21.87,0,0
25.83,19,0.2266,9.79,0,0
46.44,14,0.1996,23.34,1,0
186.16,13,0.1428,3.66,0,0
82.56,5,0.1168,13.55,0,0
31.41,3,0.0691,3.54,1,0
80.02,6,0.122,25.26,0,0
43.78,21,0.463,23.56,0,0
122.66,21,0.3229,18.74,0,0
88.0,7,0.0842,1.86,0,0
38.24,14,0.0108,2.07,1,0
35.9,15,0.0511,27.3,0,0
27.62,14,0.1389,18.11,0,0
38.08,8,0.0385,2.18,0,0
31.01,10,0.1705,41.0,0,0
84.16,16,0.0504,0.81,1,0
20.79,15,0.0722,35.82,0,0
43.5,16,0.1186,3.79,0,0
68.53,21,0.1308,4.54,0,0
36.69,12,0.1138,6.47,0,0
68.54,12,0.0235,6.07,1,0
23.1,18,0.133,20.62,0,0
35.29,23,0.5605,6.23,0,0
24.89,10,0.0774,1.3,0,0
29.13,2,0.3565,23.64,0,0
31.42,3,0.2652,9.79,0,0
119.27,11,0.1066,17.7,0,0
14.39,10,0.4882,1.9,0,0
44.66,16,0.1789,19.69,1,0
11.7,9,0.2288,3.96,0,0
33.96,12,0.1016,53.77,0,0
18.39,9,0.3138,13.68,0,0
36.85,8,0.1108,6.15,0,0
77.1,1,0.2025,7.18,0,0
44.06,19,0.2375,1.14,0,0
17.23,19,0.3004,17.03,0,0
63.59,19,0.3354,11.39,1,0
51.56,18,0.4463,31.92,1,0
88.52,0,0.0935,21.3,0,0
53.96,21,0.0322,1.4,0,0
70.7,21,0.3745,10.11,0,0
23.56,18,0.1292,9.37,0,0
56.64,20,0.2444,23.07,0,0
13.33,11,0.2274,2.27,0,0
49.11,16,0.2474,0.92,0,0
23.56,6,0.0888,7.7,0,0
38.54,3,0.2542,15.01,0,0
21.15,14,0.4955,68.86,0,0
36.0,8,0.3888,3.54,0,0
63.65,9,0.3073,25.14,0,0
50.16,17,0.3822,13.66,0,0
64.52,8,0.1302,3.85,0,0
22.68,17,0.8944,9.01,1,1
33.36,8,0.1709,6.36,0,0
72.41,12,0.1636,63.37,0,0
49.86,21,0.1713,3.02,1,0
138.45,5,0.0755,3.6,0,0
32.04,20,0.2309,34.4,0,0
291.71,14,0.0505,20.58,0,0
16.56,3,0.1339,10.8,1,0
11.69,3,0.1476,13.94,0,0
27.74,21,0.1889,8.52,0,0
40.61,12,0.0457,33.76,0,0
24.73,8,0.404,33.2,0,0
30.73,23,0.1096,22.31,0,0
67.77,11,0.2792,2.01,0,0
138.93,20,0.2018,13.76,0,0
51.06,13,0.3213,15.04,0,0
26.64,8,0.3178,24.11,0,0
34.61,4,0.1199,37.18,0,0
44.71,5,0.3117,10.73,0,0
65.54,6,0.1992,38.96,0,0
34.16,22,0.285,12.74,0,0
34.7,5,0.4134,8.16,0,0
47.33,20,0.303,21.99,0,0
45.99,1,0.2019,2.84,0,0
44.11,15,0.2382,4.07,0,0
24.7,21,0.1576,0.58,0,0
117.23,20,0.0195,51.47,0,0
25.95,16,0.0889,41.44,0,0
27.77,20,0.4008,20.09,0,0
20.13,10,0.2687,44.36,0,0
20.11,12,0.1174,13.42,0,0
123.61,8,0.0519,14.34,0,0
30.16,16,0.2301,20.96,0,0
72.83,4,0.0632,7.63,0,0
166.96,13,0.2004,2.95,0,0
41.24,5,0.2758,22.37,0,0
53.23,14,0.1464,12.77,0,0
93.4,23,0.2689,9.35,0,0
32.63,5,0.2479,13.44,0,0
16.82,21,0.2357,13.25,0,0
58.75,20,0.0261,5.33,1,0
59.1,2,0.3339,10.06,0,0
37.18,20,0.146,20.3,0,0
24.84,19,0.32,8.88,0,0
28.34,13,0.0984,7.48,0,0
114.12,5,0.31,4.39,0,0
58.77,7,0.3727,4.88,0,0
53.28,10,0.1495,13.64,0,0
54.42,12,0.225,14.56,0,0
49.85,16,0.1886,2.89,0,0
75.93,17,0.3109,14.03,0,0
65.74,3,0.2226,8.7,0,0
27.64,5,0.2766,9.63,1,0
26.72,0,0.0748,4.1,0,0
50.28,18,0.1096,5.15,0,0
33.42,10,0.0719,2.04,1,0
107.4,5,0.1584,6.57,0,0
28.59,14,0.072,4.76,1,0
64.71,5,0.2105,14.37,0,0
56.24,23,0.1908,6.79,1,0
10.53,20,0.1295,27.58,1,0
291.84,15,0.1656,22.38,0,0
121.84,15,0.2359,8.7,0,0
28.29,19,0.2965,21.3,0,0
50.38,17,0.1956,38.19,0,0
19.81,21,0.1341,28.05,0,0
135.52,5,0.2235,0.77,0,0
17.68,9,0.3266,10.72,1,0
81.14,1,0.1257,4.99,1,0
108.28,20,0.1869,1.52,0,0
19.35,3,0.1981,7.15,0,0
69.48,23,0.2406,24.74,0,0
34.66,5,0.0884,17.8,0,0
61.86,6,0.0472,9.28,0,0
29.8,1,0.1574,15.33,1,0
24.18,10,0.1525,14.59,0,0
22.38,10,0.364,1.68,0,0
39.31,2,0.1184,0.52,0,0
57.04,14,0.3131,9.89,0,0
24.26,23,0.4327,0.74,1,0
33.3,7,0.3835,20.85,0,0
17.16,1,0.1415,31.9,0,0
74.41,23,0.5272,11.99,0,0
26.84,19,0.1561,1.74,0,0
85.03,2,0.0215,0.82,1,0
75.53,12,0.1454,5.46,0,0
20.49,12,0.4078,6.42,0,0
35.06,4,0.279,30.12,1,0
127.82,5,0.3758,25.62,0,0
42.04,14,0.0627,21.76,0,0
58.12,0,0.1143,7.94,0,0
39.24,13,0.207,0.09,0,0
40.93,8,0.1825,11.61,0,0
68.25,10,0.1021,9.33,0,0
36.19,19,0.2062,4.89,0,0
78.82,9,0.04,3.57,0,0
59.14,22,0.2384,3.83,0,0
43.52,7,0.0771,47.95,0,0
62.78,9,0.1677,2.08,0,0
81.52,1,0.4348,4.57,0,0
13.74,18,0.0513,2.53,0,0
69.07,17,0.3574,2.6,0,0
114.62,5,0.3311,4.7,0,0
87.99,23,0.1835,21.55,0,0
11.99,10,0.4874,9.24,0,0
153.03,2,0.0399,13.86,0,0
32.2,15,0.571,16.52,0,0
500.0,17,0.1528,3.54,0,0
55.63,11,0.1383,17.08,1,0
75.7,3,0.2584,1.82,0,0
192.02,16,0.2764,6.13,0,0
25.59,6,0.0925,22.0,0,0
29.45,0,0.4229,7.32,0,0
52.57,2,0.4415,1.5,0,0
67.8,4,0.0741,19.27,0,0
13.69,9,0.1036,1.29,0,0
48.66,15,0.3398,0.75,0,0
21.46,9,0.0964,4.86,1,0
42.23,8,0.1292,2.6,0,0
44.61,11,0.0517,2.72,0,0
24.59,6,0.1031,47.93,0,0
82.64,10,0.2097,8.05,0,0
41.95,0,0.1553,2.01,0,0
93.2,18,0.0292,17.8,0,0
97.69,5,0.4606,11.5,1,0
22.3,2,0.2004,9.03,0,0
445.31,16,0.2388,3.12,0,0
99.15,7,0.352,6.92,1,0
45.01,22,0.1381,18.2,0,0
77.68,23,0.3293,1.37,0,0
1316.71,6,0.6141,57.18,1,1
17.52,1,0.1459,4.86,1,0
7.43,6,0.1924,13.08,0,0
28.12,1,0.089,12.92,0,0
117.39,14,0.2528,1.36,0,0
17.94,11,0.1577,10.36,0,0
35.81,16,0.2146,2.35,0,0
56.24,21,0.2456,1.28,0,0
157.18,8,0.2326,5.13,0,0
35.47,11,0.17,1.88,1,0
34.57,6,0.3043,18.71,0,0
29.44,22,0.1119,23.21,1,0
34.93,4,0.2612,9.14,0,0
49.13,23,0.0842,37.48,1,0
26.35,6,0.2135,22.35,0,0
12.21,13,0.0483,5.58,0,0
8.25,7,0.5142,15.76,0,0
80.57,2,0.3058,16.7,1,0
77.9,1,0.0439,25.96,0,0
48.92,19,0.2827,23.17,1,0
53.12,11,0.3006,24.46,0,0
51.15,5,0.2114,52.84,1,0
37.7,16,0.1016,12.8,0,0
66.94,12,0.1129,1.13,0,0
32.27,17,0.3804,42.54,1,0
51.35,9,0.388,47.65,0,0
73.29,7,0.0515,36.34,0,0
30.51,3,0.2588,17.65,0,0
24.43,17,0.2477,7.65,0,0
53.99,23,0.2401,4.37,0,0
135.71,10,0.2199,11.8,0,0
47.81,20,0.1992,7.17,0,0
17.14,2,0.2943,17.14,0,0
64.23,20,0.1391,18.43,0,0
24.21,2,0.3922,1.47,1,0
28.93,19,0.0127,18.76,0,0
61.02,17,0.3473,0.55,0,0
22.46,8,0.11,9.5,0,0
61.15,22,0.2941,18.28,1,0
36.39,12,0.227,3.0,0,0
15.39,19,0.1314,85.93,0,0
41.52,17,0.3738,4.23,0,0
40.13,0,0.0653,18.23,0,0
73.08,0,0.1323,67.49,0,0
15.19,1,0.2928,14.92,0,0
101.0,11,0.1374,11.6,0,0
66.25,21,0.3703,37.61,0,0
28.56,1,0.1431,28.88,0,0
56.52,14,0.3745,17.93,0,0
198.94,21,0.0805,21.9,0,0
41.35,12,0.107,50.91,0,0
53.64,14,0.1124,3.92,1,0
34.08,19,0.3136,5.88,0,0
29.78,13,0.2931,2.76,0,0
121.37,1,0.342,0.57,1,0
64.99,10,0.5688,31.04,0,0
25.48,7,0.106,18.42,1,0
115.82,18,0.1992,0.05,0,0
55.3,16,0.2897,31.4,0,0
93.77,4,0.1578,10.95,0,0
44.51,8,0.1971,15.67,0,0
37.02,2,0.3624,11.57,0,0
46.26,11,0.241,13.52,0,0
76.11,18,0.2095,38.65,0,0
60.46,22,0.2689,7.99,0,0
17.15,19,0.2193,8.61,0,0
21.15,12,0.1819,0.56,0,0
18.42,0,0.131,5.54,0,0
466.11,2,0.1738,17.17,0,0
65.32,13,0.3503,8.54,0,0
22.85,4,0.2594,54.99,0,0
47.36,20,0.5043,14.94,0,0
66.63,13,0.1136,20.72,0,0
77.44,9,0.1685,23.32,0,0
56.89,16,0.3004,3.07,0,0
73.62,12,0.1234,7.9,0,0
98.8,21,0.0895,4.21,0,0
36.26,0,0.1599,7.14,0,0
16.76,13,0.1883,0.3,0,0
109.01,5,0.065,20.83,1,0
102.79,23,0.2378,8.07,0,0
53.35,1,0.2521,16.66,0,0
22.87,13,0.2046,4.61,0,0
7.35,4,0.0944,11.37,0,0
16.63,2,0.0588,21.11,0,0
148.78,0,0.1934,8.15,0,0
59.33,3,0.4029,1.13,0,0
78.2,17,0.1802,1.55,0,0
25.04,23,0.2634,0.14,0,0
35.53,9,0.2678,2.52,1,0
21.24,18,0.1851,21.65,0,0
20.09,16,0.3724,3.24,0,0
33.19,1,0.1943,2.17,0,0
14.85,12,0.1959,13.01,0,0
68.56,16,0.1397,29.81,0,0
50.45,20,0.1928,4.03,0,0
107.51,2,0.1458,14.18,0,0
25.73,3,0.2693,15.82,0,0
17.9,13,0.112,19.49,0,0
43.34,8,0.1931,73.06,0,0
20.11,12,0.2903,10.48,0,0
17.86,14,0.1299,11.1,0,0
136.73,21,0.237,13.34,1,0
61.22,1,0.1569,7.63,0,0
97.01,10,0.1774,10.36,0,0
77.31,16,0.1929,31.94,0,0
28.08,1,0.0653,10.99,0,0
66.85,6,0.249,85.32,0,0
100.52,16,0.1459,16.03,0,0
17.9,1,0.1375,44.46,0,0
99.25,8,0.1516,9.04,0,0
46.2,19,0.1284,5.59,0,0
44.75,23,0.3079,16.07,1,0
14.73,15,0.3011,12.87,0,0
106.29,5,0.1328,7.94,0,0
38.89,23,0.1409,21.5,0,0
27.24,4,0.2031,4.07,0,0
15.83,18,0.3185,13.19,0,0
32.69,4,0.1252,12.14,0,0
33.02,21,0.2587,95.2,0,0
49.85,0,0.1957,6.83,0,0
43.63,15,0.2463,9.83,0,0
47.59,10,0.0457,1.87,0,0
32.22,19,0.3314,5.45,0,0
118.46,20,0.0832,46.43,0,0
71.81,8,0.3412,8.1,0,0
65.28,7,0.2969,56.75,0,0
36.18,19,0.2083,15.0,0,0
40.75,8,0.1909,13.29,0,0
54.67,19,0.5229,13.37,0,0
67.69,19,0.498,8.61,0,0
14.63,17,0.1217,3.1,0,0
101.92,9,0.4234,31.23,0,0
83.08,5,0.2901,32.46,0,0
30.76,16,0.2387,5.64,0,0
28.69,16,0.3558,9.46,0,0
27.87,22,0.348,6.85,1,0
82.37,10,0.1488,38.79,0,0
46.0,16,0.18,1.07,0,0
43.33,7,0.3043,5.31,0,0
21.9,7,0.0278,3.72,1,0
160.59,1,0.3671,1.76,0,0
21.57,0,0.1428,0.25,0,0
256.15,0,0.0826,16.82,0,0
54.32,20,0.0919,8.86,1,0
55.23,14,0.3072,5.19,0,0
29.69,7,0.1606,1.28,0,0
53.64,13,0.3168,1.53,0,0
54.0,19,0.2217,4.23,0,0
64.17,22,0.1312,34.18,1,0
37.4,0,0.1196,7.24,0,0
31.52,20,0.3605,27.78,0,0
96.56,23,0.0858,2.33,0,0
54.61,1,0.2232,13.88,0,0
89.3,22,0.4037,24.16,0,0
101.47,21,0.3927,18.72,0,0
93.79,4,0.2893,12.1,0,0
45.2,22,0.1823,9.16,0,0
19.48,15,0.4337,91.28,0,0
26.53,19,0.0614,14.84,0,0
273.31,5,0.0292,14.08,0,0
25.24,8,0.1742,7.89,0,0
141.57,21,0.1012,1.8,0,0
44.99,8,0.4179,3.88,0,0
43.29,14,0.453,7.09,0,0
27.51,20,0.1455,10.28,0,0
59.99,11,0.2186,0.02,0,0
29.51,14,0.1499,4.14,1,0
11.65,11,0.3328,19.69,0,0
100.57,7,0.2131,25.58,0,0
23.07,3,0.2852,2.79,0,0
41.71,3,0.1146,21.33,0,0
25.76,1,0.0027,6.06,0,0
85.62,6,0.4528,6.67,0,0
70.69,13,0.0937,79.09,1,0
51.93,9,0.2027,23.09,0,0
27.6,16,0.3026,11.51,0,0
36.3,17,0.3887,26.7,1,0
86.59,0,0.0559,37.61,0,0
36.2,7,0.0855,7.56,0,0
27.46,2,0.5477,3.89,0,0
14.67,21,0.1251,0.97,0,0
44.6,3,0.3575,8.53,0,0
38.54,4,0.6014,8.61,0,0
21.89,23,0.0651,1.26,0,0
44.79,0,0.0358,17.18,0,0
42.6,18,0.1004,3.74,1,0
56.73,14,0.3292,15.28,0,0
138.76,17,0.1763,6.52,1,0
41.11,6,0.2027,0.1,0,0
49.55,23,0.1664,75.77,0,0
98.81,17,0.1294,3.98,0,0
125.65,11,0.2353,26.23,0,0
90.12,10,0.1291,5.29,0,0
47.75,16,0.1914,22.49,0,0
19.27,11,0.0579,11.63,0,0
46.84,3,0.3022,4.37,0,0
25.79,5,0.0496,6.83,0,0
30.67,9,0.1859,42.31,0,0
122.27,2,0.1381,38.57,0,0
380.76,0,0.1074,41.34,0,0
116.48,2,0.0947,5.68,0,0
28.42,0,0.1429,7.21,0,0
36.41,3,0.1877,9.37,0,0
113.76,22,0.3982,5.51,0,0
14.59,8,0.3245,6.51,1,0
49.78,10,0.2007,32.82,0,0
25.82,5,0.1218,7.56,1,0
57.76,6,0.1688,7.6,1,0
69.13,21,0.4084,30.63,0,0
94.19,14,0.106,7.58,0,0
49.4,2,0.3776,3.07,0,0
209.24,13,0.1068,15.52,0,0
84.4,23,0.3291,39.62,0,0
48.88,6,0.1908,9.71,0,0
84.85,12,0.0846,7.2,0,0
26.09,16,0.0932,22.51,0,0
43.98,20,0.2153,28.24,0,0
80.07,11,0.1129,10.46,1,0
20.0,5,0.1221,19.62,0,0
40.76,11,0.2585,17.56,0,0
57.91,10,0.071,4.62,0,0
143.24,10,0.0848,61.9,0,0
46.0,5,0.3374,9.61,0,0
109.27,11,0.213,7.68,0,0
67.76,7,0.0733,1.53,0,0
60.34,1,0.1413,36.18,0,0
14.41,6,0.0117,0.75,0,0
54.26,1,0.3536,29.48,0,0
10.72,15,0.2348,22.73,0,0
48.34,4,0.1771,3.41,0,0
83.6,2,0.2036,6.19,0,0
108.96,10,0.1437,31.37,0,0
43.36,21,0.2263,5.17,0,0
20.66,20,0.0716,1.52,0,0
248.14,6,0.2507,16.99,0,0
61.21,16,0.1956,14.19,1,0
52.03,16,0.2096,3.35,0,0
48.11,3,0.2007,27.34,0,0
47.28,22,0.3335,13.51,0,0
165.37,6,0.2087,3.5,0,0
98.72,16,0.1079,5.41,0,0
116.7,20,0.1793,1.13,0,0
76.43,20,0.4158,2.26,1,0
70.25,3,0.0726,6.17,0,0
70.64,0,0.3152,45.97,1,0
23.77,23,0.0779,36.97,1,0
96.13,23,0.099,60.06,0,0
29.4,22,0.097,0.73,0,0
30.87,7,0.6132,4.24,0,0
41.69,7,0.0582,10.07,0,0
30.75,8,0.1429,21.35,0,0
17.39,21,0.3493,39.64,0,0
53.74,21,0.131,0.62,0,0
80.83,13,0.0876,4.68,0,0
16.09,6,0.1176,3.76,0,0
57.12,11,0.2205,5.25,0,0
52.55,8,0.1956,13.67,0,0
39.6,13,0.2047,21.44,0,0
55.88,10,0.0924,5.53,0,0
34.85,10,0.1049,4.66,0,0
25.12,18,0.1073,29.08,1,0
88.85,9,0.2296,12.84,0,0
46.99,22,0.2047,6.3,0,0
48.96,6,0.5155,25.6,0,0
99.76,22,0.1759,1.38,0,0
74.54,3,0.0634,23.29,0,0
108.87,23,0.1607,5.12,1,0
47.47,16,0.303,9.71,0,0
68.42,14,0.0243,14.5,1,0
6.26,3,0.2701,3.87,0,0
44.31,19,0.1353,10.75,0,0
32.19,13,0.2693,4.18,0,0
78.28,17,0.1198,11.4,0,0
62.96,0,0.1338,8.81,0,0
15.35,8,0.1671,24.1,0,0
19.54,22,0.0901,16.77,0,0
162.65,19,0.3675,19.83,0,0
42.22,9,0.1491,2.98,0,0
47.96,11,0.0738,5.06,0,0
65.87,22,0.1184,5.5,0,0
67.44,14,0.2563,17.64,0,0
45.33,11,0.4064,9.58,0,0
29.91,16,0.1517,45.72,0,0
70.31,4,0.1783,11.76,0,0
48.0,4,0.0982,32.01,1,0
121.26,6,0.1392,25.01,0,0
74.27,13,0.4165,1.14,1,0
24.73,1,0.1027,17.88,0,0
40.22,9,0.2912,25.69,0,0
53.45,16,0.2304,24.59,0,0
75.0,19,0.2239,35.87,0,0
27.16,1,0.186,17.31,0,0
39.82,10,0.2082,16.64,0,0
68.33,20,0.4848,0.28,0,0
71.59,2,0.06,3.25,0,0
221.75,21,0.2386,8.09,0,0
73.83,21,0.1504,5.1,1,0
110.05,6,0.1979,2.88,0,0
13.29,5,0.032,47.13,0,0
242.01,6,0.1937,26.08,0,0
17.39,0,0.3604,1.75,1,0
12.47,19,0.1271,1.31,0,0
62.81,6,0.3161,1.71,0,0
32.9,19,0.2333,24.89,0,0
28.43,22,0.0476,39.34,1,0
46.46,10,0.1494,18.13,0,0
84.68,22,0.5416,8.74,1,0
36.62,20,0.0603,14.89,0,0
7.2,15,0.2229,2.03,0,0
26.74,15,0.5237,8.31,0,0
44.25,1,0.1819,3.78,0,0
58.44,3,0.1571,28.98,0,0
50.7,14,0.1961,2.89,0,0
45.13,9,0.2827,9.0,0,0
42.25,5,0.1708,11.81,0,0
32.39,6,0.1434,14.15,1,0
12.78,9,0.1456,14.4,0,0
13.51,11,0.0922,27.08,1,0
33.99,13,0.0644,4.07,0,0
32.77,10,0.0422,1.96,0,0
42.81,5,0.057,6.6,0,0
30.52,14,0.052,35.3,0,0
64.11,19,0.0908,1.48,0,0
74.18,11,0.3082,42.27,0,0
40.58,5,0.2499,24.84,0,0
52.82,4,0.148,9.97,0,0
65.86,7,0.207,7.41,1,0
21.12,12,0.17,12.69,0,0
52.61,10,0.1168,0.64,0,0
50.68,6,0.104,8.35,0,0
41.94,17,0.2657,5.69,0,0
43.26,10,0.0113,5.78,0,0
21.45,15,0.0439,5.61,0,0
18.63,23,0.2147,24.31,0,0
20.95,23,0.1625,0.73,0,0
107.4,18,0.3856,5.45,0,0
47.88,5,0.1489,26.5,0,0
35.4,15,0.1497,9.22,0,0
54.93,5,0.0308,7.84,0,0
35.24,4,0.1076,3.67,0,0
102.83,14,0.3274,19.83,0,0
55.68,8,0.3229,5.81,1,0
125.75,12,0.1178,5.71,0,0
14.58,6,0.2175,13.19,0,0
39.82,1,0.22,3.08,0,0
24.53,0,0.2061,1.95,0,0
76.62,0,0.1564,60.62,0,0
58.55,2,0.2542,5.9,0,0
26.5,9,0.4374,7.99,0,0
55.24,2,0.214,3.52,0,0
32.24,8,0.2927,9.93,0,0
16.72,4,0.4488,5.42,0,0
61.08,1,0.257,36.82,0,0
51.35,17,0.2975,28.46,0,0
50.9,14,0.2713,39.22,0,0
41.06,5,0.0904,8.43,0,0
50.13,12,0.4439,2.19,1,0
81.86,1,0.345,24.02,0,0
11.21,20,0.1802,7.43,0,0
43.69,15,0.2661,1.47,0,0
71.92,20,0.2773,54.94,0,0
27.46,10,0.3453,27.81,0,0
54.35,20,0.0949,40.17,0,0
93.82,13,0.1273,2.57,0,0
33.23,10,0.292,2.42,0,0
14.67,5,0.0876,1.16,0,0
63.29,6,0.2227,10.22,0,0
37.01,18,0.3708,1.84,0,0
42.78,17,0.2774,5.16,0,0
65.97,5,0.2843,22.28,0,0
69.03,15,0.38,5.8,0,0
28.73,1,0.2273,3.9,0,0
52.08,23,0.0911,46.69,1,0
18.97,16,0.2079,14.3,0,0
72.01,8,0.154,21.21,0,0
65.49,23,0.3035,8.04,0,0
75.66,0,0.1358,1.62,1,0
13.63,11,0.1882,0.48,0,0
41.96,7,0.0753,47.06,0,0
47.2,15,0.1318,102.92,0,0
40.75,2,0.2822,1.19,1,0
217.93,11,0.1246,12.37,1,0
42.63,8,0.4285,19.7,0,0
44.21,11,0.0926,44.12,0,0
81.53,2,0.3576,8.95,0,0
41.83,7,0.1542,12.96,1,0
62.51,16,0.3494,12.67,0,0
141.43,8,0.4988,15.28,0,0
30.8,3,0.2611,2.51,1,0
28.89,11,0.0435,42.72,0,0
24.98,3,0.0265,1.22,0,0
59.83,2,0.242,14.91,0,0
28.05,8,0.2696,1.62,0,0
24.84,11,0.1612,2.99,0,0
92.11,11,0.1293,25.61,0,0
32.13,13,0.2963,1.63,0,0
149.71,16,0.1834,46.37,0,0
49.55,20,0.1122,26.16,0,0
80.97,21,0.3721,2.41,0,0
26.62,18,0.074,19.06,0,0
11.42,13,0.0637,1.44,0,0
49.26,19,0.2039,3.37,0,0
31.6,0,0.0997,2.05,0,0
11.39,1,0.112,31.76,0,0
36.76,6,0.1532,10.79,0,0
10.53,12,0.2744,3.6,0,0
66.53,12,0.2447,3.89,0,0
70.71,22,0.1439,10.95,1,0
165.0,7,0.0924,20.19,0,0
14.93,19,0.0682,9.0,0,0
41.26,23,0.2585,4.63,1,0
65.64,3,0.0677,37.23,0,0
22.89,9,0.1313,9.39,0,0
95.44,20,0.4003,2.21,0,0
37.29,5,0.1042,17.37,0,0
16.11,21,0.3608,35.86,0,0
38.83,23,0.1527,20.63,0,0
52.83,10,0.2329,19.68,0,0
19.69,11,0.1395,0.04,0,0
57.65,19,0.1333,5.53,0,0
24.6,21,0.0875,12.47,0,0
33.24,2,0.0509,5.42,0,0
151.33,3,0.1476,5.13,0,0
35.13,16,0.0634,25.1,0,0
15.96,10,0.4344,20.46,1,0
23.84,4,0.1103,8.6,0,0
58.09,5,0.137,3.15,1,0
44.49,17,0.1967,6.62,0,0
42.61,23,0.0762,1.42,0,0
16.94,14,0.0617,7.71,0,0
26.45,1,0.1381,2.06,0,0
23.81,20,0.1503,36.71,0,0
24.46,11,0.1155,21.83,0,0
81.49,6,0.1585,13.26,0,0
55.34,8,0.2062,3.03,0,0
36.85,23,0.1947,52.01,0,0
35.31,23,0.477,12.25,0,0
31.33,17,0.228,26.02,0,0
58.93,19,0.389,2.36,0,0
37.16,19,0.2204,15.93,0,0
56.65,9,0.179,1.03,0,0
104.39,4,0.4047,8.92,0,0
69.67,0,0.3056,21.72,0,0
97.27,0,0.2524,2.35,0,0
47.13,13,0.2467,62.89,0,0
12.63,4,0.2882,3.39,0,0
54.91,16,0.3497,5.15,0,0
107.12,13,0.4402,58.64,0,0
35.97,6,0.1786,12.94,0,0
27.18,13,0.2593,0.77,0,0
100.84,13,0.2751,10.32,0,0
30.1,4,0.1988,20.12,0,0
174.82,12,0.2528,1.25,0,0
40.62,7,0.1081,8.04,0,0
41.75,5,0.0282,0.06,0,0
72.75,23,0.0805,6.92,0,0
66.37,11,0.1257,17.42,0,0
12.85,5,0.0268,4.3,0,0
107.57,23,0.3921,6.49,0,0
60.19,23,0.0947,5.54,0,0
129.09,16,0.3318,7.14,0,0
75.68,0,0.3017,15.86,0,0
38.92,7,0.2446,11.54,0,0
24.72,20,0.39,71.55,0,0
35.18,14,0.3053,6.83,0,0
44.93,21,0.1109,10.4,0,0
35.75,23,0.2191,0.5,0,0
111.16,20,0.0498,3.18,0,0
100.41,19,0.1017,13.59,0,0
33.64,14,0.3421,11.74,0,0
64.69,13,0.3069,28.37,1,0
36.84,4,0.2508,9.44,0,0
23.77,12,0.0474,8.97,0,0
47.98,6,0.0682,32.72,0,0
47.6,21,0.0985,20.32,0,0
20.69,18,0.2432,3.82,0,0
15.11,17,0.1976,3.83,0,0
38.96,0,0.2326,0.84,0,0
46.89,4,0.0436,37.54,0,0
32.44,19,0.189,0.1,0,0
57.49,5,0.103,1.34,0,0
90.71,8,0.1916,2.88,0,0
42.08,15,0.1093,1.02,0,0
45.39,12,0.095,13.15,0,0
154.7,0,0.1504,26.93,0,0
49.57,7,0.4169,1.45,0,0
69.73,8,0.3745,0.47,0,0
42.5,19,0.294,12.27,0,0
51.56,10,0.2007,2.95,0,0
84.07,6,0.1151,3.77,0,0
109.78,3,0.2117,20.74,1,0
22.37,19,0.2357,49.72,0,0
32.77,16,0.4237,0.74,0,0
49.14,0,0.165,23.01,0,0
76.0,12,0.1132,0.94,0,0
41.93,8,0.2267,15.52,0,0
111.57,14,0.1458,10.61,0,0
12.92,0,0.0621,32.24,0,0
20.73,19,0.1581,4.71,0,0
34.06,12,0.2844,10.89,0,0
106.63,10,0.1939,79.82,0,0
26.79,22,0.2739,44.78,0,0
43.17,16,0.1022,1.56,1,0
142.72,1,0.3279,35.0,0,0
17.4,1,0.0779,25.11,1,0
17.5,13,0.3032,2.23,0,0
43.04,3,0.2331,32.51,0,0
37.84,10,0.1058,0.64,0,0
26.12,4,0.3184,13.58,1,0
34.83,11,0.2414,9.09,0,0
138.43,12,0.199,22.61,0,0
45.85,9,0.1209,2.74,0,0
23.68,2,0.1227,0.36,0,0
79.92,21,0.1099,21.03,0,0
175.76,21,0.1429,11.65,0,0
41.59,1,0.04,4.95,0,0
127.52,1,0.1197,10.06,0,0
37.93,15,0.3381,14.95,0,0
102.71,3,0.11,7.13,0,0
46.05,8,0.2725,2.46,0,0
21.62,3,0.3383,6.66,0,0
69.45,20,0.3953,29.25,0,0
25.4,16,0.2748,19.23,0,0
56.56,12,0.193,85.36,0,0
110.68,11,0.2519,24.04,0,0
128.75,7,0.1781,16.57,0,0
29.12,13,0.2044,14.78,0,0
13.06,10,0.2881,9.13,0,0
74.22,1,0.2072,19.44,0,0
72.84,9,0.2025,12.48,0,0
53.78,6,0.1405,30.29,0,0
14.57,6,0.1498,51.6,0,0
9.16,2,0.1467,10.98,0,0
68.51,20,0.1612,17.89,0,0
146.66,10,0.0973,3.25,0,0
37.18,6,0.439,15.92,0,0
146.05,19,0.1065,2.78,0,0
93.87,19,0.1233,25.51,0,0
87.75,0,0.182,17.46,0,0
21.87,20,0.081,36.84,0,0
172.06,23,0.0909,9.41,0,0
50.57,11,0.1418,14.22,0,0
122.46,11,0.3977,8.7,0,0
12.23,21,0.0765,18.2,0,0
22.98,16,0.0666,1.72,0,0
61.49,17,0.456,2.26,0,0
61.53,18,0.1321,3.82,0,0
36.81,10,0.3257,10.52,0,0
52.02,13,0.2301,12.15,0,0
43.23,0,0.3095,10.54,0,0
49.24,17,0.2109,18.91,0,0
31.5,4,0.1738,10.98,0,0
92.8,10,0.1484,21.16,0,0
12.25,4,0.3059,10.31,0,0
40.04,3,0.1584,13.87,0,0
32.62,5,0.1667,31.15,0,0
25.88,14,0.1243,18.85,0,0
164.01,17,0.0676,15.84,0,0
37.28,18,0.1077,13.95,0,0
62.86,20,0.1735,14.17,0,0
47.57,0,0.0554,20.17,0,0
100.29,19,0.2303,30.99,1,0
53.41,18,0.1166,7.51,0,0
70.19,17,0.1575,8.08,0,0
55.6,12,0.1199,5.18,0,0
43.82,13,0.1471,25.91,0,0
113.67,1,0.3034,17.87,0,0
82.4,5,0.127,17.23,0,0
53.71,14,0.3752,63.34,0,0
33.19,0,0.0526,2.6,1,0
41.44,9,0.2502,33.73,0,0
65.34,23,0.2091,6.65,1,0
21.09,13,0.4798,10.69,0,0
62.12,2,0.273,0.94,0,0
66.19,2,0.2982,55.79,0,0
29.6,6,0.1013,9.32,0,0
50.88,4,0.1912,7.33,0,0
22.49,15,0.3544,26.45,1,0
41.94,2,0.2738,35.39,0,0
67.77,2,0.3757,7.53,0,0
42.98,6,0.0911,10.64,1,0
41.26,21,0.3289,50.43,0,0
34.9,23,0.2742,0.58,0,0
8.93,4,0.1212,5.83,1,0
51.61,4,0.1446,6.23,0,0
33.14,0,0.089,4.88,0,0
77.06,23,0.1516,38.62,1,0
41.3,19,0.3012,4.82,0,0
44.65,15,0.1624,2.8,1,0
44.59,6,0.2402,0.15,0,0
85.33,15,0.4226,14.26,0,0
48.6,13,0.2053,15.09,0,0
13.95,11,0.1275,11.32,0,0
21.84,3,0.3706,62.35,1,0
58.36,15,0.1222,4.52,0,0
65.64,17,0.743,11.1,0,1
178.91,8,0.1435,38.3,0,0
44.79,1,0.131,6.47,0,0
58.5,17,0.1557,19.73,0,0
26.97,1,0.2642,3.79,0,0
34.44,0,0.1502,4.21,0,0
20.18,2,0.2537,94.7,1,0
74.98,6,0.2794,2.47,1,0
117.55,2,0.1167,18.94,0,0
50.64,11,0.1633,4.16,0,0
21.76,23,0.3392,2.06,0,0
13.85,22,0.2143,9.74,0,0
9.64,17,0.4066,2.84,0,0
168.55,15,0.0706,30.93,0,0
38.13,5,0.2528,23.89,0,0
74.8,1,0.3277,9.43,1,0
32.89,0,0.5473,23.01,0,0
27.16,11,0.1507,2.45,0,0
42.11,1,0.0784,22.64,0,0
70.59,9,0.1082,0.58,0,0
51.0,1,0.2751,4.03,0,0
26.07,2,0.4515,19.44,0,0
113.67,17,0.4529,6.94,0,0
29.61,6,0.3119,16.65,1,0
106.79,12,0.0446,29.92,0,0
60.94,10,0.2184,48.33,0,0
23.57,0,0.0964,10.48,0,0
21.64,23,0.2121,18.68,0,0
19.43,11,0.3166,8.09,0,0
62.88,8,0.3661,31.68,0,0
40.93,22,0.107,1.13,0,0
40.33,12,0.0842,11.18,0,0
73.5,3,0.1593,1.97,0,0
35.96,17,0.1252,15.48,0,0
60.04,11,0.0557,4.57,0,0
48.19,8,0.0665,6.0,0,0
170.13,7,0.2172,23.38,1,0
56.9,16,0.2229,4.81,0,0
165.5,14,0.2715,18.48,0,0
110.01,2,0.126,1.75,0,0
88.39,11,0.1747,20.51,1,0
104.26,12,0.0738,38.65,0,0
26.18,22,0.0831,2.68,0,0
30.81,13,0.3055,10.96,0,0
56.58,10,0.0556,5.66,0,0
58.53,22,0.3337,1.33,0,0
70.12,6,0.1397,14.27,0,0
33.8,20,0.1145,1.72,0,0
29.12,13,0.0798,56.54,0,0
53.04,17,0.37,27.58,1,0
29.83,19,0.1834,23.41,0,0
67.9,20,0.2842,15.08,0,0
45.15,4,0.3786,4.74,0,0
78.81,17,0.0701,6.14,0,0
65.81,14,0.1842,38.74,0,0
77.3,6,0.1175,2.51,0,0
73.73,10,0.3396,22.56,0,0
99.71,16,0.4532,26.09,0,0
33.36,13,0.1706,1.25,0,0
19.71,14,0.0686,48.0,0,0
22.14,15,0.2596,13.31,0,0
39.31,14,0.1392,20.47,0,0
35.5,23,0.0739,4.23,0,0
41.8,5,0.1029,18.42,1,0
68.62,13,0.0381,15.34,0,0
178.86,16,0.0215,3.26,0,0
55.59,23,0.252,0.37,1,0
51.56,20,0.1005,12.56,0,0
23.04,13,0.0853,27.73,1,0
27.99,1,0.254,10.54,0,0
46.24,3,0.0271,29.1,0,0
33.2,18,0.3797,80.78,0,0
133.7,16,0.2699,1.82,0,0
24.65,18,0.0532,8.06,0,0
24.44,5,0.1284,21.97,1,0
69.63,14,0.0912,1.42,0,0
17.72,14,0.2848,9.78,0,0
70.65,4,0.083,3.41,0,0
57.96,6,0.0291,0.67,0,0
24.81,12,0.2648,7.39,0,0
56.23,14,0.1155,12.92,0,0
21.94,5,0.1637,34.12,1,0
24.22,10,0.0469,37.45,1,0
13.3,4,0.4219,23.85,0,0
85.04,17,0.0622,12.77,0,0
61.34,9,0.2788,45.82,0,0
108.12,10,0.0714,37.72,0,0
13.45,10,0.3031,7.49,0,0
79.84,10,0.264,9.4,0,0
27.94,23,0.3563,10.61,0,0
58.62,21,0.0736,12.38,0,0
17.73,5,0.0311,20.17,0,0
71.15,6,0.1889,5.56,0,0
25.7,0,0.1527,0.47,0,0
127.84,1,0.383,1.11,0,0
31.25,0,0.1204,23.67,0,0
48.99,6,0.395,13.35,0,0
87.6,19,0.1715,20.79,1,0
49.88,6,0.2162,4.07,0,0
34.87,17,0.5268,58.98,0,0
59.42,16,0.3116,11.13,1,0
101.46,4,0.2816,7.3,0,0
41.75,22,0.2684,0.64,1,0
31.94,10,0.0967,35.92,0,0
17.97,9,0.3433,31.02,1,0
23.63,10,0.4419,0.49,0,0
49.89,4,0.1077,44.02,0,0
64.2,23,0.2173,12.22,1,0
26.03,2,0.2398,13.85,0,0
51.86,8,0.0678,11.44,1,0
45.24,9,0.1427,6.2,0,0
42.06,19,0.0722,34.33,0,0
31.81,22,0.1769,11.61,0,0
39.0,8,0.2168,7.55,1,0
21.1,6,0.044,7.41,0,0
9.91,11,0.2026,5.79,0,0
19.43,8,0.0875,45.62,0,0
81.82,1,0.2116,3.22,0,0
200.81,7,0.0712,4.13,1,0
55.65,3,0.2256,11.8,1,0
27.75,20,0.0476,0.08,0,0
56.16,22,0.4257,13.67,0,0
23.22,7,0.3835,17.0,0,0
117.61,12,0.3499,43.36,0,0
308.04,11,0.1238,4.55,0,0
85.34,1,0.0638,27.0,0,0
33.78,22,0.0546,5.43,0,0
133.36,13,0.1114,0.42,1,0
43.1,4,0.1911,22.96,0,0
26.03,7,0.1423,59.55,0,0
26.21,19,0.2524,26.16,0,0
41.39,14,0.1959,1.07,0,0
10.73,0,0.3252,14.54,0,0
74.32,16,0.104,0.03,0,0
19.19,13,0.5029,0.16,0,0
36.0,4,0.3167,14.11,1,0
31.99,4,0.1791,13.6,0,0
183.03,14,0.0802,0.19,0,0
142.55,10,0.2444,1.73,0,0
47.47,3,0.0541,14.42,0,0
23.78,6,0.134,15.62,0,0
167.3,12,0.1864,57.43,0,0
31.8,19,0.1565,11.34,0,0
18.97,8,0.1682,5.72,0,0
54.93,9,0.3795,19.7,0,0
38.88,17,0.025,0.24,0,0
37.38,2,0.0283,39.96,0,0
77.74,16,0.1965,39.29,0,0
22.75,3,0.0861,0.35,0,0
22.19,12,0.5206,6.26,0,0
19.07,23,0.0986,1.5,0,0
78.85,4,0.1282,0.44,0,0
44.0,6,0.1324,18.17,1,0
109.55,22,0.0572,0.45,0,0
180.32,1,0.1397,12.77,0,0
24.47,14,0.1079,35.34,0,0
136.44,21,0.1954,39.28,0,0
89.84,1,0.1857,36.69,0,0
46.73,8,0.1208,13.19,0,0
76.09,17,0.2929,3.05,0,0
51.05,11,0.0944,18.02,1,0
96.96,3,0.1289,12.01,0,0
58.74,4,0.0998,1.94,0,0
168.48,3,0.3251,1.3,0,0
23.54,17,0.0261,5.06,0,0
37.62,17,0.2483,22.68,0,0
177.16,23,0.5064,17.46,0,0
51.77,20,0.1814,5.15,0,0
39.24,17,0.1243,32.44,0,0
107.06,13,0.289,16.33,0,0
49.28,3,0.398,3.94,0,0
41.78,0,0.4494,19.42,0,0
57.37,5,0.1531,0.85,0,0
23.61,0,0.0883,22.2,0,0
13.93,5,0.2365,43.78,0,0
35.11,2,0.0822,18.76,0,0
13.95,20,0.1119,7.96,0,0
24.42,18,0.1424,8.19,0,0
53.6,13,0.156,1.45,0,0
37.6,8,0.0497,19.02,0,0
38.76,15,0.222,34.32,0,0
48.16,7,0.1598,0.73,0,0
42.72,14,0.2148,16.61,0,0
74.77,8,0.0953,17.86,0,0
26.36,12,0.1165,24.73,1,0
84.09,15,0.1494,11.6,0,0
48.73,13,0.3081,74.17,0,0
58.85,2,0.342,92.59,1,0
43.31,14,0.0638,23.43,0,0
39.89,9,0.1138,17.82,0,0
43.48,16,0.1927,0.02,0,0
182.68,9,0.093,71.83,0,0
67.46,11,0.0754,2.68,0,0
98.1,10,0.1566,5.38,0,0
84.5,19,0.1052,19.02,0,0
43.48,14,0.0902,7.45,0,0
30.86,13,0.3825,42.86,0,0
90.99,16,0.1783,8.99,0,0
85.79,19,0.1076,33.6,0,0
81.79,18,0.0797,2.17,0,0
17.62,22,0.1102,28.54,0,0
36.54,14,0.1399,10.05,0,0
11.79,6,0.1113,1.36,0,0
52.15,7,0.292,4.99,0,0
26.11,18,0.1209,20.67,0,0
168.87,19,0.1984,9.82,0,0
33.69,4,0.3008,2.75,0,0
69.29,5,0.0884,16.17,0,0
165.89,6,0.1115,0.34,0,0
59.23,23,0.2084,4.01,0,0
107.22,9,0.137,16.15,0,0
74.0,17,0.146,1.6,0,0
107.97,5,0.2871,40.72,0,0
79.81,3,0.2826,14.35,0,0
179.57,4,0.1808,8.89,0,0
37.77,20,0.1031,2.11,1,0
35.87,3,0.3285,17.74,0,0
12.34,8,0.431,33.14,0,0
55.58,22,0.1194,17.59,0,0
35.24,19,0.1147,48.96,0,0
66.11,9,0.2139,13.1,0,0
24.85,13,0.3017,0.51,0,0
40.95,11,0.2138,17.69,1,0
83.09,19,0.0402,18.34,0,0
28.79,1,0.0819,3.74,0,0
51.31,7,0.0379,0.99,0,0
13.98,19,0.4164,3.01,1,0
73.69,12,0.2348,20.53,0,0
78.97,15,0.3595,4.86,0,0
49.9,0,0.1114,7.55,0,0
17.68,17,0.1867,0.42,0,0
19.84,11,0.0895,9.6,0,0
32.91,8,0.1974,14.49,0,0
54.01,0,0.369,5.42,0,0
62.5,14,0.1278,5.51,0,0
41.49,0,0.3119,0.71,0,0
39.56,14,0.0887,33.04,0,0
56.64,3,0.2746,50.53,0,0
25.92,20,0.3109,1.41,1,0
31.58,14,0.4693,36.04,0,0
45.81,7,0.3637,5.96,0,0
38.75,9,0.0749,3.22,1,0
38.9,13,0.1568,42.19,1,0
27.02,19,0.2055,3.06,0,0
6.57,9,0.1653,9.25,0,0
65.24,1,0.192,29.26,0,0
99.77,20,0.1587,18.5,1,0
37.77,10,0.0184,10.61,1,0
30.03,15,0.1918,4.68,0,0
117.3,0,0.1852,19.6,0,0
17.84,22,0.5599,2.97,0,0
100.42,19,0.1201,29.87,0,0
306.53,8,0.2543,8.81,1,0
158.03,2,0.3053,11.53,0,0
73.66,5,0.0609,11.53,0,0
126.71,0,0.3535,0.3,0,0
19.9,9,0.0665,46.6,0,0
37.0,1,0.0258,0.52,1,0
33.97,15,0.2242,39.09,0,0
88.6,20,0.0592,5.11,0,0
19.53,14,0.3651,24.14,0,0
34.69,13,0.2478,1.6,0,0
47.6,20,0.0832,4.12,1,0
89.66,21,0.1193,6.92,0,0
61.48,7,0.2612,12.67,0,0
96.82,6,0.1515,2.72,0,0
34.55,17,0.015,8.91,0,0
68.23,11,0.0229,31.14,0,0
66.95,2,0.3506,9.3,0,0
69.14,3,0.186,15.14,0,0
46.97,2,0.0305,9.87,0,0
46.34,5,0.1887,47.44,0,0
238.7,0,0.072,4.19,0,0
30.69,14,0.2178,5.96,0,0
11.38,15,0.3252,34.65,0,0
26.12,21,0.0292,2.83,1,0
28.91,3,0.2514,2.76,0,0
200.84,18,0.2617,10.67,0,0
84.05,8,0.1049,25.0,0,0
24.96,3,0.2271,6.81,1,0
45.55,12,0.0836,3.02,0,0
51.13,13,0.2203,13.86,0,0
32.82,22,0.0949,14.12,0,0
91.75,14,0.3097,4.79,0,0
59.44,11,0.0885,11.81,0,0
13.92,17,0.16,6.17,0,0
26.44,7,0.1065,3.51,0,0
53.61,21,0.2587,12.1,0,0
26.32,1,0.1993,53.48,0,0
52.57,17,0.1086,6.1,0,0
259.76,11,0.968,55.41,1,1
65.63,9,0.193,1.43,1,0
410.61,17,0.2328,9.28,0,0
67.94,3,0.2055,18.85,0,0
140.99,13,0.2506,19.2,0,0
32.85,18,0.1677,6.57,1,0
104.44,16,0.2768,10.22,1,0
28.02,15,0.354,15.6,0,0
41.33,14,0.2418,13.54,0,0
17.97,16,0.0839,37.16,0,0
156.9,21,0.1697,54.26,0,0
26.33,9,0.0438,11.13,0,0
115.04,2,0.1124,1.15,0,0
28.98,10,0.5414,11.56,0,0
52.57,10,0.3822,14.15,0,0
47.29,1,0.0884,8.58,0,0
24.42,10,0.5007,28.13,0,0
78.25,11,0.0497,0.41,0,0
31.1,4,0.1482,61.59,1,0
24.69,22,0.161,21.23,0,0
29.56,10,0.212,20.98,0,0
18.53,2,0.39,19.05,0,0
98.38,7,0.1345,6.44,0,0
23.55,22,0.2351,26.45,1,0
9.9,19,0.141,15.3,0,0
92.15,3,0.189,2.81,0,0
18.43,12,0.2478,24.9,0,0
54.52,0,0.1879,29.87,1,0
138.35,10,0.2747,3.4,0,0
61.0,13,0.0633,103.37,1,0
97.77,22,0.0907,14.79,0,0
46.77,13,0.0623,1.05,0,0
98.43,18,0.3357,1.48,0,0
37.95,19,0.3207,48.33,0,0
68.9,13,0.4172,13.58,0,0
69.63,16,0.0235,47.62,0,0
37.84,14,0.3088,38.93,0,0
57.2,23,0.2176,21.78,0,0
47.32,10,0.0988,6.63,0,0
51.6,5,0.1908,19.67,0,0
17.63,18,0.1231,11.0,1,0
61.97,17,0.1179,10.72,0,0
102.41,2,0.3009,1.81,0,0
7.21,1,0.0705,51.2,0,0
41.56,22,0.4078,16.05,0,0
68.43,2,0.1445,1.82,0,0
32.5,11,0.199,11.11,0,0
60.65,8,0.0841,32.53,0,0
30.71,6,0.2902,36.31,0,0
74.17,15,0.1479,21.03,0,0
16.13,7,0.1433,6.13,0,0
90.85,8,0.1771,7.71,0,0
34.33,22,0.2274,36.69,0,0
144.9,8,0.1162,8.12,0,0
47.1,9,0.1805,1.25,0,0
14.93,2,0.1926,4.33,0,0
61.53,0,0.35,1.6,0,0
13.62,1,0.2347,6.68,0,0
11.0,15,0.0779,3.96,0,0
31.43,18,0.0504,4.83,0,0
109.38,20,0.3217,1.53,1,0
47.8,11,0.2987,20.28,0,0
36.37,21,0.1688,13.08,0,0
113.62,20,0.5405,19.62,0,0
50.65,13,0.2128,33.71,0,0
28.32,22,0.1467,13.94,0,0
47.98,19,0.4592,6.78,0,0
113.8,1,0.1254,3.24,0,0
61.69,18,0.0396,31.11,0,0
33.2,23,0.2955,1.14,0,0
21.6,16,0.0156,4.28,0,0
32.79,14,0.1685,12.57,0,0
51.96,20,0.2188,58.9,0,0
87.69,4,0.1478,0.18,0,0
32.59,17,0.0529,10.73,0,0
26.06,5,0.009,58.03,0,0
51.66,12,0.4329,4.17,0,0
44.74,12,0.2035,7.08,0,0
131.1,16,0.1269,28.77,0,0
84.29,3,0.3927,76.96,0,0
29.06,2,0.1789,14.16,0,0
48.86,18,0.0497,23.12,0,0
12.14,1,0.1082,17.68,0,0
66.61,4,0.2582,0.64,0,0
35.72,6,0.1445,14.17,0,0
40.99,7,0.2521,26.7,0,0
52.19,12,0.1635,26.66,0,0
31.37,7,0.1823,15.03,0,0
24.92,5,0.1133,0.16,0,0
71.78,10,0.1971,18.62,0,0
121.98,0,0.4699,11.19,0,0
46.13,22,0.1867,8.26,1,0
50.9,2,0.4286,14.01,0,0
32.48,20,0.2968,2.41,0,0
13.82,20,0.0177,9.17,0,0
77.5,20,0.1323,6.19,0,0
102.84,17,0.1912,18.29,0,0
71.21,15,0.1338,15.89,0,0
29.48,6,0.1529,17.9,0,0
41.95,4,0.0863,8.96,0,0
117.82,0,0.1799,0.29,0,0
21.62,6,0.0464,1.81,0,0
52.52,19,0.3522,12.53,0,0
31.15,4,0.2034,21.69,0,0
63.65,21,0.2155,25.2,0,0
16.45,20,0.209,14.3,0,0
42.48,7,0.085,2.89,1,0
93.45,14,0.3474,5.57,0,0
60.72,17,0.113,0.66,1,0
81.32,3,0.0734,2.65,0,0
65.04,19,0.2021,8.1,0,0
37.69,23,0.3043,19.92,0,0
11.42,21,0.0804,3.15,0,0
55.19,15,0.0741,28.29,1,0
351.33,5,0.1857,37.31,0,0
226.9,0,0.1784,7.09,0,0
67.93,21,0.3213,34.93,0,0
196.85,13,0.2508,13.02,0,0
59.87,15,0.2427,7.47,0,0
32.41,10,0.259,22.27,0,0
39.82,16,0.1005,9.27,0,0
35.86,3,0.1145,13.54,0,0
131.75,18,0.0931,4.72,0,0
114.43,8,0.0738,5.73,0,0
86.84,17,0.0556,1.17,0,0
18.08,3,0.167,5.84,0,0
27.36,9,0.3365,4.29,0,0
50.69,4,0.0862,1.08,0,0
33.85,1,0.363,6.33,0,0
71.48,8,0.1948,2.48,0,0
41.65,10,0.2598,5.34,0,0
24.43,4,0.1705,25.86,0,0
51.39,22,0.1886,1.34,0,0
98.07,13,0.2795,8.9,0,0
70.56,13,0.128,10.38,0,0
105.61,14,0.1978,23.22,0,0
11.39,13,0.1626,6.04,0,0
133.9,9,0.2993,3.85,0,0
28.92,8,0.1038,73.61,0,0
58.96,3,0.0387,14.49,0,0
104.0,7,0.1945,11.35,0,0
197.63,11,0.7654,22.42,1,0
60.06,4,0.1337,3.57,0,0
62.32,8,0.2401,15.97,0,0
28.46,17,0.1231,32.26,0,0
28.77,9,0.2775,26.94,0,0
54.38,0,0.3157,8.67,0,0
97.25,4,0.217,24.09,0,0
43.89,23,0.0894,25.96,0,0
11.31,4,0.2967,4.37,0,0
169.42,13,0.0336,0.57,0,0
110.28,22,0.1567,81.7,1,0
23.73,3,0.1878,14.05,0,0
71.99,8,0.1863,12.06,0,0
39.96,10,0.2891,44.03,0,0
177.78,5,0.0596,10.43,0,0
34.06,4,0.2151,30.25,0,0
110.07,23,0.1745,26.53,0,0
24.41,20,0.2089,19.26,0,0
45.08,8,0.1006,11.52,0,0
17.95,15,0.1629,9.62,0,0
47.33,15,0.3741,3.26,0,0
94.45,12,0.4701,4.55,0,0
124.15,15,0.0845,1.6,0,0
56.38,12,0.0211,7.54,0,0
26.8,15,0.5296,14.3,0,0
55.07,17,0.2465,4.36,0,0
11.57,0,0.0251,45.9,0,0
105.13,7,0.2299,5.91,0,0
28.11,2,0.4226,20.53,0,0
102.14,18,0.2682,0.94,0,0
11.39,9,0.1585,17.7,0,0
123.62,13,0.0318,10.5,0,0
95.33,6,0.2676,20.41,1,0
32.55,12,0.3931,0.67,0,0
88.41,14,0.2578,30.28,0,0
71.31,0,0.2824,10.43,0,0
36.36,13,0.0107,12.42,0,0
38.37,8,0.0766,0.9,0,0
36.77,21,0.1972,33.98,0,0
53.98,2,0.1046,12.24,1,0
24.47,15,0.311,31.42,0,0
43.87,14,0.1145,1.43,0,0
157.67,20,0.0757,65.48,0,0
53.94,13,0.2185,12.43,0,0
55.76,7,0.2816,2.15,0,0
51.63,19,0.2843,16.65,0,0
38.87,21,0.3346,30.22,0,0
39.7,18,0.2681,5.81,0,0
46.82,17,0.1619,13.15,0,0
34.17,21,0.1486,15.65,0,0
73.51,6,0.3064,75.85,0,0
255.81,7,0.6081,25.72,0,0
68.84,22,0.1395,19.36,0,0
30.64,3,0.2251,2.5,0,0
136.18,3,0.0435,3.9,0,0
119.38,6,0.2508,6.95,1,0
71.14,13,0.3069,5.01,0,0
82.48,8,0.0924,4.56,0,0
84.15,16,0.3511,41.59,0,0
28.63,8,0.1008,0.36,0,0
36.2,15,0.1831,4.13,0,0
166.69,4,0.2983,16.33,1,0
27.72,0,0.1492,18.56,0,0
12.35,6,0.0948,2.82,0,0
74.14,23,0.1985,2.95,0,0
114.88,3,0.1726,3.61,0,0
64.24,9,0.2045,4.94,0,0
33.97,14,0.1382,7.13,0,0
92.0,23,0.137,5.25,0,0
71.74,4,0.7676,2.17,0,1
31.49,6,0.2261,22.38,0,0
34.81,13,0.4098,5.37,1,0
55.42,1,0.1924,5.92,0,0
71.43,2,0.4678,10.14,0,0
43.91,2,0.1194,14.99,0,0
12.87,10,0.0421,18.18,1,0
29.63,0,0.2631,11.25,0,0
55.73,7,0.1037,16.62,0,0
104.43,4,0.137,8.9,0,0
39.45,4,0.2583,13.35,1,0
71.07,21,0.1783,7.63,0,0
245.45,12,0.1935,3.05,0,0
56.41,11,0.2044,1.41,0,0
32.91,17,0.1768,8.23,0,0
23.04,16,0.187,27.03,0,0
45.93,11,0.2092,24.81,0,0
60.51,11,0.1846,16.84,0,0
100.94,1,0.3178,21.52,0,0
20.79,15,0.0861,5.43,0,0
30.08,4,0.3094,5.32,0,0
25.45,1,0.2156,31.96,0,0
25.49,7,0.2199,11.34,0,0
105.01,0,0.3011,10.49,0,0
42.23,16,0.3126,10.19,0,0
45.9,5,0.3659,8.08,0,0
18.61,20,0.4057,15.72,0,0
30.47,19,0.1562,23.75,0,0
54.64,15,0.2202,1.42,0,0
24.17,5,0.4724,18.75,0,0
38.39,15,0.155,63.84,0,0
67.34,17,0.0882,44.27,0,0
76.25,1,0.2222,61.18,0,0
15.3,8,0.099,11.23,0,0
61.94,8,0.2693,8.49,0,0
8.38,9,0.5137,28.66,1,0
30.03,7,0.1716,8.4,1,0
54.23,1,0.4679,4.6,0,0
60.47,4,0.0599,1.79,0,0
27.27,16,0.1007,7.26,0,0
251.35,11,0.1342,7.92,0,0
32.22,16,0.2365,38.94,0,0
136.41,11,0.2764,35.32,1,0
26.48,23,0.0418,7.43,0,0
45.77,16,0.0653,54.68,0,0
29.76,8,0.0774,2.18,0,0
24.54,17,0.3167,14.34,0,0
40.96,2,0.3475,15.02,0,0
81.88,20,0.1269,0.82,0,0
89.78,12,0.0979,10.26,0,0
31.24,0,0.2283,13.63,0,0
86.12,23,0.0086,40.59,0,0
44.27,4,0.2057,42.66,0,0
38.91,4,0.05,7.36,0,0
21.45,15,0.2272,3.13,0,0
39.5,7,0.1256,8.47,0,0
108.88,4,0.2207,5.5,0,0
89.93,12,0.1561,30.24,0,0
22.82,17,0.56,9.6,0,0
29.92,17,0.0626,2.1,0,0
37.09,11,0.2308,0.83,0,0
13.69,17,0.2799,5.9,0,0
33.22,11,0.0813,21.25,0,0
27.37,15,0.1284,0.57,0,0
39.03,2,0.1268,12.36,0,0
31.99,18,0.3636,3.83,0,0
49.28,8,0.5548,46.22,0,0
56.67,13,0.0759,5.38,0,0
45.82,15,0.0283,5.34,0,0
136.0,15,0.0189,11.5,0,0
78.32,7,0.0955,21.85,0,0
22.74,20,0.3098,6.87,0,0
76.42,2,0.2107,9.2,0,0
73.81,10,0.3807,54.94,0,0
17.9,8,0.2198,29.18,1,0
26.49,16,0.0581,93.21,0,0
40.61,22,0.0535,0.97,0,0
33.21,20,0.2807,21.41,0,0
24.93,13,0.1653,1.55,0,0
26.95,19,0.241,64.52,1,0
37.22,10,0.2162,12.18,1,0
65.15,10,0.2041,12.92,0,0
35.77,2,0.16,12.51,0,0
51.8,12,0.1001,8.73,0,0
36.84,9,0.4682,15.75,0,0
17.94,22,0.0643,5.07,0,0
23.31,2,0.3039,0.21,0,0
43.54,17,0.082,34.42,0,0
15.25,23,0.264,8.25,0,0
18.47,22,0.3878,7.81,0,0
13.43,6,0.5001,5.0,0,0
54.94,0,0.212,14.78,0,0
31.57,19,0.0722,0.01,0,0
71.3,10,0.0995,22.68,0,0
52.82,3,0.1463,4.4,0,0
14.34,7,0.0643,33.03,0,0
31.93,11,0.1318,18.86,0,0
69.73,17,0.3268,15.36,1,0
40.5,23,0.351,11.58,0,0
96.94,23,0.1435,6.84,1,0
22.78,16,0.2207,9.06,0,0
88.18,19,0.0361,2.61,0,0
114.36,16,0.0769,3.04,0,0
46.35,23,0.2042,16.0,0,0
17.65,4,0.2001,0.11,0,0
65.05,9,0.4141,20.67,1,0
93.06,7,0.1279,11.24,0,0
48.14,7,0.1762,3.58,0,0
12.28,10,0.4453,18.59,0,0
14.3,13,0.1464,30.62,0,0
154.87,14,0.3595,8.6,0,0
172.59,5,0.2304,21.88,0,0
137.13,0,0.177,63.2,0,0
99.52,3,0.3301,14.66,0,0
19.93,19,0.3592,15.36,0,0
54.92,14,0.1046,15.14,0,0
98.87,21,0.482,10.49,0,0
31.11,3,0.2223,9.99,0,0
39.12,6,0.3603,10.03,0,0
76.83,0,0.2513,23.24,0,0
78.97,19,0.2537,21.76,0,0
62.12,17,0.0757,9.82,0,0
46.04,17,0.2202,21.41,0,0
21.74,17,0.195,18.41,0,0
77.99,6,0.1102,16.14,0,0
36.69,3,0.2722,20.57,1,0
55.35,18,0.1279,3.18,0,0
49.4,11,0.2737,42.12,0,0
19.89,11,0.1471,9.34,0,0
164.6,9,0.1581,90.59,0,0
21.33,15,0.2517,11.87,0,0
90.95,7,0.1565,25.36,1,0
54.26,13,0.1242,7.11,1,0
45.79,16,0.246,12.32,0,0
32.56,9,0.464,23.2,1,0
39.39,17,0.2474,1.65,1,0
43.11,4,0.2198,59.58,1,0
20.43,19,0.3598,42.07,0,0
126.57,7,0.1456,46.63,0,0
144.45,6,0.1603,31.52,0,0
52.39,11,0.2453,9.98,0,0
59.31,17,0.1666,2.77,0,0
85.93,22,0.0773,17.33,0,0
33.04,19,0.0759,22.43,0,0
42.04,10,0.1183,49.88,1,0
23.28,11,0.1509,12.51,0,0
17.53,21,0.4265,6.39,0,0
30.15,7,0.249,9.28,0,0
31.79,13,0.3767,2.66,0,0
105.84,5,0.2525,11.77,0,0
55.35,6,0.1571,33.27,0,0
40.05,16,0.2697,2.79,0,0
66.92,13,0.0903,0.3,0,0
74.15,1,0.0651,34.69,0,0
36.9,23,0.2185,5.82,1,0
29.92,22,0.1247,15.43,0,0
81.24,14,0.0515,17.39,0,0
45.77,5,0.2163,6.2,0,0
12.17,2,0.0782,1.58,0,0
16.36,2,0.0371,17.29,0,0
76.26,9,0.1145,31.86,0,0
104.14,12,0.1636,7.12,1,0
72.66,2,0.0529,2.89,0,0
74.55,22,0.5552,0.42,0,0
23.0,21,0.2359,4.32,0,0
8.64,17,0.0806,65.96,0,0
107.28,8,0.112,18.68,0,0
142.4,19,0.032,9.48,0,0
56.21,12,0.3657,4.62,1,0
26.27,3,0.0412,3.8,0,0
21.55,9,0.5016,18.05,0,0
45.39,1,0.2932,2.41,0,0
128.86,6,0.0108,6.54,0,0
85.01,11,0.2706,11.99,0,0
12.97,3,0.2036,23.88,0,0
63.78,15,0.1068,51.34,0,0
48.39,0,0.1091,8.8,0,0
17.47,11,0.3235,10.8,0,0
45.3,3,0.3079,4.9,0,0
19.19,8,0.5172,4.07,0,0
37.53,0,0.404,5.78,1,0
18.78,20,0.2099,11.32,0,0
26.32,14,0.3583,1.61,0,0
40.02,13,0.2441,25.31,0,0
31.54,11,0.0173,17.06,0,0
47.62,14,0.0627,33.86,1,0
51.35,14,0.3001,13.32,0,0
54.42,6,0.1673,20.66,0,0
91.14,3,0.3549,5.79,0,0
34.09,10,0.1486,34.73,0,0
26.91,0,0.3361,1.82,0,0
27.6,5,0.1734,7.09,0,0
59.9,0,0.2935,8.87,0,0
39.7,9,0.1001,3.04,1,0
35.88,16,0.1239,22.52,1,0
16.02,2,0.1801,13.72,0,0
36.61,19,0.3344,1.73,0,0
41.48,3,0.1176,49.71,0,0
66.84,23,0.2407,5.78,0,0
22.9,3,0.0522,4.2,0,0
44.62,1,0.0994,20.32,0,0
14.0,5,0.3092,5.74,0,0
54.74,22,0.0887,6.48,0,0
82.51,15,0.2097,0.85,1,0
145.17,20,0.2086,16.4,0,0
25.39,2,0.2626,4.09,0,0
62.28,4,0.2972,20.68,0,0
37.75,22,0.0944,0.2,0,0
93.19,11,0.3007,0.06,0,0
29.12,23,0.179,0.96,0,0
48.61,8,0.0338,22.0,0,0
186.12,8,0.1101,16.87,0,0
43.34,8,0.1103,7.59,0,0
63.52,8,0.1051,9.76,0,0
25.75,10,0.2492,10.52,0,0
98.87,4,0.2107,25.44,0,0
36.53,1,0.0164,40.53,0,0
59.79,23,0.1986,10.34,0,0
45.08,12,0.301,13.63,0,0
28.25,4,0.2005,6.44,0,0
30.56,17,0.2064,7.43,0,0
22.38,8,0.143,7.08,0,0
61.99,4,0.3118,3.73,1,0
95.35,4,0.2699,16.58,0,0
37.44,4,0.155,3.95,1,0
37.12,12,0.4327,12.4,0,0
27.11,1,0.2229,1.45,0,0
99.67,22,0.1177,2.25,0,0
14.81,11,0.2278,59.89,1,0
53.11,20,0.2346,1.72,0,0
102.75,19,0.4182,19.97,0,0
16.24,21,0.2657,9.76,0,0
35.11,20,0.2215,31.2,0,0
22.76,20,0.4121,16.17,1,0
20.24,5,0.206,0.45,0,0
10.51,0,0.2218,3.93,0,0
49.52,14,0.1139,2.13,0,0
51.22,20,0.044,0.8,0,0
82.59,5,0.1204,1.34,0,0
28.48,12,0.2039,32.94,0,0
23.97,23,0.1342,9.58,0,0
26.76,9,0.1982,6.55,1,0
38.35,16,0.2353,0.21,0,0
41.68,20,0.2189,25.87,0,0
124.81,17,0.0849,24.75,0,0
20.57,10,0.1161,15.37,1,0
45.3,4,0.5158,9.67,1,0
32.44,0,0.047,1.63,0,0
27.35,6,0.0266,11.07,0,0
19.22,3,0.1134,16.73,0,0
20.68,8,0.2898,6.92,0,0
26.25,23,0.1795,12.45,1,0
114.72,11,0.0295,28.04,0,0
14.63,11,0.3221,4.28,0,0
59.52,0,0.4735,6.29,0,0
48.63,19,0.4406,2.66,0,0
16.82,0,0.1142,11.54,1,0
22.58,15,0.1475,0.42,0,0
53.07,11,0.0464,0.83,0,0
37.36,22,0.2208,2.87,0,0
31.79,8,0.0975,8.94,0,0
30.94,1,0.0237,7.76,0,0
108.56,22,0.1133,3.3,0,0
56.06,22,0.0598,6.81,0,0
73.81,7,0.153,5.33,0,0
33.81,0,0.2252,39.06,0,0
32.09,4,0.2149,2.72,0,0
13.86,17,0.1971,5.03,0,0
65.05,6,0.3704,15.1,0,0
22.66,8,0.2903,1.63,0,0
50.76,8,0.0432,13.08,0,0
35.2,11,0.2265,25.8,0,0
123.61,11,0.0324,5.03,0,0
23.57,23,0.3066,44.28,0,0
40.18,18,0.3526,33.39,0,0
21.6,17,0.0678,18.28,0,0
16.08,19,0.3405,6.28,0,0
23.85,19,0.3712,6.07,0,0
53.1,2,0.0484,10.03,0,0
36.97,12,0.4098,10.37,0,0
121.77,17,0.2709,6.96,0,0
14.19,7,0.092,8.11,0,0
83.93,1,0.2156,2.7,0,0
13.68,22,0.2198,10.51,1,0
17.45,18,0.0713,23.74,0,0
86.91,3,0.3167,35.36,0,0
500.0,13,0.196,9.93,0,0
26.48,18,0.1063,15.14,0,0
36.17,0,0.0869,22.49,0,0
14.62,12,0.2539,10.19,0,0
30.31,11,0.0322,14.64,0,0
172.29,6,0.2508,15.39,0,0
66.06,15,0.2533,29.41,0,0
33.43,21,0.254,6.69,0,0
15.18,13,0.2137,19.48,0,0
35.1,11,0.1865,17.85,0,0
108.72,7,0.2335,7.22,0,0
14.13,14,0.2934,38.72,1,0
68.49,8,0.1496,20.8,0,0
31.2,9,0.1268,12.94,0,0
109.48,22,0.1723,10.64,0,0
32.37,15,0.0291,18.73,0,0
13.94,2,0.0738,10.82,0,0
76.23,1,0.0858,12.25,0,0
59.64,18,0.181,45.65,1,0
255.62,22,0.4467,20.3,0,0
53.03,12,0.043,29.13,0,0
29.25,6,0.3234,26.43,0,0
23.67,15,0.1919,3.62,0,0
38.51,20,0.1692,4.22,0,0
56.83,5,0.1246,15.11,0,0
62.33,15,0.2211,22.74,0,0
26.7,18,0.0684,25.43,1,0
75.09,20,0.5215,0.65,1,0
22.16,1,0.4146,5.01,0,0
31.05,6,0.0851,25.98,0,0
47.7,2,0.1353,20.55,0,0
100.34,4,0.3275,2.96,0,0
22.44,10,0.1903,13.43,1,0
66.14,19,0.1136,3.94,0,0
18.62,16,0.1946,12.49,0,0
74.23,10,0.0897,18.5,0,0
65.93,17,0.0945,12.92,0,0
62.55,20,0.5513,26.33,0,0
45.84,20,0.3465,5.04,0,0
14.22,6,0.0771,12.61,0,0
70.7,21,0.1613,0.25,0,0
23.71,1,0.1662,48.41,0,0
19.92,19,0.1766,10.62,0,0
34.05,12,0.5222,16.88,0,0
53.55,8,0.0404,23.09,0,0
10.43,21,0.6297,2.37,0,0
37.61,22,0.1163,13.31,0,0
8.56,8,0.0961,14.62,0,0
75.82,20,0.1525,6.91,0,0
17.87,7,0.2772,3.58,0,0
15.24,4,0.1631,6.26,0,0
19.04,15,0.2857,13.42,0,0
66.19,9,0.0261,2.83,0,0
70.43,2,0.3263,9.31,0,0
28.22,11,0.0969,20.67,0,0
70.92,17,0.388,3.85,0,0
25.61,1,0.1091,6.06,0,0
68.0,23,0.3177,13.58,0,0
55.68,9,0.361,13.54,0,0
9.29,15,0.1408,6.13,0,0
51.62,5,0.196,1.54,0,0
40.43,12,0.0029,6.81,0,0
41.89,23,0.2194,1.92,0,0
81.01,23,0.1515,13.68,0,0
71.87,22,0.1666,11.92,0,0
16.86,20,0.3715,25.91,0,0
110.39,16,0.2923,4.48,0,0
11.48,22,0.1704,1.49,0,0
94.06,16,0.0063,6.57,0,0
23.13,13,0.0854,9.78,0,0
149.58,12,0.338,8.52,0,0
25.19,1,0.1222,3.45,0,0
19.64,7,0.2254,2.12,0,0
44.56,22,0.0419,25.68,0,0
52.34,0,0.2349,11.27,0,0
72.05,9,0.2092,21.94,0,0
51.48,0,0.3196,24.41,1,0
39.43,4,0.1348,68.55,0,0
44.41,16,0.0415,7.16,0,0
251.13,7,0.1984,2.78,0,0
20.66,18,0.2856,6.94,0,0
64.33,3,0.1551,13.47,0,0
90.48,2,0.2196,18.44,0,0
36.7,13,0.0837,31.94,0,0
77.92,2,0.0933,15.1,0,0
103.47,9,0.2303,14.55,0,0
11.86,7,0.3307,8.06,0,0
35.26,4,0.0648,6.12,1,0
24.47,13,0.3156,1.69,0,0
84.22,0,0.1179,3.68,0,0
19.67,8,0.0543,0.82,1,0
30.6,7,0.0443,26.39,0,0
41.97,3,0.1039,5.76,0,0
35.44,15,0.2238,18.95,0,0
75.99,2,0.1813,30.58,1,0
91.87,22,0.1362,1.89,0,0
63.51,21,0.0365,9.32,0,0
32.3,15,0.4503,7.77,0,0
38.81,16,0.0879,16.6,0,0
23.67,11,0.1264,41.54,0,0
46.36,16,0.1778,1.3,0,0
23.1,0,0.3147,12.28,0,0
40.21,12,0.2905,8.91,0,0
39.44,13,0.1371,32.45,0,0
16.23,14,0.1564,30.45,0,0
45.89,14,0.061,3.6,0,0
15.94,6,0.1696,21.84,0,0
40.53,4,0.2592,12.19,0,0
32.45,18,0.2352,11.81,0,0
52.34,15,0.1768,20.97,0,0
36.81,19,0.4578,41.67,0,0
41.47,19,0.0613,10.75,1,0
55.78,1,0.1384,15.54,0,0
40.22,8,0.1319,10.58,0,0
13.5,10,0.2597,9.98,0,0
111.22,5,0.0336,16.44,0,0
41.27,12,0.3799,8.41,1,0
79.86,18,0.0688,3.86,0,0
39.87,3,0.341,1.76,1,0
57.12,15,0.1166,16.0,0,0
54.42,7,0.4224,27.46,0,0
21.56,2,0.3548,14.18,0,0
34.82,9,0.4253,27.66,0,0
11.19,14,0.1919,7.74,0,0
62.77,11,0.3514,1.64,0,0
24.64,14,0.1207,0.14,0,0
22.16,7,0.1433,9.03,0,0
91.98,3,0.0383,14.64,0,0
29.86,8,0.2601,49.0,0,0
47.59,18,0.1807,0.63,0,0
44.21,8,0.1278,13.33,0,0
57.99,16,0.0373,1.21,0,0
41.41,11,0.2055,0.31,0,0
67.15,17,0.2329,14.44,0,0
29.52,22,0.1259,8.11,0,0
31.94,15,0.0067,12.97,0,0
85.89,20,0.2234,25.82,0,0
64.92,8,0.1865,30.35,0,0
30.22,22,0.0957,23.39,0,0
38.39,0,0.1967,14.24,0,0
81.11,16,0.171,1.2,0,0
44.2,2,0.5078,0.8,0,0
123.01,4,0.3686,21.68,0,0
133.33,15,0.1264,24.94,0,0
34.89,21,0.2941,14.06,0,0
4.34,8,0.4248,18.21,0,0
57.64,14,0.0248,7.67,0,0
368.08,17,0.3516,8.8,0,0
31.12,11,0.2334,20.78,0,0
59.31,13,0.0616,2.84,0,0
121.21,11,0.1532,5.9,0,0
24.21,4,0.5531,6.45,0,0
117.67,10,0.124,7.29,0,0
26.55,12,0.0703,21.94,0,0
38.16,4,0.0607,5.92,0,0
86.85,14,0.2657,26.82,0,0
39.99,5,0.2026,14.86,0,0
92.71,23,0.0289,3.98,0,0
52.94,10,0.1193,30.22,0,0
53.15,20,0.1071,3.64,0,0
32.04,10,0.1009,1.87,0,0
41.51,12,0.0944,13.47,0,0
62.02,11,0.232,26.02,0,0
16.4,16,0.3837,3.5,0,0
10.84,8,0.2834,2.16,0,0
16.32,15,0.1817,5.72,1,0
36.86,21,0.0947,1.17,0,0
89.31,6,0.204,18.79,1,0
14.21,1,0.3127,2.35,0,0
121.09,2,0.2096,3.27,0,0
30.81,22,0.1372,3.84,0,0
27.26,3,0.3588,1.66,0,0
125.81,5,0.3587,24.72,0,0
18.37,13,0.225,12.49,0,0
47.56,1,0.1341,12.69,0,0
15.12,19,0.0613,5.59,0,0
121.15,20,0.1519,3.34,0,0
63.47,9,0.2194,17.96,0,0
19.74,16,0.1332,6.4,0,0
26.53,14,0.3421,7.15,0,0
47.92,10,0.2243,0.26,0,0
31.25,10,0.2696,13.43,0,0
15.77,20,0.0595,23.99,0,0
26.88,4,0.2136,40.82,0,0
105.27,3,0.3589,0.91,1,0
175.92,6,0.2228,30.65,0,0
248.63,9,0.2056,12.73,0,0
52.08,8,0.4113,17.3,0,0
23.95,4,0.1977,21.67,0,0
51.73,21,0.1391,10.09,0,0
57.69,9,0.251,25.75,0,0
144.66,13,0.5417,20.75,0,0
71.83,4,0.2804,12.3,0,0
78.77,15,0.2571,0.53,0,0
35.76,23,0.1722,8.38,0,0
20.38,21,0.1001,7.3,0,0
49.17,1,0.0559,20.35,0,0
56.35,20,0.2751,9.29,0,0
28.25,9,0.0356,26.79,1,0
19.43,1,0.1037,21.8,0,0
59.54,5,0.2314,33.68,0,0
31.27,16,0.2448,5.7,0,0
91.66,21,0.2714,12.33,0,0
71.73,18,0.1358,8.82,1,0
16.03,13,0.098,1.08,0,0
178.26,13,0.0444,17.6,0,0
27.61,12,0.1552,15.74,0,0
61.47,7,0.114,5.39,1,0
55.75,16,0.1772,6.07,0,0
143.86,0,0.1743,24.99,0,0
38.45,6,0.1302,1.65,0,0
44.82,13,0.177,34.46,0,0
17.61,18,0.2323,8.01,0,0
42.97,4,0.0684,11.89,1,0
66.12,6,0.0985,50.03,1,0
55.4,2,0.1971,13.51,0,0
10.96,23,0.0991,2.65,0,0
119.94,1,0.2244,14.1,0,0
50.15,4,0.1639,1.26,0,0
39.77,23,0.2499,5.31,0,0
53.28,1,0.2641,59.38,0,0
55.18,22,0.3918,21.31,0,0
54.27,12,0.1092,3.57,0,0
18.14,16,0.339,13.91,0,0
30.98,17,0.1852,14.4,0,0
37.83,0,0.2559,2.35,0,0
19.49,22,0.2108,0.46,0,0
45.23,10,0.1722,14.21,0,0
60.78,4,0.0437,8.74,0,0
126.98,9,0.1609,6.56,0,0
20.36,10,0.0353,17.57,0,0
9.7,14,0.0604,10.52,0,0
73.01,15,0.4823,34.86,0,0
62.76,1,0.2138,0.53,0,0
42.69,6,0.137,40.79,0,0
22.52,7,0.0755,4.14,0,0
49.01,19,0.2668,0.62,0,0
95.31,13,0.5746,15.84,0,0
42.65,11,0.168,12.37,1,0
19.04,12,0.2412,31.01,0,0
53.28,13,0.132,15.84,0,0
16.02,7,0.2195,0.18,0,0
98.68,1,0.3555,5.06,0,0
31.61,4,0.5627,16.37,0,0
123.67,9,0.0983,10.41,0,0
20.07,20,0.3275,80.77,1,0
66.73,1,0.2638,85.69,0,0
33.22,10,0.2013,39.23,1,0
144.8,21,0.1715,40.94,0,0
25.85,0,0.295,25.22,1,0
72.94,19,0.2625,42.7,0,0
70.48,3,0.1283,8.37,0,0
140.78,18,0.2368,23.71,0,0
12.52,0,0.2898,23.43,0,0
58.62,5,0.4212,14.65,1,0
28.32,22,0.098,3.87,0,0
16.8,5,0.1851,8.55,0,0
35.14,1,0.1807,7.02,0,0
39.21,17,0.261,2.66,0,0
22.22,7,0.215,13.09,0,0
27.48,23,0.057,0.11,0,0
99.76,22,0.128,39.2,0,0
57.42,9,0.1869,15.52,0,0
35.1,5,0.2981,4.09,0,0
27.53,11,0.0162,26.23,1,0
60.45,2,0.0655,1.04,0,0
115.39,2,0.1718,3.1,0,0
16.37,6,0.3872,5.88,0,0
60.48,15,0.2652,9.15,0,0
76.53,4,0.041,15.16,0,0
54.03,22,0.0761,21.47,0,0
42.36,18,0.222,2.01,0,0
35.33,4,0.3079,12.72,0,0
30.54,17,0.6024,5.25,0,0
36.83,13,0.3992,4.71,1,0
46.38,2,0.1108,19.04,0,0
80.66,3,0.1047,13.57,0,0
23.95,5,0.041,7.93,0,0
42.27,6,0.2595,2.0,0,0
162.82,19,0.41,5.76,0,0
42.82,11,0.1119,22.27,0,0
72.39,12,0.1319,25.51,0,0
50.06,19,0.1452,8.86,0,0
42.53,2,0.3108,9.22,0,0
53.23,23,0.0644,9.82,0,0
75.61,17,0.5243,4.68,0,0
20.14,22,0.2386,2.37,0,0
28.41,16,0.1796,9.76,0,0
63.16,15,0.2009,4.7,0,0
51.49,14,0.4626,11.95,0,0
46.91,5,0.2329,19.01,0,0
67.57,13,0.0614,14.01,0,0
47.02,15,0.0009,36.59,0,0
44.79,1,0.3989,2.35,0,0
13.79,19,0.188,21.63,0,0
61.26,8,0.3115,12.05,0,0
134.24,17,0.0471,4.75,0,0
42.61,2,0.1385,4.59,0,0
179.26,23,0.1517,3.14,0,0
4.63,1,0.095,2.48,1,0
62.85,12,0.15,15.92,0,0
36.75,10,0.3852,21.02,0,0
68.9,16,0.2923,2.3,1,0
42.75,1,0.2749,61.58,0,0
66.18,8,0.6038,4.1,0,0
29.71,12,0.0752,13.8,0,0
19.11,2,0.0841,3.68,0,0
30.53,0,0.181,41.78,0,0
60.98,1,0.1567,10.24,0,0
18.26,21,0.2663,13.16,0,0
42.31,12,0.0295,53.01,0,0
19.92,12,0.1651,1.41,0,0
109.04,7,0.1796,15.81,0,0
19.48,1,0.6283,5.04,0,0
52.01,7,0.405,2.41,1,0
50.09,14,0.319,19.72,0,0
173.89,5,0.4526,6.61,0,0
34.79,0,0.4767,9.48,0,0
21.75,18,0.2679,23.09,0,0
150.4,6,0.0697,8.55,0,0
31.81,23,0.0884,40.64,0,0
64.43,14,0.0573,76.02,0,0
66.94,20,0.1068,44.11,0,0
62.72,23,0.1347,18.35,0,0
35.57,4,0.3687,33.5,0,0
21.56,17,0.2611,10.09,0,0
21.71,21,0.2697,25.16,0,0
38.78,15,0.0576,24.21,0,0
33.14,12,0.5066,8.58,0,0
14.43,15,0.0512,7.51,0,0
111.68,0,0.1742,10.52,1,0
48.98,4,0.1504,24.92,0,0
22.72,22,0.0273,9.44,0,0
19.72,15,0.0843,2.35,0,0
49.73,19,0.2956,35.93,0,0
23.49,3,0.2104,10.73,0,0
22.57,8,0.1941,5.27,1,0
29.48,9,0.2878,35.15,0,0
21.62,2,0.1005,6.32,0,0
62.82,22,0.2922,9.44,0,0
32.74,2,0.0381,11.58,0,0
109.17,3,0.5127,25.3,0,0
45.19,22,0.1448,21.08,0,0
156.0,4,0.2139,34.97,0,0
116.16,20,0.3558,5.96,0,0
16.7,20,0.3269,16.53,0,0
30.89,5,0.2333,19.23,0,0
44.25,4,0.2214,13.78,0,0
46.72,17,0.4006,9.37,0,0
230.81,22,0.1749,21.6,0,0
36.15,3,0.0851,5.47,0,0
48.88,5,0.1633,7.11,0,0
17.45,15,0.1797,8.76,0,0
53.28,0,0.2682,21.42,0,0
18.74,7,0.548,25.88,0,0
28.15,9,0.1525,0.44,0,0
128.11,15,0.235,17.77,1,0
107.09,12,0.2297,33.04,0,0
37.38,8,0.2051,2.54,0,0
40.84,18,0.0948,28.65,0,0
55.26,3,0.1427,3.11,0,0
46.29,19,0.2303,20.92,0,0
21.57,7,0.029,0.59,0,0
65.33,17,0.2176,14.47,0,0
66.5,14,0.2281,4.71,0,0
59.63,21,0.185,4.27,0,0
49.01,10,0.229,12.29,0,0
87.23,2,0.1885,4.29,0,0
127.47,20,0.3442,3.47,0,0
13.5,22,0.0679,0.7,0,0
126.44,4,0.1421,6.49,0,0
56.35,7,0.3088,3.52,0,0
35.91,3,0.1446,7.52,0,0
69.77,9,0.1422,8.52,0,0
43.34,4,0.1334,1.64,0,0
62.34,0,0.1798,29.15,0,0
86.11,2,0.2148,2.12,0,0
38.24,6,0.1451,23.92,0,0
41.77,16,0.5458,16.59,0,0
16.25,6,0.1796,13.86,0,0
165.22,23,0.1254,1.06,1,0
45.02,5,0.5554,38.7,0,0
40.53,21,0.0473,65.29,0,0
33.86,20,0.107,15.76,0,0
46.36,6,0.0775,3.9,0,0
24.71,8,0.1741,20.5,0,0
12.47,4,0.0286,17.93,0,0
86.06,7,0.0504,17.44,0,0
25.64,10,0.1756,34.37,0,0
34.24,22,0.3844,20.3,0,0
25.92,4,0.4018,38.96,0,0
79.86,11,0.2887,5.74,0,0
30.48,15,0.1085,37.46,0,0
8.39,8,0.0568,0.84,0,0
14.68,5,0.4065,4.25,0,0
17.26,11,0.2204,12.46,0,0
131.34,16,0.1745,22.61,0,0
32.71,4,0.4569,12.78,0,0
28.47,2,0.1549,12.89,0,0
15.62,12,0.0934,18.61,0,0
146.85,13,0.0758,1.76,1,0
18.54,2,0.1796,0.46,0,0
7.67,18,0.3114,14.05,0,0
22.21,8,0.1119,3.74,0,0
57.19,3,0.2579,46.39,0,0
84.22,18,0.189,8.16,0,0
28.71,10,0.1417,3.9,0,0
43.07,13,0.0506,2.81,0,0
17.85,20,0.5365,19.1,0,0
82.87,18,0.1759,21.45,0,0
19.23,11,0.1263,1.8,0,0
12.39,6,0.0706,55.06,0,0
44.15,2,0.1463,22.32,0,0
47.52,14,0.0449,14.25,0,0
35.89,2,0.049,37.74,1,0
60.61,16,0.4058,14.16,0,0
36.19,11,0.2814,4.83,0,0
35.64,17,0.1922,7.5,0,0
41.45,22,0.0562,15.77,0,0
19.53,10,0.0604,23.41,0,0
254.38,9,0.0458,5.12,1,0
68.6,16,0.0482,19.71,0,0
28.21,14,0.1184,35.54,1,0
38.95,3,0.2283,21.33,0,0
19.55,13,0.372,2.4,0,0
14.86,19,0.1462,10.47,0,0
65.06,12,0.141,28.88,0,0
108.79,22,0.2567,18.81,0,0
32.23,8,0.3652,42.67,0,0
43.62,12,0.4935,0.76,0,0
32.92,14,0.1095,6.83,0,0
52.83,16,0.1277,28.6,0,0
39.33,18,0.1647,7.7,0,0
56.82,20,0.2292,52.58,0,0
10.61,9,0.4263,3.03,0,0
37.17,1,0.4701,6.87,0,0
50.94,1,0.1201,38.07,0,0
69.58,17,0.1405,0.21,0,0
44.4,2,0.1962,4.04,0,0
44.83,9,0.2101,7.35,0,0
76.22,11,0.0939,9.01,0,0
38.24,3,0.0489,3.33,1,0
27.7,7,0.1792,5.84,0,0
44.75,9,0.4438,48.42,0,0
49.96,4,0.3478,12.47,0,0
22.0,7,0.4183,2.05,1,0
15.12,21,0.0726,11.23,0,0
112.17,19,0.1129,19.42,0,0
66.81,2,0.2174,4.61,0,0
21.29,22,0.1413,2.0,0,0
91.57,15,0.198,7.47,0,0
14.16,12,0.0217,39.72,0,0
196.26,5,0.1177,3.45,0,0
22.64,19,0.231,35.56,0,0
48.65,9,0.3431,17.88,1,0
40.76,22,0.3626,11.38,0,0
143.71,13,0.2509,42.64,0,0
80.73,14,0.0768,18.93,0,0
48.18,10,0.3017,21.64,0,0
11.59,3,0.2453,63.12,0,0
25.66,20,0.373,9.2,1,0
126.14,6,0.4379,21.23,0,0
106.05,5,0.3518,28.78,0,0
21.1,1,0.2143,0.49,0,0
30.84,21,0.1622,12.35,1,0
30.48,10,0.0968,38.86,0,0
146.24,22,0.05,1.36,0,0
87.55,14,0.1329,5.76,1,0
44.93,16,0.0879,2.81,0,0
39.2,13,0.0884,0.45,0,0
27.64,7,0.2124,7.1,0,0
24.16,10,0.138,6.42,0,0
31.02,10,0.1993,22.01,0,0
11.24,22,0.1065,20.76,0,0
77.42,21,0.1543,0.19,1,0
60.43,9,0.0981,3.47,0,0
53.06,13,0.1558,9.09,1,0
54.09,22,0.1479,0.16,0,0
4.57,16,0.2005,3.23,0,0
84.64,22,0.09,49.99,0,0
73.05,23,0.2885,12.24,0,0
49.35,18,0.3996,23.86,0,0
16.84,21,0.1016,3.62,0,0
32.24,16,0.1654,31.61,0,0
11.29,9,0.1094,26.69,0,0
48.07,16,0.1441,9.58,0,0
168.16,4,0.0944,24.56,0,0
46.77,10,0.2514,10.4,0,0
116.91,2,0.1484,13.37,0,0
22.12,20,0.1318,47.85,0,0
23.13,17,0.2657,21.71,0,0
24.71,6,0.0342,19.21,0,0
22.43,22,0.0532,11.62,1,0
22.94,15,0.596,8.56,0,0
43.63,17,0.2293,7.57,0,0
94.72,15,0.287,8.4,0,0
19.81,22,0.3882,7.94,0,0
51.34,17,0.126,72.18,0,0
16.84,1,0.0398,34.17,0,0
41.7,17,0.118,26.46,0,0
64.55,17,0.1633,8.16,0,0
67.7,20,0.0487,10.86,0,0
101.43,14,0.147,30.32,0,0
42.06,17,0.0772,24.41,0,0
49.52,18,0.0725,5.61,0,0
24.57,22,0.0273,26.43,0,0
103.5,7,0.1782,7.7,0,0
185.94,22,0.149,12.88,0,0
23.05,1,0.2242,14.83,1,0
322.14,0,0.2106,8.44,1,0
18.51,23,0.0944,10.16,0,0
42.4,15,0.233,26.66,0,0
277.81,7,0.0882,1.81,0,0
69.18,15,0.2559,9.98,0,0
67.04,20,0.1784,3.52,0,0
34.54,8,0.3122,7.45,0,0
44.29,1,0.1043,27.65,0,0
59.89,18,0.0385,38.33,0,0
100.79,16,0.2302,8.22,0,0
21.24,8,0.1985,29.21,0,0
15.89,4,0.1038,21.0,0,0
80.62,0,0.0409,10.09,0,0
44.15,6,0.2239,21.0,0,0
52.39,5,0.1898,14.22,0,0
15.56,18,0.2951,62.64,1,0
43.58,18,0.2387,11.32,0,0
33.65,1,0.2095,1.79,0,0
52.67,6,0.4644,5.82,0,0
28.44,19,0.2327,13.25,0,0
58.64,16,0.0408,2.72,0,0
134.4,16,0.0418,1.25,0,0
56.5,15,0.289,2.33,0,0
106.51,6,0.092,4.88,0,0
27.49,17,0.0622,11.13,0,0
64.83,11,0.0728,4.3,0,0
22.79,14,0.1149,26.43,0,0
62.74,10,0.12,35.08,0,0
66.42,9,0.0956,10.99,0,0
101.01,2,0.1038,3.48,0,0
19.26,22,0.2379,0.69,0,0
40.76,13,0.0908,58.36,0,0
39.18,20,0.2365,2.11,0,0
18.44,7,0.0351,7.91,1,0
76.94,10,0.2066,9.84,0,0
89.42,13,0.2265,7.96,1,0
38.18,3,0.0827,34.26,0,0
43.13,0,0.0824,1.71,0,0
147.27,0,0.1573,0.27,0,0
36.04,4,0.1804,6.83,0,0
54.63,3,0.1215,27.23,0,0
23.32,17,0.3101,39.34,0,0
58.53,5,0.1867,0.34,0,0
21.75,20,0.1849,39.21,0,0
115.78,18,0.0391,3.68,0,0
20.75,2,0.1586,27.81,0,0
41.98,0,0.2702,1.6,0,0
26.74,5,0.2162,5.51,0,0
168.35,10,0.2921,40.95,0,0
125.29,23,0.0686,7.33,0,0
38.05,17,0.1021,18.53,0,0
39.46,1,0.0529,12.91,0,0
79.36,3,0.1486,2.18,0,0
65.28,12,0.0714,49.02,0,0
22.93,17,0.1503,18.73,1,0
28.16,19,0.4543,23.77,0,0
15.17,9,0.1669,9.77,1,0
37.47,7,0.0814,1.18,1,0
57.6,7,0.1188,5.35,0,0
44.31,7,0.0839,34.71,0,0
61.92,1,0.16,22.37,0,0
39.53,8,0.2889,3.5,1,0
64.38,17,0.1702,1.37,0,0
112.78,16,0.0932,2.62,0,0
11.09,5,0.3397,33.02,0,0
243.43,20,0.096,11.64,0,0
27.01,15,0.3603,7.42,0,0
45.95,23,0.1732,24.06,0,0
9.32,6,0.3135,13.05,0,0
103.79,22,0.0637,30.04,0,0
16.15,20,0.3686,4.04,0,0
25.45,18,0.0894,3.1,0,0
18.98,0,0.3506,11.35,0,0
15.33,15,0.0751,4.15,0,0
160.46,6,0.1961,16.07,0,0
61.09,2,0.1051,22.79,0,0
32.82,4,0.2585,11.92,0,0
84.91,11,0.1915,2.38,1,0
45.13,0,0.1986,10.66,0,0
42.9,18,0.1046,3.52,0,0
121.44,19,0.1424,12.01,0,0
50.6,9,0.0518,4.91,0,0
40.82,14,0.2383,10.15,0,0
4.66,6,0.0394,3.59,0,0
124.73,2,0.2436,68.36,0,0
135.45,13,0.4382,6.72,0,0
109.39,21,0.1991,17.65,0,0
52.33,15,0.3272,10.55,0,0
40.73,5,0.198,11.15,0,0
60.55,13,0.2223,4.15,0,0
37.52,19,0.1472,3.15,0,0
51.95,7,0.1132,0.47,0,0
36.76,3,0.2364,12.35,0,0
41.54,15,0.162,34.52,0,0
74.37,10,0.1722,1.66,0,0
110.17,14,0.0651,25.54,0,0
82.45,13,0.2325,5.57,0,0
77.67,8,0.1033,30.12,0,0
71.5,22,0.1819,3.13,0,0
43.25,19,0.1051,11.57,0,0
14.97,18,0.3097,17.31,0,0
76.02,15,0.4932,6.89,0,0
115.84,12,0.1231,1.56,0,0
15.76,12,0.1767,6.02,0,0
13.3,3,0.2072,2.12,0,0
6.42,23,0.0219,4.47,0,0
99.31,20,0.1778,15.2,0,0
71.26,18,0.1603,9.03,0,0
48.3,7,0.1571,0.99,0,0
28.14,17,0.4346,3.6,0,0
68.32,1,0.2355,16.75,0,0
53.43,8,0.3428,40.04,0,0
29.67,9,0.0779,2.09,0,0
39.32,10,0.3674,16.5,0,0
86.69,20,0.2675,6.18,0,0
33.51,13,0.0593,0.05,0,0
60.32,10,0.1957,18.07,0,0
33.02,9,0.1404,3.52,0,0
106.82,21,0.2314,14.04,0,0
33.03,5,0.1373,9.39,0,0
25.36,13,0.0919,8.9,0,0
16.63,3,0.1392,43.28,0,0
33.01,17,0.3793,5.02,1,0
85.31,10,0.3335,5.33,0,0
41.57,0,0.2993,11.36,0,0
27.53,7,0.2371,26.38,0,0
29.3,15,0.2233,12.06,1,0
85.81,20,0.396,38.75,0,0
121.15,11,0.2598,17.78,0,0
29.35,13,0.2141,11.26,0,0
31.97,0,0.3695,5.5,0,0
163.1,15,0.2579,17.17,0,0
59.45,22,0.0711,1.35,0,0
40.48,4,0.1111,14.06,0,0
27.85,6,0.3887,49.07,1,0
43.48,15,0.1918,24.11,0,0
21.91,8,0.152,82.47,1,0
31.7,22,0.3763,6.96,0,0
97.05,22,0.1683,5.11,1,0
96.74,11,0.1436,2.17,0,0
38.57,14,0.1526,7.05,0,0
86.01,13,0.3225,0.36,0,0
99.42,22,0.283,4.79,0,0
29.87,23,0.2774,15.77,0,0
101.74,13,0.3663,23.05,0,0
44.17,4,0.0926,18.64,0,0
92.21,18,0.069,0.66,1,0
107.92,5,0.1533,0.73,0,0
21.33,0,0.1754,0.29,0,0
26.44,9,0.1078,7.3,0,0
48.61,22,0.0371,54.35,0,0
71.79,23,0.1206,3.89,0,0
15.72,10,0.1384,9.14,0,0
80.79,21,0.2696,18.74,0,0
15.21,5,0.2332,8.19,0,0
29.13,14,0.4875,5.74,0,0
65.76,19,0.1157,3.78,0,0
70.95,1,0.0263,6.45,0,0
21.77,18,0.0799,49.0,0,0
49.52,6,0.2098,7.04,0,0
26.41,17,0.2042,4.25,1,0
35.9,3,0.1591,13.32,0,0
89.57,19,0.4417,7.11,1,0
180.85,6,0.1601,24.67,0,0
18.62,23,0.3746,2.52,0,0
18.0,19,0.1086,15.44,0,0
24.41,4,0.1378,7.44,0,0
93.89,4,0.1315,5.31,0,0
48.02,7,0.3792,68.77,0,0
15.02,16,0.1309,14.93,0,0
51.55,0,0.0306,41.7,1,0
108.87,0,0.1781,4.43,0,0
41.71,6,0.2327,20.14,1,0
30.26,22,0.1235,2.12,0,0
157.9,21,0.0895,46.2,0,0
108.62,15,0.0597,30.5,0,0
16.73,7,0.0503,20.67,0,0
33.3,9,0.1847,0.34,0,0
15.8,3,0.3022,8.13,0,0
32.84,18,0.3201,30.05,0,0
124.7,12,0.3544,25.23,0,0
57.89,2,0.1876,26.41,0,0
51.56,21,0.4767,14.51,0,0
55.34,2,0.1062,14.43,1,0
17.27,10,0.1956,9.79,0,0
94.67,4,0.2877,6.1,0,0
44.22,13,0.2602,0.95,0,0
49.17,5,0.059,37.03,0,0
31.22,15,0.3182,15.0,0,0
13.51,20,0.0536,12.05,0,0
12.07,18,0.2503,6.79,0,0
26.76,8,0.1536,23.48,0,0
51.65,23,0.213,17.78,0,0
47.11,19,0.0953,21.55,0,0
52.32,15,0.1397,27.71,0,0
140.59,19,0.0835,31.84,0,0
57.07,19,0.1935,0.11,0,0
41.45,11,0.0434,9.2,0,0
42.09,23,0.1462,21.29,0,0
30.8,17,0.0423,4.88,0,0
9.38,10,0.1967,0.45,1,0
51.22,1,0.4686,13.14,0,0
10.93,11,0.0537,30.38,0,0
75.95,6,0.179,9.95,1,0
69.51,9,0.1607,27.96,1,0
76.01,4,0.28,6.75,0,0
63.24,8,0.0905,25.99,0,0
97.53,10,0.2121,1.13,0,0
36.87,14,0.8429,476.44,1,1
174.41,17,0.1498,15.56,0,0
22.03,11,0.2077,17.16,0,0
35.05,22,0.0745,16.4,0,0
45.45,14,0.0885,6.83,0,0
55.58,7,0.2818,1.59,0,0
80.14,8,0.066,5.51,1,0
39.63,9,0.0905,2.04,0,0
48.78,8,0.0504,33.85,0,0
33.63,17,0.3358,9.43,1,0
77.86,8,0.1242,14.2,0,0
31.65,8,0.0769,17.39,0,0
92.83,3,0.2557,3.39,0,0
45.16,19,0.1989,8.05,0,0
35.8,2,0.3196,15.12,0,0
75.99,5,0.1073,64.52,0,0
72.62,17,0.2487,14.42,0,0
50.88,7,0.5305,21.03,0,0
187.39,23,0.5626,12.45,0,0
46.01,7,0.0589,2.76,0,0
87.99,1,0.3094,4.45,1,0
35.19,16,0.0575,10.75,0,0
83.97,11,0.0871,19.26,1,0
39.97,13,0.1329,13.24,0,0
15.35,4,0.2616,34.66,0,0
87.48,9,0.2436,15.25,1,0
42.48,10,0.1015,15.57,0,0
23.73,12,0.0491,4.24,1,0
84.83,3,0.1551,32.35,1,0
18.2,17,0.4814,17.51,0,0
157.65,20,0.2407,1.18,0,0
38.77,10,0.1079,4.05,0,0
44.45,23,0.2989,16.53,0,0
119.87,9,0.1559,0.13,0,0
27.59,5,0.0814,17.32,0,0
46.54,23,0.1184,34.2,0,0
47.08,22,0.2369,26.14,0,0
54.45,7,0.2505,6.64,0,0
29.33,22,0.3264,6.55,1,0
49.31,12,0.1197,37.07,0,0
123.83,14,0.2532,30.08,0,0
44.43,11,0.2243,39.5,0,0
22.64,12,0.1708,4.52,0,0
42.5,5,0.2955,1.38,0,0
11.84,18,0.1104,3.05,0,0
60.23,5,0.2938,27.25,1,0
34.92,10,0.1094,3.84,0,0
109.28,16,0.3399,54.72,0,0
128.77,5,0.1496,3.62,0,0
29.33,11,0.2884,22.33,0,0
115.45,23,0.3023,1.23,0,0
69.06,11,0.1437,11.11,0,0
210.39,17,0.1866,7.3,0,0
68.7,22,0.1333,0.43,0,0
42.51,0,0.4183,4.22,0,0
34.97,21,0.3701,7.19,0,0
101.18,19,0.1396,1.11,0,0
39.49,16,0.0552,3.12,1,0
53.6,1,0.2013,15.14,0,0
80.26,13,0.3935,20.14,0,0
49.48,5,0.0921,27.02,0,0
56.37,6,0.2506,15.46,0,0
34.79,1,0.1696,7.8,0,0
58.4,9,0.2809,18.04,0,0
54.76,20,0.4376,18.46,0,0
11.22,2,0.1886,26.27,0,0
122.33,21,0.0964,1.59,0,0
66.95,15,0.075,6.5,0,0
128.01,16,0.4142,29.81,0,0
74.23,1,0.1926,43.4,0,0
24.82,18,0.142,6.44,0,0
67.17,22,0.1844,24.32,0,0
193.08,15,0.0908,1.73,0,0
29.69,9,0.069,58.49,1,0
103.65,16,0.2856,20.98,0,0
49.62,3,0.0252,7.01,0,0
36.41,17,0.0502,25.16,1,0
34.48,21,0.1636,19.01,0,0
50.01,10,0.2722,0.55,0,0
26.79,9,0.0258,18.74,0,0
96.43,13,0.1484,20.16,0,0
98.52,3,0.1769,27.84,0,0
39.04,19,0.0564,14.26,0,0
29.55,13,0.102,0.97,0,0
66.69,3,0.2057,3.3,0,0
78.78,17,0.2348,6.87,0,0
23.81,1,0.1499,32.77,0,0
59.58,21,0.0531,5.28,0,0
137.09,5,0.4572,14.7,0,0
31.69,7,0.1275,45.59,1,0
47.58,23,0.3449,17.17,0,0
38.16,14,0.023,53.42,1,0
19.91,16,0.0414,3.33,0,0
54.56,0,0.2729,4.23,0,0
88.85,8,0.1945,45.42,0,0
35.08,16,0.2426,55.71,0,0
103.74,20,0.2557,0.36,0,0
16.91,12,0.2163,6.14,0,0
147.26,14,0.1568,21.67,1,0
59.65,2,0.3405,10.56,0,0
134.43,15,0.1411,0.83,0,0
69.77,1,0.1903,40.23,0,0
52.49,1,0.1223,23.79,1,0
115.01,18,0.0863,3.16,0,0
58.95,16,0.2141,49.88,0,0
116.48,10,0.0411,11.02,0,0
219.9,8,0.1984,59.22,0,0
55.72,22,0.43,4.11,0,0
33.08,4,0.1935,23.89,0,0
46.77,10,0.381,11.47,0,0
186.16,4,0.059,8.38,0,0
26.15,13,0.3576,1.66,0,0
5.34,7,0.1197,7.67,0,0
38.72,2,0.1201,17.98,0,0
55.9,3,0.0926,5.01,1,0
49.11,9,0.0497,48.5,0,0
50.9,15,0.0608,7.15,0,0
104.37,8,0.2858,8.07,0,0
38.97,18,0.1828,2.09,0,0
32.22,9,0.2158,77.77,0,0
27.22,20,0.1009,8.79,0,0
70.5,0,0.2072,2.17,0,0
29.72,2,0.1044,0.06,0,0
17.24,23,0.197,17.94,0,0
24.07,23,0.1785,26.97,0,0
31.02,4,0.2454,22.5,0,0
49.43,11,0.054,0.33,0,0
32.52,0,0.1157,2.06,0,0
18.11,5,0.3019,10.98,1,0
39.69,9,0.2686,49.51,0,0
26.48,4,0.3215,6.43,0,0
26.15,14,0.4802,88.07,0,0
67.22,14,0.0592,12.1,0,0
8.93,5,0.166,2.43,0,0
38.85,16,0.0436,6.86,0,0
44.7,14,0.1099,9.35,0,0
20.57,9,0.0587,28.26,0,0
10.24,18,0.2321,4.19,0,0
40.97,2,0.0467,50.2,0,0
22.27,8,0.2536,28.19,0,0
54.6,17,0.1559,2.16,0,0
13.98,19,0.3872,19.48,0,0
56.76,2,0.1573,4.25,0,0
110.88,10,0.9549,178.33,0,1
33.55,21,0.1735,63.85,0,0
59.26,21,0.4466,10.3,0,0
31.2,7,0.2083,15.73,0,0
16.12,4,0.4663,1.12,0,0
104.03,8,0.3322,3.38,0,0
121.18,13,0.0603,4.42,0,0
86.86,9,0.0618,6.03,0,0
30.69,14,0.1345,8.26,0,0
63.64,5,0.0846,62.03,0,0
89.46,4,0.0325,40.28,0,0
24.71,12,0.1417,0.41,0,0
41.74,23,0.1452,11.46,1,0
65.44,16,0.3324,18.4,0,0
165.99,7,0.2283,52.27,0,0
24.47,10,0.0977,16.57,0,0
45.79,1,0.2272,24.8,0,0
35.82,7,0.0437,21.18,1,0
49.2,10,0.157,2.38,0,0
48.33,16,0.1152,32.52,0,0
12.67,1,0.3461,25.81,0,0
14.25,8,0.06,3.95,0,0
63.58,4,0.3225,10.93,0,0
9.74,21,0.3035,21.28,0,0
55.92,17,0.2499,48.46,0,0
83.18,17,0.3858,20.83,0,0
50.11,11,0.1486,6.07,0,0
16.28,22,0.5198,36.65,0,0
52.59,21,0.4517,0.61,0,0
25.6,3,0.0493,3.71,0,0
46.1,17,0.1431,11.15,0,0
69.15,3,0.0214,53.09,0,0
63.34,18,0.3782,14.7,0,0
76.73,1,0.2098,0.58,0,0
263.78,4,0.2423,3.49,0,0
24.53,5,0.324,18.2,0,0
36.62,18,0.5562,24.07,0,0
20.87,3,0.169,49.77,1,0
66.97,8,0.1641,0.04,0,0
50.46,0,0.2826,5.12,0,0
36.29,11,0.0836,10.47,0,0
29.36,20,0.1711,1.33,0,0
29.53,20,0.0698,23.07,0,0
87.64,1,0.0824,11.7,0,0
271.11,17,0.1213,1.13,0,0
131.93,12,0.1972,0.63,0,0
45.09,18,0.2998,4.4,0,0
104.23,11,0.0274,26.98,1,0
49.71,14,0.1431,12.35,0,0
19.35,3,0.1,8.94,1,0
37.93,3,0.2438,0.42,0,0
25.0,6,0.3272,19.75,0,0
40.6,3,0.2499,5.71,0,0
181.05,9,0.0913,14.31,1,0
37.17,8,0.0777,29.18,1,0
17.75,1,0.2123,30.18,0,0
93.88,15,0.1484,46.58,1,0
69.95,10,0.1542,16.13,0,0
54.71,9,0.114,2.75,0,0
57.93,1,0.0894,7.71,0,0
113.74,11,0.1314,14.76,0,0
46.28,21,0.0544,0.64,0,0
57.62,5,0.4324,4.22,0,0
204.32,0,0.1487,13.4,0,0
44.55,10,0.2852,8.85,0,0
66.89,3,0.0609,0.96,0,0
23.89,0,0.1159,19.61,0,0
58.7,4,0.0895,2.5,0,0
70.82,4,0.0284,5.8,0,0
50.21,20,0.0704,11.1,1,0
15.62,6,0.0525,9.06,0,0
57.05,9,0.2372,0.45,1,0
22.54,20,0.0731,8.2,0,0
140.56,7,0.1327,6.0,0,0
226.38,12,0.4125,6.51,0,0
103.4,2,0.1355,11.65,0,0
94.52,19,0.2662,7.12,0,0
23.61,3,0.25,13.23,0,0
27.22,4,0.1611,6.32,1,0
97.98,4,0.1774,0.41,0,0
52.75,13,0.3883,11.18,0,0
9.84,3,0.2174,20.39,0,0
63.02,18,0.2621,15.0,0,0
16.57,2,0.2499,26.94,0,0
55.89,3,0.2557,5.57,0,0
88.54,15,0.2739,0.11,0,0
47.56,15,0.0983,9.8,0,0
55.4,21,0.4561,49.59,1,0
21.17,11,0.2523,32.23,0,0
50.45,12,0.1151,0.18,0,0
4.73,16,0.1989,15.42,0,0
129.31,22,0.1733,30.75,0,0
15.31,20,0.2727,1.39,0,0
45.92,15,0.3251,5.91,0,0
59.65,11,0.1983,26.62,0,0
52.16,22,0.2501,24.29,0,0
8.89,13,0.2107,14.17,0,0
32.44,12,0.0727,4.02,0,0
24.31,8,0.1191,14.21,0,0
20.39,12,0.1826,4.11,0,0
62.17,15,0.3322,2.17,0,0
24.58,12,0.0725,8.83,0,0
19.66,20,0.231,2.82,0,0
176.77,9,0.1821,27.35,0,0
194.46,5,0.1213,4.29,0,0
13.06,9,0.161,20.24,1,0
33.11,19,0.2935,4.6,0,0
56.69,22,0.307,13.21,1,0
141.79,17,0.2581,14.07,0,0
120.35,3,0.079,14.58,0,0
43.38,20,0.2503,19.8,1,0
35.79,7,0.5177,12.96,0,0
131.52,11,0.2403,21.67,0,0
215.15,0,0.3137,4.12,0,0
179.43,9,0.3024,3.97,0,0
60.29,0,0.1091,12.56,0,0
26.14,11,0.2298,27.08,0,0
94.87,15,0.1421,3.3,1,0
47.46,3,0.0822,1.31,0,0
45.93,5,0.3652,1.76,0,0
60.39,1,0.1166,2.98,0,0
54.71,3,0.1565,18.59,0,0
13.35,0,0.1375,2.23,0,0
16.33,23,0.0405,5.0,0,0
26.13,5,0.2043,3.18,0,0
24.52,0,0.3312,2.78,0,0
35.24,11,0.1598,17.84,0,0
12.9,10,0.1555,6.83,0,0
42.16,0,0.1175,22.02,1,0
76.0,14,0.325,62.06,0,0
106.92,13,0.1191,21.34,0,0
46.82,15,0.0761,9.5,0,0
17.77,14,0.0315,16.4,0,0
19.25,2,0.0973,2.16,0,0
73.47,3,0.0466,16.55,0,0
22.34,15,0.2481,19.31,0,0
48.97,13,0.1255,8.48,0,0
11.81,13,0.2356,0.46,0,0
108.53,3,0.1517,16.81,0,0
307.0,18,0.5237,8.63,0,0
22.32,5,0.2634,10.0,0,0
32.12,0,0.0989,0.33,1,0
21.43,16,0.2126,11.95,0,0
53.66,8,0.0276,12.07,0,0
31.82,9,0.4911,7.16,1,0
468.87,0,0.0264,20.12,1,0
100.86,10,0.1229,31.49,0,0
18.66,20,0.1479,65.13,0,0
46.78,17,0.0433,2.14,0,0
35.22,8,0.153,3.3,0,0
34.59,1,0.3275,21.08,0,0
79.77,10,0.253,21.84,0,0
38.78,16,0.2211,7.25,0,0
76.33,15,0.2381,25.02,0,0
15.5,19,0.2524,10.16,0,0
28.86,0,0.1193,2.68,0,0
57.45,13,0.2117,2.75,0,0
58.13,14,0.2358,22.91,1,0
36.83,23,0.0963,28.21,0,0
21.89,4,0.2082,1.92,0,0
26.96,19,0.2029,10.1,0,0
7.86,9,0.3396,9.97,0,0
35.7,12,0.1068,2.09,0,0
17.74,9,0.4791,24.19,0,0
35.83,5,0.4588,9.71,0,0
94.15,11,0.2313,3.62,0,0
152.71,0,0.4633,1.04,0,0
33.01,6,0.3907,8.87,0,0
49.05,7,0.127,48.9,0,0
21.79,2,0.3909,19.69,0,0
21.82,11,0.052,15.34,0,0
30.11,1,0.0753,43.77,0,0
65.46,13,0.4736,1.68,0,0
25.36,15,0.0375,11.76,1,0
40.1,8,0.07,4.11,1,0
38.33,18,0.0861,6.05,0,0
32.04,13,0.1297,28.37,0,0
26.17,9,0.2643,22.63,0,0
41.52,2,0.1483,0.96,0,0
9.88,6,0.4274,5.13,0,0
51.99,8,0.0704,19.72,0,0
29.01,12,0.1467,11.36,0,0
41.62,8,0.061,19.29,0,0
6.72,1,0.2155,29.69,0,0
25.52,3,0.0825,16.48,0,0
46.09,17,0.2452,12.95,0,0
14.11,22,0.1528,1.61,0,0
48.54,17,0.1292,4.66,0,0
43.53,18,0.1379,0.27,0,0
25.58,9,0.1259,9.01,0,0
9.65,15,0.1015,8.56,0,0
33.66,20,0.4288,1.6,0,0
79.92,1,0.0449,14.03,0,0
46.12,14,0.1096,19.69,0,0
64.18,3,0.1888,3.56,0,0
101.02,22,0.0782,0.11,0,0
22.24,12,0.4028,1.28,0,0
50.44,14,0.0955,15.13,0,0
174.3,5,0.2178,6.23,0,0
51.41,16,0.4981,19.02,0,0
85.5,9,0.0477,2.35,0,0
46.08,11,0.1507,2.9,0,0
99.67,6,0.2022,53.45,1,0
83.23,21,0.3019,4.87,0,0
33.6,4,0.1482,0.34,0,0
52.6,9,0.1698,21.01,0,0
53.66,5,0.4578,19.64,0,0
69.77,8,0.3728,6.81,0,0
42.74,8,0.257,34.25,1,0
131.72,13,0.4257,17.27,0,0
18.8,5,0.3057,8.45,0,0
57.36,10,0.5919,28.12,0,0
41.61,8,0.1458,1.06,0,0
81.6,17,0.0537,5.81,0,0
152.96,18,0.1511,0.2,0,0
67.54,23,0.1303,20.75,0,0
81.41,3,0.2511,44.18,0,0
29.05,13,0.2888,13.3,0,0
105.11,1,0.5347,3.08,0,0
48.36,6,0.4401,1.94,0,0
62.05,17,0.1166,12.71,0,0
30.06,1,0.1882,14.41,0,0
52.56,16,0.4641,42.28,0,0
53.91,16,0.1777,5.45,0,0
17.03,16,0.0689,47.09,0,0
65.37,1,0.1618,8.41,1,0
48.45,10,0.5035,2.65,0,0
50.23,22,0.0872,0.37,0,0
89.57,20,0.0841,28.75,0,0
21.83,21,0.1671,7.38,0,0
19.37,7,0.253,4.21,0,0
34.63,18,0.1642,13.16,0,0
137.72,2,0.408,1.75,0,0
99.03,4,0.2682,4.28,0,0
13.31,12,0.4961,6.17,0,0
21.18,18,0.1006,1.77,0,0
77.57,0,0.1767,14.97,0,0
20.6,7,0.0748,0.51,0,0
46.72,11,0.2093,4.3,0,0
32.87,12,0.3426,8.43,1,0
46.23,2,0.4194,6.68,0,0
38.76,13,0.2053,48.59,0,0
74.67,23,0.2357,0.04,0,0
25.98,0,0.4269,7.46,1,0
6.45,16,0.4364,3.78,1,0
21.88,1,0.1428,7.1,0,0
40.08,9,0.2642,29.81,0,0
45.15,12,0.1779,8.99,0,0
29.91,6,0.1667,18.76,1,0
58.71,16,0.143,14.67,0,0
104.43,12,0.1288,6.23,0,0
150.39,14,0.0714,2.82,0,0
34.78,11,0.3216,16.91,0,0
14.65,11,0.3441,1.12,0,0
55.35,6,0.2709,13.52,0,0
29.44,20,0.1438,6.32,0,0
99.41,12,0.3175,20.43,0,0
35.42,1,0.1251,6.83,0,0
34.8,21,0.3599,3.26,1,0
15.62,6,0.281,12.8,0,0
18.78,16,0.1538,14.39,0,0
94.78,17,0.159,0.11,0,0
40.6,10,0.5484,23.59,0,0
10.68,19,0.3033,30.02,0,0
22.73,6,0.391,10.82,0,0
93.23,16,0.1337,8.48,1,0
65.52,20,0.2287,46.94,0,0
56.85,7,0.1894,0.81,1,0
75.9,7,0.1227,5.73,1,0
89.9,14,0.1493,7.36,0,0
57.93,7,0.3708,17.5,0,0
42.54,11,0.2044,36.28,0,0
54.35,11,0.1468,1.3,0,0
45.58,12,0.8504,191.46,1,1
41.27,16,0.0681,22.91,0,0
23.95,2,0.1754,10.8,0,0
36.69,7,0.0805,12.15,0,0
16.65,12,0.2853,7.93,0,0
68.6,21,0.1908,1.63,0,0
94.83,8,0.0511,28.77,0,0
30.8,8,0.1358,25.17,0,0
72.86,6,0.1156,3.19,0,0
38.81,12,0.1983,11.68,0,0
63.44,10,0.0829,11.19,0,0
20.38,1,0.0319,6.58,0,0
49.67,3,0.2333,37.68,0,0
31.85,19,0.6261,1.45,1,0
49.17,17,0.1057,34.9,0,0
26.44,19,0.1328,41.23,0,0
36.67,9,0.2288,7.27,0,0
44.01,9,0.0959,24.95,0,0
56.29,18,0.1721,7.79,0,0
189.76,5,0.3521,5.33,0,0
30.84,15,0.2248,2.43,1,0
53.49,11,0.13,8.92,1,0
18.42,10,0.0865,0.99,0,0
43.15,20,0.0979,35.43,0,0
57.57,11,0.2814,2.83,0,0
48.13,3,0.2307,10.85,0,0
81.43,4,0.2748,34.05,0,0
98.05,20,0.1482,6.37,0,0
41.31,21,0.1791,10.23,1,0
21.95,19,0.2284,37.22,0,0
10.71,0,0.0739,19.01,0,0
135.82,9,0.4141,104.54,0,0
43.69,4,0.0334,5.11,0,0
118.13,15,0.0757,28.47,0,0
36.99,14,0.1071,14.17,0,0
47.06,1,0.0882,20.16,0,0
17.9,6,0.5587,16.39,0,0
35.23,11,0.2823,62.62,0,0
148.75,14,0.3236,21.89,0,0
21.4,5,0.0994,1.13,0,0
28.67,19,0.2288,6.48,0,0
31.32,17,0.1397,66.44,0,0
81.82,13,0.2545,1.53,0,0
25.34,23,0.5432,2.39,0,0
49.48,15,0.0308,20.78,0,0
67.35,4,0.0559,7.3,0,0
137.12,0,0.1363,6.58,0,0
34.1,7,0.3404,57.31,0,0
60.5,23,0.4073,29.46,0,0
74.76,14,0.2566,34.49,0,0
36.6,21,0.3248,21.71,0,0
40.21,21,0.1567,22.21,0,0
27.74,2,0.0816,15.4,0,0
53.92,10,0.2561,1.14,0,0
23.35,12,0.2392,14.38,0,0
53.67,21,0.1403,8.26,0,0
35.15,12,0.2162,20.66,0,0
16.95,11,0.0278,4.74,0,0
64.71,1,0.286,2.94,1,0
17.56,10,0.4411,29.59,0,0
44.07,13,0.083,22.47,0,0
355.83,0,0.0583,41.54,0,0
87.72,21,0.1368,16.09,0,0
22.79,9,0.336,9.49,0,0
53.8,6,0.0942,2.89,0,0
69.0,6,0.502,2.71,0,0
26.81,19,0.1161,79.05,0,0
41.0,8,0.1799,11.88,1,0
32.37,4,0.1589,58.04,0,0
24.8,4,0.1098,5.54,0,0
15.15,6,0.2474,9.1,0,0
49.71,8,0.1354,4.77,0,0
29.44,11,0.1249,9.27,0,0
44.75,7,0.0581,39.0,0,0
21.52,6,0.4845,20.99,0,0
49.95,11,0.1991,26.04,0,0
51.11,1,0.2378,41.86,0,0
9.75,4,0.4033,12.54,0,0
13.78,22,0.0638,12.19,0,0
26.14,23,0.039,14.17,0,0
99.27,3,0.2834,3.09,0,0
13.01,14,0.1073,64.38,0,0
16.32,14,0.1722,24.77,0,0
90.19,7,0.1179,27.1,0,0
198.8,0,0.0711,10.59,0,0
20.13,19,0.4071,28.24,0,0
459.75,12,0.0434,18.06,0,0
90.14,9,0.1603,4.06,0,0
53.97,16,0.1271,8.93,0,0
66.58,16,0.1334,16.35,0,0
27.2,5,0.2687,34.28,0,0
42.16,12,0.2874,57.22,0,0
64.16,11,0.1481,3.31,0,0
19.76,17,0.0154,15.59,0,0
97.2,23,0.3731,7.22,0,0
25.23,8,0.2188,32.38,0,0
36.19,12,0.0626,14.4,0,0
54.09,2,0.2326,10.24,0,0
24.48,11,0.1107,10.99,0,0
63.46,10,0.1626,47.5,0,0
31.5,13,0.3525,4.98,0,0
51.22,7,0.1326,35.19,0,0
56.56,6,0.1819,19.93,0,0
81.99,15,0.1035,21.81,0,0
92.2,0,0.2329,2.46,0,0
29.1,11,0.2049,10.56,1,0
202.64,13,0.2115,11.21,0,0
12.83,2,0.3024,23.64,1,0
25.5,2,0.0955,45.19,0,0
14.93,12,0.084,9.44,0,0
123.73,8,0.633,28.46,0,0
47.7,23,0.1438,1.18,0,0
136.09,15,0.262,8.84,0,0
9.95,12,0.2194,0.27,0,0
33.73,8,0.2959,22.89,0,0
62.41,22,0.2488,13.51,0,0
26.63,2,0.1557,13.73,0,0
79.37,10,0.1668,13.19,0,0
97.79,6,0.1945,23.12,0,0
87.91,0,0.1767,9.18,0,0
24.61,12,0.3564,6.58,1,0
52.83,23,0.2391,135.05,0,0
23.7,6,0.3242,3.4,0,0
59.0,23,0.4109,11.35,0,0
65.07,8,0.0802,4.87,0,0
100.95,17,0.268,11.6,0,0
39.14,22,0.1138,26.47,0,0
47.27,6,0.0825,1.82,0,0
40.25,7,0.172,11.41,0,0
25.73,13,0.1827,6.0,0,0
18.56,22,0.1582,5.03,0,0
38.71,12,0.4779,6.29,0,0
23.5,16,0.2158,2.52,0,0
36.87,12,0.2525,26.82,0,0
17.94,2,0.0972,44.87,0,0
38.98,4,0.198,9.51,0,0
15.84,3,0.0603,2.55,0,0
22.58,15,0.0744,4.96,0,0
27.25,14,0.2548,0.84,0,0
39.12,16,0.054,5.27,0,0
28.98,14,0.4043,19.53,0,0
102.92,13,0.0602,19.65,0,0
24.86,0,0.295,38.0,0,0
15.31,16,0.1848,22.14,0,0
26.87,19,0.1097,1.26,0,0
56.22,15,0.1777,41.14,0,0
53.94,23,0.2353,21.45,0,0
21.84,0,0.0968,15.68,1,0
36.09,17,0.2086,10.18,0,0
58.4,5,0.4433,3.12,0,0
99.76,7,0.3313,1.22,0,0
38.84,20,0.1413,8.25,0,0
18.17,17,0.2348,38.13,0,0
103.83,22,0.0765,1.8,0,0
32.06,18,0.1131,17.29,0,0
18.38,1,0.0678,5.5,0,0
62.13,15,0.3901,9.1,0,0
11.7,18,0.0179,9.54,0,0
118.86,16,0.1664,2.96,0,0
19.29,13,0.0766,14.26,1,0
41.23,16,0.3626,23.05,0,0
76.18,17,0.3164,9.92,0,0
39.72,12,0.2547,13.16,0,0
44.81,2,0.1276,12.06,1,0
34.98,6,0.3297,14.67,0,0
19.5,12,0.2035,7.06,0,0
53.76,18,0.0923,18.09,1,0
161.06,0,0.0533,35.94,0,0
172.41,14,0.0586,8.45,0,0
21.19,13,0.2634,50.0,0,0
31.36,8,0.2833,4.63,0,0
29.46,17,0.2682,6.31,0,0
24.31,9,0.0865,0.33,0,0
90.37,22,0.1255,1.44,0,0
10.84,15,0.368,11.1,1,0
26.88,11,0.3093,9.08,0,0
68.91,10,0.2964,11.22,0,0
36.53,22,0.0241,0.93,0,0
61.64,6,0.0746,11.51,0,0
68.1,12,0.1744,5.93,0,0
44.27,20,0.0434,13.97,1,0
49.61,7,0.3617,21.8,0,0
24.34,7,0.2524,15.79,0,0
20.37,9,0.3602,1.06,0,0
59.11,16,0.2354,57.07,0,0
63.7,20,0.3075,13.14,0,0
282.88,6,0.3273,18.57,0,0
53.73,20,0.1119,21.68,0,0
36.43,16,0.2997,0.03,0,0
151.67,17,0.2457,53.09,0,0
18.28,1,0.3751,5.78,0,0
26.14,21,0.214,4.13,0,0
30.39,4,0.0349,36.21,0,0
12.91,3,0.0486,0.17,0,0
70.29,19,0.2509,6.66,0,0
53.72,10,0.0593,12.37,0,0
26.69,2,0.4147,20.19,0,0
41.31,18,0.5492,11.89,0,0
20.9,3,0.1914,4.25,1,0
33.16,0,0.1324,5.76,0,0
28.33,20,0.49,29.42,0,0
15.16,0,0.2965,30.89,0,0
27.84,19,0.2449,22.43,0,0
36.66,22,0.0768,35.47,0,0
142.12,17,0.2874,3.02,0,0
164.25,17,0.2394,3.74,0,0
29.74,19,0.0923,7.77,0,0
36.43,17,0.2397,13.69,0,0
30.89,6,0.092,11.09,0,0
46.26,15,0.0848,24.37,0,0
63.25,19,0.0969,11.7,0,0
19.03,18,0.247,14.05,0,0
58.94,17,0.157,16.93,0,0
46.61,19,0.4022,8.3,0,0
89.86,4,0.2292,30.73,0,0
95.88,2,0.5651,8.86,0,0
43.73,5,0.1513,50.23,0,0
69.74,11,0.2844,21.87,0,0
44.94,1,0.3616,3.02,0,0
71.78,2,0.0005,0.47,0,0
14.56,22,0.0622,1.97,0,0
46.11,14,0.1651,19.22,0,0
87.87,14,0.1905,54.3,0,0
11.44,1,0.3354,1.44,1,0
51.43,18,0.1213,19.8,0,0
25.26,9,0.1035,29.83,0,0
34.59,13,0.3671,2.26,0,0
35.07,13,0.2823,1.89,0,0
96.21,20,0.2961,37.14,0,0
35.27,17,0.1622,2.56,0,0
51.65,17,0.3502,0.04,0,0
18.46,10,0.1545,9.71,1,0
46.37,12,0.0232,6.07,0,0
17.25,2,0.101,0.81,0,0
118.73,2,0.1283,3.44,0,0
86.25,15,0.2682,7.63,0,0
49.45,9,0.4542,8.36,0,0
46.95,11,0.0367,19.32,0,0
41.52,0,0.1731,1.11,0,0
150.46,16,0.3023,7.76,0,0
20.47,5,0.1273,17.75,1,0
33.84,12,0.1264,49.32,0,0
127.94,5,0.2726,14.99,0,0
25.77,10,0.2264,3.54,0,0
22.1,4,0.1332,8.57,0,0
76.85,3,0.2001,8.31,1,0
11.75,8,0.1751,1.92,1,0
50.58,19,0.325,7.01,1,0
92.84,5,0.0246,43.44,0,0
30.94,14,0.3643,11.36,0,0
31.8,8,0.2688,3.38,0,0
124.15,15,0.1118,1.9,0,0
75.7,16,0.0394,9.46,0,0
57.08,3,0.3402,22.01,0,0
61.21,10,0.0808,3.04,0,0
43.15,15,0.1991,47.43,1,0
32.26,5,0.115,8.08,0,0
56.67,0,0.07,16.7,0,0
100.54,4,0.0489,10.67,1,0
86.43,14,0.2947,0.07,0,0
293.38,9,0.2698,11.44,0,0
70.7,16,0.3128,1.64,0,0
57.72,21,0.2589,11.32,0,0
37.53,12,0.035,2.22,0,0
43.92,17,0.2477,0.7,0,0
65.31,21,0.3287,5.69,0,0
24.1,6,0.1221,26.63,0,0
19.04,3,0.0856,28.89,0,0
20.6,14,0.2412,11.32,0,0
38.92,1,0.4872,3.56,0,0
42.59,20,0.1932,6.11,1,0
33.79,2,0.3855,30.37,0,0
25.55,0,0.1099,6.74,0,0
44.56,17,0.254,5.01,0,0
20.96,15,0.25,3.75,0,0
27.39,1,0.3976,1.02,0,0
25.84,12,0.2629,20.21,0,0
51.84,20,0.224,22.37,0,0
20.97,2,0.0759,19.06,0,0
9.12,9,0.2332,15.24,0,0
72.68,14,0.1339,2.74,0,0
15.28,2,0.328,3.34,0,0
29.25,5,0.4595,8.42,1,0
53.23,21,0.2684,43.88,1,0
117.78,21,0.869,220.07,0,1
29.68,5,0.068,6.38,0,0
6.39,8,0.1601,27.18,0,0
42.16,12,0.0861,7.24,0,0
63.31,18,0.2134,7.36,0,0
54.19,7,0.1111,2.37,0,0
59.65,12,0.0635,17.51,0,0
22.97,10,0.0972,4.49,0,0
61.37,8,0.4519,0.15,0,0
53.78,13,0.2668,22.45,0,0
11.64,17,0.2123,11.26,0,0
57.76,4,0.2234,27.36,0,0
25.89,12,0.0662,14.97,0,0
46.54,14,0.0614,32.4,0,0
99.17,8,0.2641,3.05,0,0
12.07,2,0.083,14.65,1,0
19.07,7,0.008,32.02,0,0
21.13,7,0.2005,6.21,1,0
36.24,22,0.4651,2.81,0,0
44.39,17,0.2787,15.29,0,0
73.87,16,0.1893,25.73,0,0
114.31,18,0.2348,18.8,0,0
42.51,13,0.1786,8.65,0,0
89.99,13,0.1723,1.33,0,0
82.93,4,0.1138,2.94,0,0
26.33,20,0.2368,14.41,1,0
19.49,11,0.1686,19.46,0,0
54.65,10,0.4016,16.2,0,0
12.03,7,0.2067,0.23,0,0
122.63,23,0.07,3.47,0,0
54.89,19,0.1513,12.9,1,0
100.78,0,0.0441,29.64,0,0
70.6,0,0.3556,12.37,0,0
53.5,0,0.1524,22.24,0,0
56.94,4,0.1269,16.58,0,0
95.02,17,0.4313,9.87,0,0
26.7,18,0.0501,5.58,0,0
32.95,13,0.0434,6.48,0,0
16.45,12,0.2115,0.52,0,0
44.56,7,0.1295,25.58,0,0
25.85,19,0.0813,6.16,0,0
21.79,18,0.0496,8.98,0,0
27.3,22,0.2334,28.25,0,0
20.38,21,0.1574,11.57,0,0
37.63,7,0.1861,8.66,0,0
68.64,3,0.0827,3.39,0,0
22.71,8,0.063,10.75,0,0
31.95,4,0.0861,14.07,0,0
25.66,1,0.1354,8.29,0,0
72.57,17,0.0637,28.58,0,0
75.32,2,0.1014,5.0,0,0
84.04,9,0.4776,0.39,0,0
52.63,0,0.2117,91.4,1,0
129.43,5,0.146,1.59,0,0
99.25,6,0.2722,8.6,1,0
35.04,20,0.1463,6.4,0,0
81.52,15,0.049,9.28,1,0
9.72,19,0.1609,5.48,0,0
11.14,6,0.2032,55.73,0,0
23.33,1,0.1545,20.88,0,0
49.22,14,0.0734,42.66,0,0
16.44,6,0.1186,17.68,0,0
26.04,13,0.0944,1.66,0,0
16.91,22,0.1597,8.76,0,0
27.62,18,0.155,35.89,1,0
44.87,18,0.0312,10.95,0,0
87.24,5,0.2566,12.17,1,0
37.88,23,0.4071,31.33,0,0
29.38,13,0.043,15.39,0,0
222.28,22,0.3077,9.37,0,0
10.73,13,0.1764,29.81,0,0
132.03,18,0.285,2.71,0,0
17.43,15,0.2251,34.34,0,0
64.8,17,0.2162,10.99,0,0
94.15,13,0.0905,94.73,0,0
73.9,19,0.0873,1.38,0,0
30.65,2,0.144,41.01,0,0
47.74,14,0.1584,4.13,0,0
157.58,19,0.909,32.46,1,1
12.3,2,0.0824,6.93,0,0
50.14,15,0.1635,21.45,1,0
21.83,8,0.2254,8.56,1,0
148.42,13,0.0985,4.37,0,0
114.54,7,0.2479,10.11,0,0
56.76,9,0.186,20.73,0,0
58.71,12,0.4759,0.85,0,0
33.75,10,0.4809,6.68,0,0
40.81,1,0.1707,40.46,1,0
28.31,12,0.2048,2.33,0,0
31.81,20,0.3586,2.89,0,0
144.24,10,0.2562,17.47,0,0
43.03,9,0.1192,45.47,0,0
30.72,9,0.2534,19.08,0,0
77.57,19,0.2714,3.75,0,0
51.24,23,0.2618,36.98,0,0
10.95,18,0.1044,1.5,0,0
34.41,12,0.1484,2.13,0,0
39.25,19,0.3526,23.55,0,0
44.61,17,0.1499,9.4,0,0
82.22,3,0.337,21.33,0,0
31.41,12,0.0982,36.78,0,0
58.96,20,0.4612,2.69,0,0
39.32,22,0.1355,1.98,0,0
38.7,20,0.0829,4.85,0,0
37.83,1,0.0886,14.16,0,0
116.07,14,0.2093,12.7,0,0
145.55,2,0.0453,2.64,0,0
136.42,1,0.289,22.02,1,0
40.61,23,0.3683,13.16,0,0
73.79,0,0.2589,9.64,0,0
220.49,23,0.1482,29.64,0,0
71.39,6,0.8225,357.55,0,1
71.39,5,0.1269,13.83,0,0
36.87,15,0.0702,4.39,0,0
226.34,12,0.3834,7.95,0,0
27.79,15,0.1369,9.36,0,0
71.99,13,0.2077,19.03,0,0
12.4,20,0.2154,5.72,0,0
56.32,9,0.104,21.23,0,0
21.23,17,0.129,1.54,1,0
28.02,16,0.1859,10.1,0,0
57.52,21,0.07,0.66,0,0
23.93,4,0.1549,5.75,0,0
60.23,11,0.3657,1.25,0,0
27.56,0,0.2259,1.68,0,0
140.97,20,0.2776,18.5,0,0
28.9,16,0.1833,1.53,0,0
110.69,12,0.4355,79.75,1,0
72.24,23,0.0635,6.9,0,0
81.92,7,0.1402,9.06,0,0
50.86,22,0.1651,16.46,0,0
29.88,11,0.0806,6.91,0,0
99.33,1,0.2296,34.43,1,0
23.76,8,0.1951,31.73,0,0
45.21,8,0.294,6.83,0,0
32.89,18,0.3119,31.39,0,0
21.26,16,0.2058,0.07,0,0
28.39,10,0.0963,23.67,0,0
56.38,21,0.398,9.5,0,0
54.97,12,0.4225,1.04,0,0
52.2,13,0.2293,22.36,0,0
17.37,5,0.1573,2.33,0,0
12.68,3,0.2438,27.34,0,0
31.53,10,0.1671,9.91,0,0
29.64,8,0.2204,1.66,0,0
44.89,15,0.0739,11.23,0,0
58.43,23,0.2012,2.73,0,0
41.41,5,0.1249,12.81,0,0
22.32,19,0.4139,13.98,0,0
112.29,5,0.2779,6.38,0,0
43.92,8,0.2347,12.04,0,0
147.68,18,0.1046,0.21,0,0
28.32,12,0.2578,0.32,0,0
15.09,17,0.1148,12.99,0,0
22.76,19,0.11,18.05,1,0
65.85,20,0.1979,9.79,0,0
197.76,3,0.0936,11.57,0,0
98.68,20,0.3989,5.03,0,0
90.4,9,0.3149,7.63,1,0
44.75,14,0.1839,11.5,1,0
54.28,22,0.1535,11.14,0,0
40.27,4,0.0512,27.84,0,0
34.65,8,0.2603,15.24,0,0
256.81,2,0.1771,29.55,0,0
54.55,12,0.4606,11.29,0,0
13.6,4,0.0956,14.78,0,0
95.65,22,0.0544,11.09,0,0
13.43,12,0.075,24.04,0,0
64.36,22,0.1849,7.91,0,0
92.56,9,0.1832,22.21,0,0
28.32,8,0.1005,9.69,1,0
61.56,19,0.1957,5.04,0,0
88.86,12,0.0828,11.87,0,0
15.45,21,0.1259,9.04,1,0
17.32,5,0.1353,12.44,0,0
82.31,12,0.5277,0.96,0,0
110.23,20,0.1424,16.48,0,0
13.98,1,0.1077,3.13,0,0
58.17,19,0.169,8.49,0,0
17.96,18,0.5605,14.37,0,0
21.72,19,0.1766,19.75,0,0
112.57,2,0.2256,7.33,0,0
95.96,12,0.2044,34.09,0,0
31.63,22,0.0359,16.44,0,0
60.96,4,0.0315,27.51,0,0
88.56,4,0.1638,0.77,0,0
55.87,12,0.2374,3.68,0,0
38.29,20,0.1265,21.65,0,0
28.73,8,0.1543,3.12,0,0
98.61,16,0.3417,13.48,0,0
55.82,7,0.201,5.43,0,0
84.9,0,0.0293,14.3,0,0
203.27,19,0.1753,7.56,0,0
73.12,17,0.3788,8.74,1,0
69.52,11,0.147,1.31,0,0
29.36,0,0.3575,26.58,1,0
63.62,13,0.0533,2.35,0,0
41.95,4,0.2179,1.75,0,0
19.27,19,0.2866,38.65,0,0
72.64,23,0.1476,7.6,1,0
27.33,5,0.1897,6.31,0,0
83.06,10,0.1649,16.54,0,0
31.05,22,0.1494,3.33,0,0
112.43,22,0.181,8.9,0,0
25.3,2,0.0872,39.64,0,0
15.28,5,0.2624,1.66,1,0
10.43,18,0.1232,12.07,0,0
36.06,23,0.2018,10.18,0,0
4.54,23,0.381,21.49,0,0
24.76,15,0.1901,31.75,0,0
45.2,10,0.2016,25.29,0,0
49.33,14,0.1491,12.84,0,0
142.8,18,0.3553,63.04,0,0
34.9,4,0.3314,3.79,0,0
100.52,17,0.1484,5.18,0,0
9.55,21,0.2011,12.86,0,0
104.09,4,0.238,0.49,0,0
37.61,2,0.1423,13.33,0,0
90.09,23,0.1923,14.93,1,0
128.23,9,0.1811,39.42,0,0
254.3,11,0.2484,49.71,0,0
53.18,6,0.0191,11.67,0,0
5.55,18,0.3081,28.65,0,0
48.13,11,0.1255,19.33,1,0
25.34,20,0.1491,3.55,0,0
61.78,4,0.141,2.65,1,0
65.38,11,0.0524,51.06,0,0
32.88,0,0.1649,7.04,1,0
23.5,7,0.2186,14.25,0,0
32.32,3,0.0454,14.19,0,0
40.9,18,0.1802,15.45,0,0
30.27,12,0.4155,4.8,0,0
18.45,0,0.147,16.11,0,0
83.26,13,0.1174,52.11,1,0
35.58,1,0.1869,1.21,1,0
54.7,11,0.3373,9.11,0,0
27.05,22,0.0594,27.03,0,0
86.12,5,0.0334,3.66,0,0
53.1,20,0.4537,22.76,0,0
68.02,3,0.1665,49.59,0,0
47.83,12,0.3364,13.39,0,0
10.07,4,0.2096,17.06,0,0
140.96,13,0.0162,53.15,0,0
19.7,19,0.1502,2.59,0,0
93.59,4,0.1353,0.16,0,0
78.05,0,0.0894,16.77,0,0
46.34,6,0.0507,7.96,0,0
16.09,16,0.1328,30.51,0,0
18.2,12,0.069,15.75,0,0
48.75,21,0.1376,8.38,0,0
44.78,20,0.2592,5.14,0,0
102.99,12,0.129,0.6,0,0
48.2,11,0.151,2.25,0,0
75.78,1,0.1244,15.53,0,0
43.42,1,0.1664,3.3,0,0
17.95,4,0.0553,34.7,1,0
127.43,0,0.0998,13.58,0,0
38.66,5,0.2316,28.02,0,0
27.59,3,0.357,19.2,1,0
12.31,23,0.3449,29.44,0,0
64.88,18,0.1445,10.25,0,0
56.79,14,0.1888,0.78,1,0
120.14,8,0.1311,32.68,0,0
75.71,13,0.2981,27.06,0,0
52.34,9,0.113,23.55,0,0
32.19,22,0.0916,13.55,0,0
45.08,18,0.1863,31.79,1,0
14.16,5,0.2294,2.15,1,0
36.99,4,0.0705,9.57,1,0
102.33,17,0.3961,8.29,0,0
55.6,10,0.1631,16.88,0,0
56.09,5,0.1747,24.12,0,0
53.12,17,0.205,6.95,0,0
35.39,7,0.1099,43.67,0,0
20.3,15,0.404,7.28,1,0
28.2,13,0.2747,19.55,0,0
15.94,9,0.1082,0.83,0,0
46.67,12,0.1256,1.12,0,0
24.36,13,0.2796,19.28,0,0
128.81,5,0.0923,3.35,0,0
32.1,6,0.0968,22.88,0,0
61.43,4,0.4045,11.24,1,0
49.28,21,0.0896,9.56,0,0
31.72,8,0.1736,62.57,0,0
19.65,20,0.1928,3.13,0,0
32.49,15,0.1639,0.38,0,0
31.88,1,0.1697,40.39,0,0
67.22,15,0.0719,22.1,0,0
29.37,12,0.023,7.08,0,0
49.54,7,0.3685,9.59,0,0
80.07,20,0.3852,16.48,0,0
177.95,10,0.0236,13.38,0,0
79.93,19,0.0752,14.97,0,0
93.81,19,0.3056,3.41,0,0
63.56,0,0.2142,18.39,0,0
20.68,4,0.0811,0.82,0,0
59.17,10,0.2724,18.15,0,0
22.97,1,0.2089,20.73,0,0
12.43,3,0.147,21.88,0,0
29.76,6,0.3055,21.03,0,0
19.52,2,0.1353,0.94,0,0
56.88,13,0.2611,8.02,0,0
10.18,7,0.1471,1.56,0,0
28.65,22,0.2794,18.86,0,0
37.79,16,0.2339,30.33,0,0
22.26,19,0.2574,0.07,0,0
56.44,18,0.1717,4.91,0,0
38.97,12,0.1652,4.77,0,0
46.62,10,0.2353,3.16,0,0
266.53,22,0.3697,4.82,0,0
42.71,1,0.1133,10.38,0,0
33.01,0,0.1814,3.17,0,0
87.44,4,0.2504,1.58,0,0
137.38,14,0.1816,1.79,1,0
47.05,18,0.1256,35.25,0,0
59.93,23,0.0118,9.85,0,0
17.5,17,0.0414,31.02,0,0
42.71,3,0.2814,35.81,0,0
28.14,12,0.1808,16.6,0,0
43.66,3,0.1599,10.14,0,0
26.48,1,0.1022,37.82,0,0
38.33,23,0.0493,40.26,1,0
88.1,15,0.2852,4.06,0,0
32.26,15,0.1243,14.86,1,0
194.38,8,0.0458,3.2,0,0
19.52,23,0.0837,19.97,0,0
91.18,5,0.0698,29.35,1,0
116.13,23,0.3897,9.78,0,0
86.02,12,0.2107,16.04,0,0
44.6,17,0.0775,7.12,0,0
114.91,3,0.1033,10.45,1,0
29.87,3,0.1825,2.63,0,0
142.22,23,0.4454,4.27,1,0
71.15,19,0.1981,6.87,0,0
109.86,3,0.2139,2.05,0,0
45.51,8,0.2012,4.21,0,0
46.31,9,0.1012,16.01,0,0
183.61,3,0.101,15.56,0,0
131.42,23,0.4267,20.82,0,0
19.92,1,0.2435,62.45,0,0
38.03,17,0.3348,14.74,0,0
38.05,6,0.1736,10.81,1,0
30.96,21,0.0888,36.82,0,0
24.01,20,0.1408,12.83,0,0
100.77,17,0.0957,26.72,0,0
15.69,17,0.5184,15.52,0,0
28.96,18,0.1607,0.1,0,0
45.86,6,0.0407,22.41,1,0
14.63,12,0.2551,38.33,0,0
60.47,0,0.188,44.0,0,0
55.45,12,0.136,12.07,1,0
37.51,23,0.2286,7.44,1,0
18.69,3,0.5537,2.93,1,0
20.85,0,0.1196,13.43,0,0
16.87,20,0.2253,9.66,0,0
56.29,23,0.1194,64.78,0,0
63.85,2,0.1718,2.5,0,0
35.93,6,0.1275,1.58,0,0
68.95,22,0.1982,0.68,1,0
149.92,9,0.3102,0.88,0,0
30.8,22,0.2804,6.29,0,0
38.05,18,0.3269,55.67,0,0
41.78,4,0.0497,17.38,0,0
67.27,16,0.1155,14.99,0,0
69.64,18,0.4447,23.52,0,0
167.19,18,0.1253,35.2,0,0
58.71,5,0.2021,7.53,0,0
17.72,14,0.2788,32.19,0,0
35.45,16,0.2806,32.48,0,0
43.29,10,0.4136,18.86,0,0
45.01,9,0.2111,27.67,0,0
96.6,1,0.0148,0.67,0,0
40.92,0,0.0863,1.53,1,0
238.85,15,0.2844,3.86,1,0
45.52,7,0.1665,5.07,0,0
12.6,9,0.1259,10.87,0,0
193.76,18,0.1012,0.41,0,0
77.95,20,0.2796,0.2,0,0
80.77,7,0.0794,1.82,0,0
113.96,7,0.2972,9.22,0,0
76.86,18,0.4153,6.56,0,0
32.57,11,0.2641,64.01,0,0
35.71,0,0.1068,6.53,0,0
129.83,19,0.1166,58.15,0,0
21.82,6,0.3936,30.15,0,0
47.62,7,0.0151,3.37,0,0
92.39,7,0.2625,1.83,0,0
84.64,11,0.4983,9.42,0,0
61.48,19,0.1245,20.24,0,0
99.24,20,0.2799,2.38,0,0
240.95,17,0.0641,11.17,0,0
104.82,22,0.1779,29.03,0,0
25.27,4,0.1443,2.21,0,0
10.56,18,0.066,57.78,0,0
46.62,2,0.0985,30.26,0,0
69.73,13,0.0481,7.04,1,0
42.54,6,0.1081,54.62,1,0
42.5,10,0.1398,27.33,0,0
51.11,5,0.0771,28.66,0,0
31.33,13,0.1947,10.82,0,0
72.84,16,0.2845,20.25,0,0
24.69,6,0.3014,14.38,0,0
29.57,3,0.2873,2.69,0,0
51.47,20,0.4441,11.01,0,0
70.07,20,0.0633,1.93,0,0
87.52,10,0.0818,5.98,1,0
122.38,12,0.4236,8.63,0,0
71.92,13,0.0341,61.5,0,0
51.38,16,0.5404,32.32,0,0
66.38,21,0.325,7.18,0,0
28.72,21,0.0439,3.28,0,0
12.53,4,0.1065,0.9,0,0
145.54,17,0.0477,1.32,0,0
34.01,0,0.0452,32.23,1,0
47.92,17,0.5954,38.71,0,0
61.63,15,0.0633,52.1,1,0
55.1,17,0.2318,5.09,0,0
91.71,11,0.1186,2.26,0,0
21.91,10,0.1912,14.05,0,0
28.56,19,0.2235,2.18,0,0
94.08,4,0.131,6.27,0,0
20.54,11,0.4593,10.32,0,0
48.41,13,0.1759,44.74,0,0
29.92,21,0.1095,13.94,0,0
27.8,14,0.1413,17.72,0,0
74.5,3,0.2148,18.36,0,0
102.74,8,0.3201,8.82,0,0
59.92,17,0.2494,26.56,1,0
115.47,19,0.2597,0.27,0,0
27.63,6,0.1646,8.07,0,0
40.73,18,0.2278,6.29,0,0
48.71,2,0.0812,5.64,0,0
38.65,2,0.0919,25.24,0,0
61.46,2,0.1303,7.82,0,0
44.09,3,0.1456,8.79,1,0
16.8,9,0.0617,31.04,0,0
28.75,7,0.443,3.57,0,0
38.55,3,0.2551,10.94,0,0
117.26,12,0.2176,31.14,0,0
13.53,17,0.2478,6.07,0,0
183.25,17,0.0674,0.06,1,0
27.5,9,0.0847,9.68,0,0
31.29,13,0.2203,22.84,0,0
27.89,15,0.0928,30.8,0,0
80.76,3,0.4084,0.2,0,0
23.93,0,0.3102,5.8,0,0
23.68,0,0.0948,8.57,0,0
16.75,2,0.1884,22.1,0,0
25.29,23,0.2447,25.56,0,0
363.34,6,0.073,9.75,0,0
37.12,10,0.1903,6.91,1,0
7.27,7,0.0769,12.53,0,0
44.48,22,0.1895,31.44,0,0
25.37,11,0.4242,28.52,0,0
10.03,14,0.0216,11.18,0,0
13.59,18,0.2199,2.23,1,0
31.49,18,0.1452,2.59,1,0
39.2,12,0.0466,3.48,0,0
100.15,21,0.2258,8.91,0,0
42.8,5,0.2039,11.86,0,0
34.28,5,0.2217,107.81,0,0
158.6,22,0.2881,63.44,0,0
37.24,4,0.2799,4.84,1,0
62.57,13,0.2368,7.47,0,0
129.33,2,0.3392,7.44,0,0
64.68,13,0.1304,11.45,1,0
36.72,16,0.1049,2.9,0,0
49.28,0,0.3895,18.83,0,0
91.46,21,0.2063,7.1,0,0
41.9,4,0.0704,20.85,0,0
13.07,9,0.2068,2.64,0,0
28.11,14,0.4126,25.49,0,0
16.77,16,0.0937,12.43,0,0
18.94,23,0.2331,34.74,0,0
28.48,2,0.094,2.58,0,0
43.33,12,0.2582,29.46,1,0
11.31,7,0.0432,39.02,0,0
28.21,7,0.2124,17.19,0,0
24.01,2,0.2896,22.33,0,0
34.53,14,0.0823,16.55,0,0
16.54,0,0.1823,50.51,0,0
114.35,19,0.3102,0.88,1,0
133.22,7,0.1974,11.98,0,0
31.94,23,0.174,8.28,0,0
21.29,9,0.1253,11.22,0,0
82.6,19,0.1646,2.11,0,0
52.1,14,0.2297,9.84,0,0
25.42,20,0.1344,0.13,0,0
98.38,3,0.331,0.56,0,0
124.96,1,0.1883,8.96,0,0
102.24,6,0.0975,23.29,1,0
148.7,21,0.2314,12.4,0,0
21.36,5,0.1171,5.02,0,0
92.37,21,0.0821,1.36,0,0
15.14,14,0.4898,3.47,0,0
15.52,18,0.2001,7.51,0,0
54.49,22,0.2086,6.37,0,0
51.82,21,0.1767,26.65,0,0
54.91,22,0.1488,10.53,1,0
26.23,14,0.4632,21.97,0,0
98.73,13,0.1632,4.24,0,0
68.66,16,0.0714,36.06,0,0
71.86,13,0.1089,59.87,0,0
45.68,9,0.0505,9.78,0,0
67.5,20,0.1386,19.18,0,0
79.29,19,0.0725,0.38,0,0
156.23,5,0.2053,28.29,0,0
23.33,1,0.2627,22.86,1,0
173.14,17,0.1577,3.87,0,0
104.8,4,0.1011,1.27,0,0
25.14,10,0.141,7.46,0,0
89.97,5,0.3195,10.37,0,0
44.27,1,0.1172,23.71,0,0
47.71,21,0.1001,16.77,0,0
53.78,14,0.394,1.22,0,0
185.43,20,0.0157,2.71,1,0
48.59,4,0.2171,5.33,0,0
55.75,12,0.0772,4.19,0,0
75.72,0,0.1512,2.89,0,0
33.95,6,0.0969,9.23,0,0
130.05,14,0.4928,30.32,0,0
17.19,13,0.0626,9.31,0,0
244.06,18,0.0278,2.99,1,0
88.7,14,0.2037,48.7,0,0
69.28,15,0.0871,18.8,0,0
46.11,1,0.0898,30.81,0,0
57.25,10,0.3337,23.77,0,0
57.56,20,0.0929,20.08,0,0
132.8,11,0.1521,0.13,0,0
178.14,2,0.1207,6.92,0,0
36.58,18,0.2888,37.48,0,0
41.25,13,0.1491,8.49,0,0
107.44,11,0.014,5.74,0,0
6.85,22,0.3888,20.81,0,0
49.59,20,0.2704,21.1,0,0
309.86,21,0.0869,9.26,0,0
24.27,8,0.2104,15.16,0,0
88.63,5,0.2337,11.34,0,0
49.49,11,0.0455,11.64,0,0
44.21,10,0.2751,21.12,1,0
131.95,14,0.3823,6.16,0,0
50.26,15,0.1061,0.65,0,0
93.9,15,0.2878,6.75,0,0
86.2,2,0.3342,15.59,0,0
67.66,13,0.326,3.22,0,0
101.7,17,0.1296,6.3,0,0
25.03,14,0.2209,10.94,0,0
34.84,3,0.1185,12.16,0,0
73.43,5,0.2089,5.26,0,0
75.82,6,0.21,11.69,1,0
41.21,13,0.2354,11.27,0,0
44.0,7,0.0776,36.48,0,0
38.0,4,0.1685,7.89,0,0
89.05,0,0.4012,28.28,0,0
55.4,20,0.2604,11.5,0,0
208.94,4,0.2986,7.8,0,0
28.42,11,0.0681,5.36,0,0
95.51,7,0.0561,1.11,0,0
28.47,18,0.3314,0.25,0,0
42.28,14,0.3486,8.15,0,0
57.57,0,0.3116,2.67,0,0
127.37,0,0.2482,18.17,0,0
32.14,12,0.1143,5.1,1,0
59.54,1,0.041,21.31,0,0
66.35,6,0.3926,16.64,0,0
41.94,14,0.0576,8.27,0,0
8.97,12,0.1477,1.15,0,0
45.86,5,0.149,5.58,0,0
79.67,2,0.1175,3.95,0,0
40.74,6,0.1879,30.05,0,0
24.38,14,0.1104,2.14,0,0
203.71,4,0.0936,28.9,0,0
31.14,2,0.1219,1.51,0,0
91.65,20,0.2078,41.1,0,0
11.58,14,0.0628,25.42,0,0
70.42,6,0.1365,28.22,0,0
238.48,7,0.6177,91.87,0,1
27.81,21,0.3155,2.06,0,0
6.67,6,0.3305,31.01,0,0
4.31,10,0.1274,18.19,0,0
60.87,7,0.3043,27.05,1,0
33.08,21,0.1525,1.99,0,0
59.28,19,0.1056,0.4,0,0
157.87,0,0.3467,1.66,1,0
148.06,0,0.1438,16.66,0,0
136.98,8,0.1196,29.02,1,0
60.56,22,0.2196,11.01,0,0
53.09,13,0.3369,0.41,0,0
95.01,0,0.1823,10.86,0,0
114.22,21,0.3678,31.91,0,0
51.19,1,0.1284,41.91,0,0
300.86,13,0.065,7.19,0,0
49.27,8,0.369,0.77,0,0
27.2,14,0.2972,1.13,0,0
21.26,19,0.3041,9.4,0,0
79.23,17,0.2955,5.61,0,0
16.34,11,0.1594,5.3,0,0
78.35,21,0.29,8.82,1,0
40.2,14,0.1388,12.26,0,0
18.16,20,0.0056,54.52,0,0
14.26,17,0.2874,3.68,0,0
25.77,1,0.0591,30.93,1,0
17.95,7,0.0458,3.67,0,0
17.32,2,0.1742,3.12,0,0
38.4,11,0.1846,17.09,0,0
22.56,19,0.0819,3.78,0,0
62.88,12,0.268,2.97,0,0
38.33,16,0.1025,7.59,0,0
16.37,22,0.4512,0.2,0,0
15.7,13,0.1076,4.14,0,0
28.16,23,0.1025,9.41,0,0
60.03,13,0.2921,2.52,0,0
48.24,6,0.3139,23.73,0,0
30.11,22,0.2108,0.17,0,0
255.8,5,0.2926,5.54,0,0
45.64,18,0.2145,29.77,0,0
64.85,11,0.1805,3.19,0,0
98.04,12,0.124,3.03,0,0
35.94,16,0.2325,3.65,0,0
21.41,14,0.0498,10.63,0,0
45.52,5,0.2645,21.76,0,0
17.99,16,0.2638,6.73,0,0
40.34,4,0.0715,5.93,1,0
63.77,19,0.2541,2.67,1,0
74.02,7,0.2234,1.61,0,0
75.54,2,0.125,16.92,0,0
76.77,20,0.2495,4.53,1,0
69.37,3,0.131,5.2,1,0
28.83,10,0.0986,0.05,0,0
62.54,22,0.0233,42.11,0,0
42.07,23,0.3512,0.75,0,0
32.06,9,0.2489,14.45,0,0
30.48,15,0.3348,17.02,0,0
26.1,17,0.1593,6.88,0,0
42.18,5,0.1986,3.16,0,0
56.88,1,0.1271,44.14,0,0
64.64,8,0.3369,10.61,1,0
121.21,19,0.2106,21.26,0,0
49.65,21,0.0919,25.08,0,0
36.77,23,0.0668,0.82,0,0
53.8,17,0.0419,26.29,0,0
46.7,3,0.1144,13.36,0,0
41.6,13,0.1189,34.6,0,0
14.76,20,0.2817,9.13,0,0
20.07,5,0.1272,17.91,1,0
88.62,10,0.5164,38.59,0,0
67.9,14,0.0272,4.95,0,0
17.57,16,0.1477,15.78,0,0
117.57,7,0.1175,14.01,0,0
29.76,20,0.2304,43.28,0,0
142.0,14,0.1069,3.73,0,0
60.22,1,0.0338,3.86,0,0
69.64,2,0.222,30.21,0,0
61.66,4,0.1874,33.9,0,0
94.5,3,0.2429,39.45,0,0
125.77,21,0.2467,4.24,0,0
18.73,3,0.2328,0.26,0,0
21.2,16,0.1655,23.84,0,0
30.59,15,0.1327,10.56,0,0
12.46,10,0.2818,7.88,0,0
43.46,22,0.0209,4.85,0,0
20.8,18,0.0844,2.89,0,0
11.36,15,0.2561,9.98,0,0
31.47,20,0.6372,2.54,0,0
75.46,8,0.0818,4.43,0,0
34.54,16,0.1802,3.65,0,0
49.25,3,0.1336,0.49,0,0
18.96,12,0.2423,45.24,0,0
35.52,10,0.1746,3.31,0,0
25.59,13,0.0337,3.75,0,0
85.53,8,0.1332,20.31,0,0
23.58,2,0.3079,1.68,0,0
23.04,19,0.2705,59.52,0,0
36.61,10,0.3922,3.87,1,0
44.16,9,0.1502,1.98,0,0
42.47,19,0.1936,0.4,0,0
29.52,4,0.1496,1.49,1,0
22.95,15,0.1842,9.52,0,0
41.17,4,0.0917,14.11,0,0
27.86,8,0.107,9.51,0,0
64.26,16,0.1296,7.15,0,0
21.66,10,0.2434,14.57,0,0
30.81,18,0.1432,14.4,0,0
28.91,22,0.1342,5.62,0,0
11.21,7,0.2358,6.31,0,0
159.54,8,0.2651,5.42,0,0
26.57,22,0.0782,29.48,0,0
87.46,14,0.159,8.1,0,0
123.87,20,0.1994,9.77,0,0
30.41,5,0.0726,30.1,0,0
77.29,6,0.145,22.66,0,0
34.61,1,0.1055,34.84,0,0
62.02,0,0.1439,1.62,0,0
14.93,17,0.2667,8.13,0,0
49.28,10,0.3321,17.37,0,0
59.62,18,0.2114,2.08,0,0
21.53,22,0.1284,13.44,0,0
16.36,4,0.1064,11.12,0,0
21.89,9,0.0571,2.22,0,0
32.72,13,0.0719,3.72,0,0
54.17,14,0.0738,7.12,0,0
21.8,23,0.2939,10.78,0,0
49.36,16,0.5544,4.0,0,0
19.09,18,0.3017,2.99,0,0
128.1,9,0.2275,4.73,0,0
36.38,23,0.2078,15.45,0,0
107.08,0,0.285,11.02,0,0
26.66,8,0.1717,39.44,0,0
21.97,19,0.1141,13.13,0,0
100.66,18,0.1225,1.95,0,0
91.08,7,0.1314,21.53,0,0
47.55,3,0.1066,0.38,0,0
108.19,15,0.1103,6.36,1,0
77.59,22,0.1828,0.68,0,0
33.31,21,0.2662,24.48,1,0
40.71,10,0.3658,32.96,0,0
72.72,17,0.2181,24.19,0,0
62.77,16,0.3573,1.76,0,0
112.9,6,0.2338,1.41,0,0
64.0,9,0.1806,26.16,0,0
72.92,7,0.1056,21.49,1,0
18.62,2,0.4843,44.71,0,0
146.45,13,0.0582,18.95,0,0
107.62,3,0.2202,2.69,0,0
62.97,7,0.2675,8.15,0,0
62.68,7,0.0641,11.42,1,0
162.67,1,0.0883,64.66,0,0
68.93,10,0.274,14.8,0,0
11.79,2,0.1695,2.34,0,0
28.85,4,0.0745,4.5,0,0
70.91,21,0.0426,14.01,0,0
257.24,21,0.0575,12.62,0,0
50.67,11,0.1426,6.17,0,0
24.47,4,0.3067,1.45,0,0
40.97,20,0.0666,16.13,0,0
33.29,11,0.1834,4.17,0,0
87.86,11,0.0342,14.03,0,0
84.0,7,0.2771,29.84,0,0
26.7,19,0.1559,20.57,0,0
14.44,4,0.206,25.72,0,0
70.62,10,0.1142,5.28,0,0
101.58,19,0.05,4.11,1,0
105.11,13,0.1301,21.84,0,0
10.05,10,0.2699,84.4,0,0
56.59,8,0.0483,6.32,0,0
31.48,17,0.338,7.92,0,0
49.85,14,0.0314,7.71,0,0
59.39,12,0.3492,3.52,1,0
11.11,7,0.4523,19.52,0,0
123.94,6,0.0686,54.24,0,0
32.52,2,0.0656,16.72,0,0
15.8,5,0.0758,11.64,0,0
135.44,19,0.0158,8.31,0,0
27.05,23,0.1411,38.53,0,0
63.73,1,0.0293,0.15,0,0
26.22,17,0.5001,33.66,0,0
32.34,0,0.1683,1.5,0,0
19.26,9,0.2847,1.23,0,0
58.75,23,0.0795,14.94,0,0
53.51,11,0.3492,3.05,0,0
48.64,18,0.5356,26.78,0,0
28.4,7,0.0702,14.09,1,0
18.53,23,0.3692,5.04,1,0
17.79,22,0.3324,14.87,0,0
65.84,10,0.3322,3.64,0,0
104.25,16,0.1026,25.56,0,0
21.15,14,0.231,5.56,0,0
45.67,21,0.3864,1.96,0,0
92.13,9,0.2227,7.67,0,0
91.58,17,0.134,7.01,0,0
76.76,23,0.3161,12.76,0,0
66.14,12,0.0518,6.67,0,0
18.01,21,0.2742,0.31,0,0
39.99,9,0.2156,1.72,0,0
70.12,15,0.1428,0.1,0,0
34.36,4,0.1703,6.49,1,0
34.62,11,0.2999,8.66,0,0
100.4,15,0.0972,19.91,0,0
46.45,22,0.2744,14.88,0,0
173.58,12,0.2231,21.11,0,0
45.71,11,0.3297,18.88,1,0
29.04,19,0.0852,4.01,0,0
33.42,3,0.1957,22.79,0,0
41.42,18,0.0803,2.2,0,0
62.61,16,0.2306,14.64,1,0
20.21,9,0.3502,0.69,0,0
55.27,1,0.3288,34.32,0,0
93.17,13,0.1642,11.27,0,0
76.34,10,0.1837,14.62,0,0
61.45,2,0.0717,0.74,0,0
26.52,14,0.2379,34.41,0,0
17.92,6,0.1297,29.15,0,0
115.98,4,0.3507,8.48,0,0
20.77,20,0.1409,5.61,0,0
42.14,23,0.2889,1.64,0,0
56.59,16,0.0897,27.02,0,0
48.85,15,0.0773,7.07,0,0
21.31,16,0.1316,14.64,0,0
55.7,0,0.2105,19.86,0,0
40.74,15,0.0519,21.48,0,0
19.24,11,0.1263,0.84,0,0
72.04,7,0.127,11.25,0,0
16.55,14,0.0435,7.6,0,0
34.14,7,0.2227,14.15,0,0
119.1,19,0.3317,12.38,0,0
126.63,22,0.1935,5.1,0,0
15.6,11,0.2057,36.46,1,0
117.78,20,0.1182,34.28,0,0
29.9,13,0.0549,3.18,0,0
20.16,11,0.1069,5.49,0,0
53.14,13,0.5468,17.82,0,0
113.96,5,0.2711,16.67,0,0
83.51,12,0.8925,4.26,1,1
56.49,6,0.2276,34.73,0,0
22.69,7,0.2113,10.75,0,0
16.46,8,0.2902,23.19,0,0
71.08,4,0.1283,7.66,1,0
21.88,14,0.295,2.46,0,0
35.17,23,0.1798,27.09,0,0
19.62,23,0.3366,0.77,1,0
57.46,22,0.3661,24.9,0,0
104.38,18,0.1804,1.11,0,0
23.26,7,0.2498,13.55,0,0
28.7,22,0.2239,9.83,1,0
26.86,5,0.4768,18.6,1,0
19.17,23,0.2631,12.31,0,0
16.18,7,0.3674,3.42,0,0
138.03,9,0.0763,21.82,0,0
38.64,3,0.0128,5.31,1,0
58.36,2,0.1419,18.75,0,0
40.38,13,0.1745,0.0,0,0
78.14,2,0.3637,0.18,0,0
142.8,7,0.1454,0.11,1,0
70.69,14,0.2859,12.08,0,0
19.21,20,0.1618,6.7,0,0
38.89,9,0.4849,15.72,0,0
23.81,16,0.0507,7.08,0,0
50.04,4,0.1325,1.33,0,0
20.68,14,0.3771,2.78,0,0
16.91,14,0.4235,6.85,0,0
60.96,22,0.1409,42.06,0,0
33.6,2,0.2892,4.45,0,0
81.53,16,0.2652,4.55,0,0
65.86,1,0.1813,24.59,0,0
18.01,21,0.231,24.44,0,0
19.53,1,0.157,13.36,0,0
47.75,0,0.2624,23.89,0,0
35.15,5,0.289,9.2,0,0
90.88,16,0.076,0.25,0,0
36.07,12,0.19,27.42,0,0
31.04,19,0.122,17.28,0,0
57.18,19,0.2903,16.43,1,0
17.77,15,0.0715,16.09,0,0
127.83,4,0.1309,7.15,0,0
100.95,17,0.2602,4.31,0,0
46.77,1,0.0189,38.24,1,0
15.68,3,0.1796,1.98,0,0
37.48,8,0.0361,2.34,1,0
9.91,3,0.1776,42.68,0,0
63.05,19,0.2485,1.47,1,0
8.71,3,0.0841,13.9,0,0
53.55,8,0.2088,17.66,0,0
13.64,23,0.3391,13.27,0,0
53.83,19,0.1475,8.38,0,0
54.12,21,0.0534,9.61,0,0
15.76,14,0.163,28.49,0,0
106.51,16,0.3235,8.59,0,0
163.46,13,0.1306,2.09,1,0
91.55,8,0.329,6.73,0,0
39.38,16,0.0719,3.11,0,0
27.54,18,0.2228,10.28,0,0
159.12,5,0.455,18.55,0,0
110.4,5,0.2777,9.52,0,0
61.89,14,0.3135,1.06,0,0
176.24,9,0.3453,8.16,0,0
143.75,9,0.2395,21.67,0,0
82.69,7,0.2585,3.29,0,0
15.5,23,0.1888,7.7,0,0
58.09,20,0.1686,7.32,0,0
90.43,0,0.1036,8.54,0,0
29.77,20,0.1053,35.48,0,0
42.25,18,0.1174,28.47,1,0
39.46,8,0.1577,7.29,0,0
86.85,13,0.4584,17.45,0,0
74.64,3,0.3178,0.79,0,0
29.76,19,0.0804,2.68,0,0
103.56,22,0.2416,19.19,0,0
66.95,3,0.2382,3.95,0,0
48.84,19,0.2965,3.53,1,0
45.58,0,0.2614,17.93,0,0
26.77,18,0.4251,11.65,0,0
30.71,23,0.1993,11.83,0,0
98.69,4,0.1472,4.23,0,0
40.53,18,0.1018,8.19,1,0
57.64,17,0.1763,28.16,0,0
62.7,7,0.1272,6.68,1,0
55.89,15,0.1594,10.1,0,0
31.21,10,0.056,16.01,1,0
13.61,19,0.1466,4.67,0,0
27.13,22,0.2422,5.21,1,0
36.87,1,0.1067,12.22,1,0
175.21,21,0.6396,14.89,1,0
60.12,16,0.0599,10.63,1,0
74.13,22,0.1127,29.63,0,0
32.93,15,0.4101,7.45,0,0
77.58,15,0.289,6.51,0,0
44.91,21,0.2667,2.39,0,0
94.83,17,0.8672,250.76,1,1
14.53,14,0.2044,40.79,0,0
50.33,11,0.0561,22.73,0,0
32.82,11,0.1673,3.55,0,0
28.34,10,0.1495,14.97,0,0
49.81,5,0.4649,8.04,0,0
25.8,10,0.1012,10.58,0,0
48.06,11,0.2886,33.69,0,0
53.38,19,0.4281,12.95,1,0
15.54,20,0.194,4.36,0,0
55.83,5,0.3186,37.6,0,0
72.48,22,0.0917,19.03,0,0
30.06,21,0.1479,14.45,0,0
90.5,19,0.1722,3.75,0,0
35.05,15,0.3449,8.15,0,0
67.29,15,0.2329,6.41,0,0
37.74,14,0.0954,33.3,0,0
40.8,11,0.3594,1.22,1,0
104.77,5,0.2646,24.53,0,0
40.77,14,0.1824,10.58,0,0
33.29,13,0.2547,4.96,0,0
110.07,1,0.0113,25.96,1,0
50.68,19,0.2761,19.91,0,0
46.37,13,0.3687,27.23,0,0
164.68,0,0.2775,2.65,0,0
33.71,8,0.1395,24.42,0,0
148.45,5,0.2367,8.56,0,0
76.62,14,0.102,31.76,0,0
57.8,12,0.1638,23.21,0,0
32.35,23,0.2249,7.05,0,0
48.24,23,0.0543,81.01,0,0
27.45,2,0.4235,27.07,0,0
40.27,9,0.0854,47.99,1,0
42.42,18,0.0113,1.31,0,0
96.96,22,0.2754,28.21,0,0
55.64,16,0.2146,19.14,0,0
113.83,21,0.3974,6.74,0,0
12.73,0,0.3392,7.57,0,0
30.06,5,0.0427,4.36,0,0
31.02,10,0.2016,40.89,0,0
22.29,0,0.1371,0.71,0,0
26.25,2,0.0602,4.15,0,0
166.57,19,0.1722,24.93,0,0
30.72,1,0.0636,23.17,0,0
35.36,20,0.1373,20.29,0,0
38.31,3,0.2389,33.77,0,0
56.38,6,0.0892,29.5,0,0
57.57,6,0.1777,21.22,0,0
56.01,17,0.2291,0.97,0,0
23.53,15,0.2847,6.49,0,0
126.68,4,0.0189,15.4,0,0
105.55,23,0.0902,1.2,0,0
171.59,19,0.2212,2.52,0,0
31.62,13,0.0828,0.58,0,0
29.23,22,0.0631,1.09,0,0
73.43,5,0.5808,20.08,1,0
24.78,16,0.1136,27.13,0,0
35.73,5,0.2768,1.18,0,0
45.29,18,0.1349,63.25,0,0
49.01,10,0.343,30.5,0,0
24.99,3,0.267,38.46,0,0
23.83,5,0.073,7.86,0,0
128.74,13,0.4293,59.24,0,0
18.66,1,0.028,16.58,0,0
44.46,11,0.2409,2.89,0,0
47.58,7,0.0824,17.45,0,0
41.01,21,0.2002,29.48,0,0
12.08,19,0.3266,2.23,0,0
18.61,12,0.4275,9.5,0,0
25.1,1,0.055,0.76,0,0
72.5,1,0.2569,18.31,0,0
50.18,15,0.155,3.87,0,0
24.07,1,0.2126,19.78,0,0
139.45,7,0.1433,1.31,0,0
52.15,4,0.0403,20.25,0,0
68.02,22,0.1296,3.56,0,0
142.21,18,0.1144,7.2,0,0
68.96,13,0.2675,8.5,0,0
42.04,0,0.0669,12.34,0,0
17.28,21,0.3017,10.87,0,0
28.51,16,0.4952,9.41,0,0
165.13,3,0.0438,3.44,0,0
48.05,0,0.204,2.34,0,0
82.91,6,0.2177,9.35,0,0
29.94,20,0.2945,14.73,1,0
62.96,7,0.1166,1.68,0,0
29.42,13,0.1558,16.81,1,0
49.62,11,0.1599,1.82,0,0
26.96,11,0.3546,2.63,0,0
54.28,4,0.448,9.19,0,0
26.86,8,0.0754,0.62,0,0
31.25,17,0.1888,20.9,0,0
70.07,4,0.1242,3.62,0,0
57.67,22,0.3257,27.94,0,0
99.08,10,0.4019,8.84,1,0
12.17,13,0.2945,13.25,1,0
21.17,4,0.2781,0.08,0,0
55.11,2,0.003,15.09,0,0
46.12,12,0.135,13.01,0,0
71.38,6,0.1239,19.11,0,0
56.86,1,0.3812,1.7,0,0
21.15,1,0.2687,12.45,0,0
63.02,2,0.1082,0.51,0,0
55.32,4,0.2965,6.26,0,0
25.78,17,0.1042,60.84,0,0
69.23,0,0.1395,12.5,0,0
72.99,15,0.16,6.5,0,0
54.05,0,0.41,26.12,0,0
54.08,20,0.0541,22.94,0,0
35.45,0,0.1055,2.08,0,0
15.34,11,0.1127,32.59,0,0
70.68,10,0.266,2.09,0,0
98.24,0,0.3986,8.47,0,0
36.39,11,0.1289,1.58,0,0
118.13,12,0.1521,7.82,0,0
68.51,23,0.2052,2.06,0,0
39.66,0,0.0201,2.02,1,0
35.99,22,0.2396,17.34,0,0
48.99,5,0.0469,37.93,0,0
203.6,10,0.0769,0.52,1,0
31.02,21,0.1936,16.52,0,0
38.14,6,0.2185,1.52,0,0
14.82,13,0.1153,1.1,0,0
60.51,18,0.2112,47.51,0,0
51.02,9,0.408,41.77,0,0
23.85,5,0.3702,9.33,0,0
38.88,2,0.2437,1.85,0,0
121.14,4,0.1491,22.56,0,0
159.52,11,0.0718,1.36,0,0
182.84,14,0.1831,23.43,1,0
20.05,13,0.0823,19.86,0,0
98.27,17,0.0552,0.2,0,0
24.65,10,0.1721,25.29,0,0
67.51,18,0.1411,1.85,1,0
148.25,0,0.1531,14.28,0,0
119.87,4,0.1425,3.0,0,0
24.84,3,0.1911,24.98,0,0
57.87,21,0.4707,46.02,0,0
28.95,14,0.1462,17.53,0,0
54.07,11,0.1713,3.43,0,0
56.02,9,0.4584,19.66,1,0
104.14,18,0.0536,36.89,0,0
119.4,22,0.2354,12.83,0,0
38.9,0,0.1338,37.61,1,0
68.95,7,0.2056,15.65,0,0
23.8,13,0.1525,15.5,0,0
42.52,12,0.2071,5.88,0,0
35.8,7,0.1763,11.89,0,0
111.89,22,0.2116,40.03,0,0
56.4,0,0.2516,30.96,0,0
15.87,2,0.5389,14.24,0,0
92.39,22,0.1406,7.43,0,0
11.57,5,0.3615,7.47,0,0
62.24,5,0.0909,13.61,0,0
56.57,11,0.5647,15.85,0,0
42.94,11,0.3455,42.02,0,0
70.36,1,0.1111,19.77,0,0
16.08,4,0.1953,2.61,0,0
38.56,8,0.162,29.57,0,0
60.15,20,0.2476,5.55,1,0
235.12,23,0.0692,15.09,0,0
60.64,5,0.1875,11.03,0,0
55.53,21,0.3826,3.21,1,0
74.26,1,0.2158,11.69,0,0
16.86,5,0.2062,13.68,0,0
28.51,2,0.2311,43.54,0,0
163.33,8,0.1716,1.49,0,0
135.87,5,0.1406,17.92,1,0
46.18,2,0.0908,33.68,0,0
46.68,17,0.2281,5.02,0,0
141.63,1,0.1193,15.57,0,0
15.77,7,0.0212,6.39,1,0
56.66,1,0.1473,1.16,0,0
76.68,7,0.0976,21.88,0,0
23.44,7,0.2461,29.14,0,0
29.14,22,0.1845,35.53,0,0
57.34,10,0.0633,9.99,0,0
60.71,12,0.0496,1.12,1,0
74.72,19,0.0525,2.65,0,0
46.74,17,0.4115,1.56,1,0
41.79,11,0.189,0.37,0,0
57.13,3,0.4443,1.19,0,0
23.76,0,0.2463,2.56,0,0
167.68,0,0.1956,5.56,0,0
32.03,7,0.0409,29.48,0,0
119.31,1,0.1732,9.8,0,0
182.53,9,0.1227,11.5,0,0
13.3,19,0.1186,45.14,0,0
55.85,3,0.2062,11.07,0,0
39.57,12,0.0482,78.93,0,0
16.9,18,0.0611,12.03,0,0
163.24,14,0.208,6.67,0,0
63.21,20,0.0658,8.12,0,0
26.45,17,0.416,43.45,0,0
98.92,15,0.4564,16.15,0,0
39.91,4,0.3107,26.22,0,0
45.36,3,0.1833,29.33,0,0
33.37,10,0.1391,5.16,0,0
64.0,4,0.1822,3.91,0,0
81.04,23,0.1153,2.93,1,0
72.47,9,0.0919,7.04,0,0
30.16,18,0.3148,132.11,0,0
60.6,0,0.3494,8.13,0,0
82.61,3,0.1624,0.8,0,0
36.02,8,0.1115,2.16,1,0
1285.04,18,0.8305,95.17,0,1
69.62,1,0.2976,11.38,1,0
26.19,18,0.0488,9.92,0,0
48.41,19,0.2015,17.95,0,0
53.85,20,0.3034,5.25,0,0
21.27,6,0.1004,10.26,0,0
56.24,2,0.2114,19.94,0,0
46.08,20,0.3473,50.21,0,0
49.85,0,0.2155,10.12,0,0
18.59,16,0.2761,20.02,0,0
81.37,12,0.464,10.0,1,0
63.72,17,0.3036,0.21,0,0
17.9,15,0.257,25.54,0,0
96.23,19,0.0423,21.13,0,0
24.45,19,0.0376,8.58,0,0
70.58,13,0.0412,14.07,0,0
44.37,21,0.2309,42.29,0,0
39.89,12,0.2236,4.39,0,0
20.98,12,0.2036,2.46,0,0
70.01,16,0.2312,6.66,0,0
39.41,12,0.2374,0.76,1,0
144.69,13,0.1125,12.11,1,0
26.53,18,0.1886,28.2,0,0
44.74,19,0.1437,3.19,0,0
22.89,15,0.1107,35.75,0,0
92.88,8,0.1844,3.35,0,0
75.32,20,0.32,2.39,0,0
21.64,22,0.0337,10.66,0,0
47.9,15,0.2379,5.53,0,0
29.04,10,0.1313,0.86,0,0
19.39,18,0.172,0.84,0,0
43.34,0,0.2328,23.47,0,0
41.3,14,0.0377,36.41,0,0
53.47,9,0.1438,30.39,0,0
119.58,15,0.0736,10.49,0,0
5.69,11,0.1457,10.48,0,0
28.31,8,0.0668,26.29,1,0
29.73,6,0.1046,9.37,0,0
35.68,23,0.0889,2.13,0,0
31.93,10,0.06,11.06,0,0
61.68,13,0.0576,59.51,0,0
20.41,10,0.1419,0.15,0,0
21.87,22,0.2589,11.27,0,0
23.27,7,0.0196,3.1,1,0
17.85,22,0.2762,11.21,0,0
57.26,6,0.066,5.79,0,0
110.93,7,0.1547,30.66,0,0
48.07,22,0.0514,26.08,0,0
78.16,23,0.0801,6.83,0,0
93.61,16,0.0832,107.11,0,0
77.44,6,0.1376,8.53,0,0
15.22,20,0.4399,20.45,0,0
51.88,6,0.6795,170.9,1,1
7.01,4,0.1621,4.81,0,0
96.23,15,0.0956,8.01,0,0
135.89,9,0.1514,8.71,1,0
43.99,7,0.1604,42.66,0,0
104.62,19,0.2015,22.1,0,0
18.55,14,0.3771,5.29,0,0
24.6,12,0.1559,10.77,0,0
31.88,21,0.2496,2.51,0,0
20.49,7,0.1976,0.45,0,0
142.92,10,0.1367,3.86,0,0
28.36,20,0.1239,1.56,0,0
33.47,17,0.3083,7.17,1,0
86.65,16,0.2256,1.87,0,0
172.38,12,0.8137,204.75,1,1
47.88,4,0.2578,9.58,0,0
171.63,21,0.3314,21.18,0,0
26.76,22,0.2495,0.3,0,0
15.7,5,0.2888,12.06,0,0
121.43,13,0.1946,2.28,1,0
28.9,8,0.2113,55.99,0,0
21.88,15,0.2457,5.98,0,0
93.94,0,0.1933,5.6,0,0
127.28,9,0.2816,5.97,0,0
111.69,9,0.2688,24.72,0,0
18.8,4,0.4284,26.44,0,0
16.32,8,0.1173,34.18,1,0
33.01,20,0.0828,6.06,1,0
53.6,8,0.0892,13.57,0,0
128.17,18,0.1098,10.56,0,0
31.0,13,0.0515,9.28,0,0
40.91,16,0.2185,22.1,1,0
46.46,16,0.134,75.87,1,0
13.7,4,0.1723,11.98,0,0
46.42,0,0.0973,0.8,0,0
16.94,2,0.1959,34.65,0,0
61.12,21,0.1539,2.04,0,0
100.68,0,0.0852,15.38,0,0
37.0,10,0.109,7.79,0,0
100.24,7,0.1945,0.93,0,0
77.51,6,0.0517,1.98,0,0
56.46,12,0.3604,3.97,0,0
9.7,14,0.2286,11.73,0,0
151.54,19,0.4133,0.7,1,0
47.1,7,0.2641,9.11,0,0
49.28,19,0.1384,26.58,0,0
19.28,21,0.2892,2.54,1,0
18.71,15,0.2943,3.85,0,0
106.49,20,0.1328,5.99,0,0
97.29,12,0.1825,8.18,0,0
54.33,6,0.2841,0.95,0,0
61.66,21,0.2055,12.77,0,0
53.89,1,0.2901,17.59,0,0
48.79,15,0.1623,24.33,1,0
86.69,19,0.3034,0.79,0,0
19.85,0,0.1242,16.31,0,0
18.48,9,0.1276,15.19,0,0
32.2,19,0.1594,22.61,1,0
30.1,3,0.162,31.35,1,0
52.93,9,0.402,20.84,0,0
11.62,21,0.0539,6.54,0,0
72.65,19,0.3677,1.84,0,0
111.34,13,0.1579,1.67,0,0
58.53,3,0.349,22.07,0,0
56.24,8,0.3147,8.59,0,0
63.55,12,0.4123,2.76,0,0
39.19,10,0.2529,38.71,0,0
57.65,17,0.0726,4.83,0,0
46.83,15,0.3897,4.94,0,0
55.85,19,0.1155,12.53,1,0
28.56,21,0.1173,1.81,0,0
43.13,21,0.1702,6.88,0,0
44.44,14,0.1912,44.53,0,0
32.48,22,0.0626,5.77,0,0
40.48,21,0.0857,30.61,0,0
44.73,15,0.0585,11.44,0,0
36.19,4,0.0235,13.04,1,0
149.73,22,0.1068,67.93,0,0
11.45,11,0.0476,2.23,1,0
122.04,12,0.0119,30.65,0,0
24.71,3,0.2107,7.37,0,0
22.79,0,0.0501,0.53,0,0
67.22,2,0.1725,13.02,0,0
27.25,23,0.3303,19.83,0,0
59.29,14,0.1477,10.02,0,0
234.61,3,0.1666,6.67,0,0
17.87,3,0.3021,80.56,0,0
59.56,0,0.1258,17.41,0,0
27.4,20,0.4096,8.4,0,0
60.61,14,0.0863,6.57,0,0
27.77,21,0.1288,23.75,0,0
37.97,18,0.2025,24.49,0,0
98.8,20,0.4559,30.77,0,0
52.37,3,0.3911,9.45,0,0
57.6,3,0.1739,12.92,0,0
73.97,15,0.3012,8.55,0,0
43.71,20,0.165,12.99,1,0
45.25,23,0.0814,15.33,0,0
72.51,13,0.1939,25.24,1,0
78.68,17,0.2539,24.26,1,0
24.96,15,0.0647,6.26,0,0
58.8,8,0.0773,26.34,0,0
41.27,6,0.0403,7.62,0,0
56.22,16,0.1626,24.13,0,0
62.49,11,0.6974,29.55,0,0
128.37,8,0.0747,18.82,0,0
51.45,15,0.2901,7.14,0,0
49.0,12,0.3242,2.09,0,0
17.3,13,0.1176,13.45,0,0
96.46,22,0.3366,1.31,0,0
36.88,18,0.1906,4.68,0,0
46.18,11,0.0538,20.25,0,0
31.84,12,0.0285,25.9,1,0
132.0,17,0.1396,7.64,0,0
154.21,12,0.1829,16.37,0,0
33.84,8,0.3082,0.84,0,0
33.89,11,0.1765,6.08,0,0
45.36,17,0.1192,12.33,0,0
94.61,21,0.0704,18.85,0,0
21.27,11,0.1116,15.88,0,0
20.25,19,0.3334,18.25,0,0
168.11,3,0.1796,64.6,0,0
57.24,7,0.0568,0.66,0,0
66.36,11,0.1293,1.91,0,0
35.41,13,0.1357,13.72,0,0
99.15,21,0.0703,41.98,0,0
31.33,10,0.0589,4.21,0,0
41.57,16,0.1198,12.51,0,0
35.82,17,0.1849,17.68,0,0
39.19,4,0.2342,19.4,0,0
38.4,13,0.0771,0.83,1,0
69.15,23,0.0605,10.14,0,0
57.35,11,0.2154,50.26,0,0
86.14,20,0.3368,31.39,0,0
54.71,6,0.3891,48.85,0,0
89.65,4,0.2452,4.78,0,0
240.04,11,0.3528,55.35,0,0
53.7,9,0.0425,8.11,0,0
36.59,2,0.3284,19.8,0,0
185.61,7,0.0172,18.21,1,0
39.32,17,0.1874,16.78,0,0
52.63,19,0.2068,6.89,0,0
143.04,9,0.0691,4.06,0,0
21.16,20,0.3539,0.73,1,0
111.76,4,0.1405,6.72,0,0
43.98,2,0.1729,9.95,0,0
66.69,18,0.1978,2.36,0,0
92.91,22,0.1456,3.94,0,0
28.05,12,0.1442,11.39,0,0
60.21,20,0.1163,5.65,0,0
70.2,22,0.2627,3.68,0,0
78.93,17,0.2562,21.97,1,0
45.56,20,0.0844,9.62,0,0
48.03,9,0.4057,2.05,1,0
150.45,5,0.0552,16.0,0,0
66.62,5,0.1204,20.03,0,0
31.61,0,0.1364,14.68,0,0
24.92,8,0.2419,4.55,0,0
667.97,0,0.5277,233.06,0,1
56.0,17,0.1264,3.6,0,0
9.92,6,0.3856,17.01,0,0
12.33,4,0.0198,13.8,0,0
48.66,4,0.3508,36.94,0,0
93.25,3,0.0528,11.03,0,0
43.51,0,0.0871,1.02,0,0
56.22,20,0.2284,83.11,0,0
108.55,21,0.0505,13.21,0,0
47.73,0,0.077,4.48,0,0
36.67,0,0.138,5.36,0,0
79.61,15,0.1351,18.91,0,0
73.99,15,0.0947,16.54,0,0
28.31,8,0.592,7.47,0,0
133.83,21,0.1652,8.92,1,0
113.48,20,0.3625,1.14,0,0
56.08,16,0.3508,9.95,0,0
31.2,14,0.1681,4.23,0,0
50.3,8,0.1019,14.55,0,0
41.02,19,0.4542,20.32,0,0
27.21,6,0.3257,21.84,0,0
38.39,13,0.3051,8.01,0,0
21.83,5,0.2046,28.35,0,0
76.3,4,0.0577,20.03,1,0
83.87,0,0.1076,15.86,0,0
31.58,23,0.2121,1.15,0,0
53.54,8,0.0934,19.78,0,0
90.62,23,0.2368,7.24,1,0
11.81,19,0.212,8.03,0,0
87.31,16,0.0258,3.25,0,0
41.92,23,0.1938,5.33,0,0
45.35,6,0.2846,20.16,1,0
37.44,22,0.1009,13.28,0,0
59.03,16,0.1133,14.64,0,0
45.12,11,0.1045,23.27,0,0
34.11,20,0.3543,22.65,0,0
96.3,3,0.1937,24.29,0,0
51.98,19,0.2385,0.38,0,0
65.48,20,0.2503,12.03,0,0
43.06,3,0.1037,4.02,0,0
26.27,11,0.2569,23.1,0,0
90.87,19,0.0392,57.12,1,0
42.0,5,0.1556,4.06,0,0
46.61,23,0.1654,8.69,0,0
183.58,13,0.2436,4.33,1,0
63.18,14,0.3202,11.01,0,0
25.85,2,0.088,10.53,1,0
41.99,8,0.2278,21.45,0,0
91.47,18,0.1557,15.43,0,0
120.28,11,0.1243,103.76,1,0
33.91,20,0.112,7.03,0,0
35.55,3,0.1396,2.94,0,0
47.81,13,0.038,8.17,0,0
79.41,14,0.2478,6.83,0,0
47.37,6,0.3327,36.67,0,0
65.87,21,0.1698,4.01,0,0
130.84,11,0.1365,8.81,0,0
90.82,16,0.0838,5.47,0,0
22.46,16,0.2105,3.5,0,0
129.94,5,0.2739,3.3,0,0
64.08,18,0.0636,8.74,0,0
35.33,7,0.039,8.9,0,0
38.14,16,0.4181,13.12,0,0
88.24,10,0.0555,5.0,0,0
8.09,15,0.1487,7.71,0,0
30.93,18,0.1143,22.9,0,0
57.24,19,0.2357,22.12,0,0
31.05,16,0.2001,10.13,0,0
109.25,19,0.1949,11.96,1,0
45.61,6,0.1847,0.93,0,0
13.67,10,0.1073,4.65,0,0
19.46,6,0.1791,1.52,0,0
22.16,2,0.1272,17.42,0,0
81.53,16,0.0824,0.53,0,0
5.6,11,0.2691,10.77,0,0
116.49,15,0.0404,17.35,0,0
22.26,5,0.1123,10.32,0,0
54.41,8,0.1291,4.6,0,0
35.75,23,0.417,0.33,0,0
32.68,2,0.2134,2.35,0,0
12.17,5,0.0944,23.96,0,0
14.55,8,0.1122,10.49,0,0
51.59,17,0.1818,15.43,0,0
108.42,14,0.1959,20.68,1,0
15.6,22,0.1807,44.71,0,0
34.53,4,0.0316,31.92,0,0
96.1,22,0.2772,0.89,0,0
30.17,10,0.1215,1.22,0,0
90.58,5,0.1753,62.97,0,0
33.3,10,0.1409,31.51,0,0
18.43,16,0.0755,20.98,0,0
103.7,16,0.1692,4.24,0,0
58.43,15,0.0817,13.74,0,0
67.46,9,0.0437,12.17,0,0
65.89,17,0.1013,27.82,0,0
24.59,0,0.0422,2.99,0,0
32.48,8,0.1004,25.25,1,0
99.29,10,0.1052,3.48,1,0
81.5,20,0.1718,40.65,0,0
51.73,14,0.2118,5.2,1,0
19.54,16,0.2025,6.85,1,0
47.83,18,0.1545,19.95,1,0
13.25,14,0.2087,12.52,0,0
41.14,14,0.0463,62.49,1,0
49.35,15,0.4264,16.49,0,0
33.92,6,0.0723,14.34,0,0
12.57,12,0.252,11.02,0,0
32.61,4,0.3833,4.04,0,0
128.36,12,0.1637,8.49,0,0
84.78,15,0.1576,9.65,0,0
61.7,17,0.4019,20.67,0,0
18.42,11,0.4027,9.4,0,0
63.44,7,0.1567,7.55,0,0
103.01,17,0.1289,0.09,0,0
30.58,4,0.0055,25.09,0,0
86.23,13,0.1657,7.37,0,0
46.94,16,0.3476,3.24,0,0
19.14,4,0.4411,20.91,0,0
16.7,23,0.3408,17.27,0,0
57.4,19,0.2082,8.18,0,0
211.86,5,0.1662,20.88,0,0
52.96,12,0.1974,20.85,0,0
36.17,19,0.2882,3.18,0,0
78.26,19,0.2273,31.22,0,0
39.46,15,0.1774,3.47,0,0
27.71,13,0.0375,37.99,0,0
54.13,10,0.1375,16.49,0,0
96.43,2,0.1465,11.15,1,0
59.06,22,0.3246,11.34,0,0
18.18,18,0.1595,0.51,0,0
28.2,4,0.268,35.15,0,0
9.87,3,0.0635,13.23,0,0
25.61,18,0.0899,3.47,0,0
22.87,12,0.2908,41.72,0,0
53.16,17,0.1614,4.91,0,0
112.16,16,0.1223,75.88,0,0
23.79,5,0.1604,16.03,0,0
98.67,5,0.2721,15.94,0,0
31.71,3,0.3743,6.59,0,0
41.23,15,0.242,14.56,0,0
37.02,16,0.3619,4.13,0,0
16.85,4,0.1823,33.98,0,0
165.51,12,0.4455,26.26,0,0
17.05,21,0.3254,37.51,0,0
62.17,22,0.1818,32.52,0,0
46.15,4,0.1413,4.05,0,0
500.0,14,0.5271,3.65,0,0
44.26,12,0.0604,40.49,0,0
213.41,17,0.2132,0.69,1,0
46.22,19,0.335,56.17,1,0
31.91,9,0.0561,4.92,0,0
56.47,3,0.0474,30.92,0,0
35.14,5,0.0426,13.37,0,0
160.1,1,0.1172,6.59,0,0
80.93,14,0.0939,6.78,0,0
26.24,19,0.2744,9.97,0,0
35.62,5,0.0215,21.95,0,0
33.26,4,0.1232,9.68,0,0
45.87,2,0.3007,30.78,0,0
27.82,21,0.2784,4.04,0,0
37.59,10,0.0902,118.8,0,0
51.91,0,0.0389,14.45,0,0
14.93,7,0.3297,30.85,0,0
101.8,9,0.0677,57.35,0,0
18.21,20,0.0881,1.63,0,0
16.59,4,0.2222,4.25,0,0
20.14,16,0.062,25.5,0,0
104.67,19,0.0814,6.64,0,0
26.98,19,0.3184,15.15,0,0
29.0,17,0.2789,3.77,0,0
111.61,10,0.0963,16.75,0,0
29.9,2,0.244,1.02,0,0
21.58,11,0.1319,54.63,0,0
47.42,9,0.1791,3.18,0,0
49.78,9,0.1295,24.42,0,0
36.69,4,0.3762,14.17,0,0
52.03,7,0.1444,24.14,0,0
87.21,18,0.3367,16.31,0,0
73.81,12,0.2325,4.63,0,0
35.55,11,0.2354,3.18,0,0
66.7,15,0.1252,66.59,0,0
42.92,14,0.1146,2.92,0,0
64.34,21,0.2503,2.79,0,0
28.37,12,0.0958,12.79,0,0
60.69,3,0.1216,2.21,0,0
13.1,4,0.3381,10.39,0,0
58.08,4,0.2507,3.28,1,0
63.22,14,0.1665,4.23,0,0
26.84,0,0.086,5.09,0,0
63.25,17,0.4027,14.61,0,0
34.26,17,0.0487,8.01,1,0
117.25,1,0.0296,32.57,0,0
38.04,8,0.1511,6.25,0,0
48.09,18,0.1897,27.64,0,0
27.89,19,0.1085,11.58,0,0
15.95,16,0.1475,2.44,0,0
56.93,5,0.3636,4.12,0,0
114.12,10,0.169,12.01,0,0
36.61,15,0.2088,21.13,0,0
60.34,17,0.2155,32.0,0,0
60.67,7,0.3428,4.94,0,0
15.23,6,0.1098,35.8,0,0
150.69,22,0.1999,1.23,1,0
63.76,0,0.2142,4.45,0,0
70.28,7,0.25,25.34,0,0
90.87,16,0.0596,27.0,0,0
30.57,4,0.1424,8.02,0,0
21.73,19,0.2967,28.04,0,0
27.08,5,0.0433,36.49,0,0
71.07,14,0.1245,53.79,0,0
25.68,10,0.2428,15.53,0,0
33.75,21,0.1891,17.66,0,0
57.4,14,0.2189,19.11,0,0
76.92,11,0.2368,46.64,0,0
35.98,2,0.2301,43.05,0,0
14.83,1,0.3023,12.63,1,0
55.3,16,0.1088,5.01,1,0
15.03,2,0.2913,20.13,0,0
62.56,1,0.5583,21.38,0,0
21.81,0,0.0816,42.82,0,0
24.14,0,0.1871,2.08,0,0
36.42,11,0.092,7.78,0,0
32.55,12,0.1419,15.76,0,0
85.97,7,0.0509,68.06,0,0
111.39,9,0.0828,22.34,0,0
34.79,0,0.3377,7.09,1,0
68.91,11,0.314,42.28,0,0
82.18,6,0.3213,0.67,0,0
46.5,17,0.0927,29.94,0,0
17.82,14,0.0475,5.49,1,0
84.37,14,0.0763,63.98,0,0
35.46,5,0.3729,18.32,0,0
45.94,3,0.1849,12.46,0,0
52.77,5,0.1716,2.29,0,0
169.67,14,0.3736,23.49,1,0
13.71,21,0.2688,6.87,0,0
32.71,20,0.4132,2.38,0,0
67.1,21,0.131,11.97,0,0
58.26,15,0.1733,44.79,0,0
15.24,11,0.1102,31.7,1,0
48.25,21,0.2671,0.72,0,0
33.89,7,0.2652,7.51,0,0
74.34,3,0.1688,4.19,0,0
54.48,1,0.4264,1.73,0,0
33.39,16,0.0755,1.08,0,0
37.11,19,0.3677,53.87,0,0
41.13,18,0.2029,16.66,1,0
69.31,19,0.1576,59.25,0,0
209.77,1,0.1903,20.3,0,0
47.84,17,0.153,21.94,0,0
148.33,15,0.6944,22.6,0,0
73.38,4,0.2923,20.72,0,0
27.28,5,0.2739,19.9,0,0
128.78,22,0.2548,23.01,0,0
29.68,13,0.5005,14.43,0,0
30.54,4,0.1992,2.82,0,0
71.82,19,0.1483,21.44,1,0
54.68,13,0.1496,17.22,0,0
52.78,16,0.3865,8.66,0,0
48.92,8,0.8288,7.13,1,1
50.39,19,0.0294,0.06,0,0
43.17,22,0.089,10.45,0,0
123.23,13,0.0614,25.27,0,0
15.55,7,0.1499,12.01,0,0
7.41,18,0.3311,47.3,0,0
33.51,17,0.0188,27.0,1,0
25.04,11,0.3514,49.16,0,0
101.91,10,0.2257,1.03,0,0
39.91,12,0.3003,3.02,0,0
49.13,21,0.0997,17.81,0,0
45.01,22,0.2577,2.92,0,0
29.42,5,0.2,22.28,0,0
43.96,8,0.222,4.08,0,0
73.86,20,0.0638,3.23,0,0
182.35,15,0.2222,26.69,0,0
15.11,18,0.2123,4.95,0,0
27.58,0,0.2484,17.54,0,0
52.97,21,0.1468,27.91,0,0
34.42,8,0.0553,2.84,0,0
43.84,2,0.2133,36.1,0,0
72.98,19,0.1365,6.14,0,0
45.98,6,0.0505,6.92,0,0
76.62,8,0.1678,5.82,0,0
13.39,6,0.0974,29.45,0,0
33.51,4,0.1483,22.46,0,0
29.07,14,0.0634,57.66,0,0
30.9,10,0.2793,22.77,1,0
49.63,5,0.1509,0.93,0,0
43.36,4,0.3094,0.04,1,0
6.02,2,0.1191,22.65,0,0
63.66,22,0.3839,60.78,0,0
21.59,18,0.3478,0.57,0,0
106.21,11,0.2248,9.87,0,0
38.64,20,0.1003,9.53,0,0
67.44,11,0.0586,8.29,0,0
44.62,21,0.1821,9.25,0,0
21.79,20,0.1998,25.11,0,0
88.18,7,0.1803,56.36,0,0
98.39,3,0.2164,13.91,0,0
24.06,3,0.2771,11.55,0,0
113.93,16,0.0832,5.14,0,0
65.8,18,0.148,14.42,0,0
22.96,18,0.3183,0.3,0,0
13.08,1,0.2315,16.81,0,0
35.33,21,0.1593,8.58,0,0
57.61,12,0.0891,29.21,0,0
22.19,23,0.0468,39.71,1,0
70.75,13,0.0169,4.16,0,0
38.84,16,0.1726,0.17,1,0
26.67,10,0.1605,24.46,0,0
43.5,18,0.0388,11.49,0,0
85.54,20,0.1969,15.38,0,0
89.72,22,0.0576,57.72,0,0
86.12,11,0.1652,17.01,0,0
44.23,17,0.1437,4.48,0,0
37.99,2,0.2871,2.64,0,0
21.88,23,0.2251,31.74,0,0
98.23,13,0.1137,12.49,0,0
58.42,5,0.0431,51.13,1,0
6.53,12,0.128,7.87,0,0
26.73,17,0.1314,16.15,0,0
78.77,21,0.3225,9.52,0,0
20.31,21,0.0496,7.23,0,0
73.61,18,0.0808,3.24,0,0
53.44,11,0.0806,3.75,0,0
30.76,20,0.1487,0.4,0,0
127.73,3,0.2992,5.24,0,0
21.21,4,0.2087,1.61,0,0
36.45,17,0.1199,20.71,0,0
89.66,16,0.225,12.66,0,0
41.9,0,0.1484,11.41,0,0
31.03,4,0.1676,20.7,0,0
44.02,2,0.0777,5.35,0,0
105.64,2,0.0656,4.8,0,0
22.98,10,0.2822,5.02,0,0
23.21,17,0.0286,13.59,0,0
46.04,6,0.4541,25.44,0,0
77.4,11,0.0381,1.77,0,0
87.47,22,0.3274,5.43,0,0
32.96,5,0.0621,37.74,0,0
39.04,19,0.1164,10.93,0,0
149.54,17,0.3168,3.63,0,0
50.35,17,0.1689,19.21,1,0
33.52,18,0.0523,12.83,0,0
64.58,3,0.225,25.42,0,0
29.85,17,0.2447,45.65,0,0
21.34,2,0.3416,7.03,0,0
21.83,7,0.0766,28.25,0,0
46.76,4,0.3324,21.7,0,0
58.67,6,0.3123,15.58,0,0
26.81,4,0.0726,26.54,1,0
30.72,20,0.178,1.56,0,0
53.14,16,0.2397,9.52,0,0
80.0,20,0.3954,33.26,1,0
9.21,6,0.1224,19.93,0,0
12.71,9,0.0296,9.43,0,0
38.87,8,0.0348,28.95,0,0
28.69,7,0.2388,7.11,1,0
40.9,16,0.1735,7.59,0,0
23.68,23,0.1159,39.88,1,0
120.05,2,0.0544,31.72,0,0
57.29,23,0.083,6.15,1,0
45.16,3,0.3626,10.93,0,0
30.74,13,0.059,9.36,0,0
101.45,0,0.3802,28.04,1,0
31.69,17,0.1478,3.03,0,0
64.29,4,0.1285,0.8,0,0
61.9,12,0.0588,5.46,0,0
41.8,1,0.1087,7.2,0,0
34.29,16,0.1865,32.57,0,0
39.15,7,0.2382,2.32,0,0
20.48,2,0.1132,57.36,0,0
54.5,17,0.399,16.35,0,0
100.24,1,0.6662,3.84,1,0
39.33,7,0.126,12.27,0,0
19.48,0,0.0368,2.45,0,0
41.23,19,0.1007,0.15,0,0
137.51,10,0.221,13.58,0,0
27.89,4,0.379,51.67,0,0
91.84,1,0.179,40.35,0,0
33.8,4,0.2531,0.61,0,0
76.63,5,0.1478,8.32,0,0
23.71,23,0.1056,24.12,0,0
6.58,3,0.3238,9.13,0,0
73.52,9,0.0714,7.39,0,0
22.9,11,0.2457,22.5,0,0
108.68,23,0.1458,7.26,0,0
135.04,2,0.2863,27.42,0,0
88.62,19,0.3174,39.6,0,0
37.87,10,0.2735,28.93,1,0
83.32,5,0.238,8.84,0,0
33.8,2,0.0787,15.25,0,0
65.35,12,0.2959,1.87,0,0
113.75,6,0.1134,26.58,1,0
46.85,9,0.2038,9.9,0,0
131.79,13,0.214,37.28,0,0
174.09,12,0.2235,6.03,1,0
59.92,0,0.0746,24.8,0,0
17.15,9,0.1314,3.09,0,0
32.66,15,0.1457,0.81,1,0
45.95,12,0.1669,5.47,0,0
33.41,4,0.1335,32.45,0,0
55.81,15,0.2793,2.84,0,0
55.85,9,0.2012,12.15,0,0
52.4,6,0.1958,8.14,0,0
172.58,12,0.395,11.52,0,0
54.1,12,0.0735,12.44,0,0
108.77,7,0.1623,8.33,0,0
22.25,9,0.6367,258.48,1,1
56.14,22,0.3168,28.12,0,0
82.57,4,0.0787,43.89,0,0
71.81,17,0.3325,10.28,0,0
70.77,18,0.2521,8.15,1,0
79.42,18,0.0796,10.3,0,0
114.12,0,0.2934,46.95,0,0
61.24,9,0.1012,2.3,0,0
46.0,5,0.1048,6.71,0,0
11.73,4,0.1103,3.4,1,0
48.02,0,0.3061,0.08,0,0
31.0,17,0.0752,26.86,0,0
78.88,5,0.2101,23.5,0,0
27.09,6,0.2834,4.15,0,0
20.52,13,0.1357,0.27,0,0
61.57,11,0.0856,3.86,1,0
41.05,22,0.148,18.52,0,0
41.38,16,0.3278,0.61,0,0
49.39,6,0.5835,1.67,0,0
53.44,18,0.1402,24.73,0,0
82.62,23,0.2432,29.91,0,0
28.22,10,0.3401,20.2,0,0
18.5,3,0.3454,10.25,0,0
42.37,3,0.1194,26.72,0,0
34.07,14,0.1658,0.78,0,0
62.25,8,0.0948,16.78,1,0
26.16,23,0.1581,30.6,0,0
30.78,9,0.2861,15.51,1,0
84.91,17,0.1326,8.09,0,0
60.87,16,0.3874,3.02,0,0
18.64,12,0.1083,5.41,0,0
39.1,9,0.0116,9.31,0,0
93.14,22,0.0874,2.96,0,0
22.29,5,0.0853,83.73,0,0
30.37,0,0.1697,60.87,0,0
23.53,2,0.2861,37.14,1,0
80.78,18,0.2338,6.12,0,0
21.05,16,0.1211,58.0,0,0
9.32,2,0.201,29.87,0,0
38.14,19,0.1841,18.89,0,0
36.81,6,0.0345,11.6,0,0
25.83,17,0.0827,4.57,1,0
145.9,9,0.147,1.24,0,0
53.45,14,0.1394,17.18,0,0
38.55,8,0.5283,22.36,0,0
102.28,4,0.0369,9.33,1,0
27.26,15,0.1728,0.58,0,0
166.28,21,0.4528,7.48,0,0
140.37,5,0.3654,4.61,0,0
102.25,16,0.2307,0.17,0,0
63.21,11,0.2607,3.16,0,0
28.46,16,0.1761,1.57,0,0
24.09,23,0.1925,21.94,0,0
42.47,7,0.3046,26.45,0,0
41.11,9,0.4596,5.24,0,0
24.54,12,0.1771,57.65,0,0
161.3,2,0.11,44.94,0,0
12.07,14,0.0883,7.2,0,0
50.51,5,0.0741,27.21,0,0
58.18,12,0.048,4.07,1,0
146.92,22,0.2738,1.97,0,0
38.26,21,0.2654,8.47,0,0
41.23,20,0.3824,29.66,0,0
139.49,5,0.1581,27.82,1,0
66.08,21,0.1301,6.59,1,0
33.36,6,0.2498,32.15,0,0
33.52,18,0.0406,54.56,0,0
12.41,10,0.2026,12.52,0,0
74.18,1,0.1988,9.39,0,0
64.78,14,0.0616,9.0,0,0
41.81,21,0.0943,33.37,1,0
48.23,22,0.2326,1.15,0,0
54.64,16,0.2046,9.54,0,0
9.17,17,0.2323,3.07,0,0
37.17,18,0.3393,12.81,0,0
21.88,18,0.2553,2.82,0,0
153.39,6,0.4505,22.83,0,0
17.18,23,0.2013,10.53,0,0
23.64,15,0.1838,0.93,0,0
103.51,9,0.2819,0.14,0,0
14.32,13,0.1115,20.04,0,0
19.16,1,0.1398,4.73,0,0
13.0,6,0.1483,5.1,0,0
56.58,13,0.2914,4.34,0,0
16.22,12,0.1653,38.66,0,0
88.77,11,0.1098,18.55,0,0
60.75,8,0.2564,15.44,0,0
21.89,17,0.3159,7.71,0,0
48.32,13,0.0751,8.37,1,0
35.51,18,0.3106,2.58,1,0
25.09,1,0.0173,8.63,0,0
99.61,19,0.107,11.85,0,0
75.84,7,0.3632,11.76,0,0
14.46,14,0.0247,8.95,0,0
24.46,14,0.1407,18.93,0,0
23.68,5,0.1304,13.29,0,0
58.86,22,0.2165,16.84,0,0
35.44,10,0.203,21.22,0,0
34.09,12,0.2426,19.36,0,0
96.04,21,0.1288,2.67,0,0
18.22,22,0.3597,2.17,0,0
65.91,0,0.2315,10.56,1,0
19.38,6,0.2808,2.4,0,0
93.47,2,0.2078,65.8,0,0
108.37,21,0.222,25.8,0,0
24.42,0,0.626,85.23,1,1
90.58,23,0.1778,10.25,0,0
195.32,19,0.0411,0.0,1,0
29.96,21,0.0299,2.93,0,0
47.96,2,0.3727,41.26,0,0
42.29,19,0.1506,22.41,0,0
5.31,7,0.1316,6.1,1,0
21.17,3,0.3236,7.78,0,0
68.99,8,0.2284,4.29,0,0
125.51,3,0.1499,4.37,0,0
40.43,22,0.1585,28.12,0,0
32.14,12,0.4531,7.22,0,0
30.96,11,0.1703,2.58,0,0
35.14,1,0.0956,26.12,0,0
76.27,13,0.2442,1.67,0,0
69.97,9,0.1653,0.39,0,0
63.2,11,0.1997,6.72,0,0
123.29,5,0.0712,7.05,0,0
65.59,21,0.2792,19.4,1,0
36.33,2,0.3177,6.94,0,0
69.51,18,0.2801,40.23,0,0
46.14,15,0.1783,0.31,0,0
109.98,5,0.1292,8.06,0,0
46.72,9,0.2457,63.83,0,0
76.45,19,0.146,16.96,0,0
11.75,17,0.3126,2.8,0,0
50.58,6,0.4704,15.06,0,0
18.06,7,0.088,14.79,0,0
52.42,19,0.1514,0.75,0,0
27.26,9,0.2562,6.16,0,0
46.0,14,0.1626,36.78,0,0
74.94,18,0.3271,11.13,0,0
75.63,10,0.2891,7.15,0,0
17.07,20,0.0398,1.03,0,0
46.72,6,0.167,36.42,0,0
49.56,14,0.1577,9.06,0,0
53.15,0,0.2161,6.41,0,0
47.78,9,0.3783,34.88,0,0
22.89,5,0.1624,14.4,0,0
55.85,5,0.4514,2.09,0,0
80.74,6,0.2507,18.97,0,0
73.71,13,0.2159,14.89,0,0
48.46,20,0.0907,16.45,0,0
14.24,14,0.1574,44.42,0,0
69.51,18,0.2878,20.11,0,0
9.21,20,0.2071,10.52,0,0
37.12,17,0.5377,5.48,1,0
99.03,13,0.1304,3.19,1,0
100.92,21,0.0777,2.26,0,0
48.26,5,0.124,17.02,0,0
43.49,23,0.0885,12.15,0,0
71.04,13,0.1192,11.92,0,0
123.98,19,0.1619,30.24,0,0
25.63,3,0.3634,78.73,0,0
59.88,15,0.3355,9.52,0,0
21.98,1,0.0849,13.89,0,0
35.81,1,0.13,5.67,0,0
500.0,15,0.2443,3.98,0,0
49.34,13,0.3342,7.16,0,0
54.55,1,0.2122,3.79,0,0
49.23,9,0.1789,11.99,0,0
39.23,15,0.1698,35.99,0,0
36.51,18,0.1785,2.9,0,0
17.48,12,0.0496,3.39,0,0
74.09,9,0.3924,17.5,0,0
3.49,8,0.121,6.68,0,0
101.17,14,0.128,9.81,0,0
28.12,8,0.1874,11.57,0,0
17.52,14,0.1478,3.19,0,0
28.25,8,0.1274,1.97,0,0
29.44,15,0.0995,6.47,0,0
12.82,4,0.3374,13.79,0,0
114.58,4,0.1368,32.03,0,0
76.85,18,0.2998,6.05,0,0
25.08,12,0.3203,19.19,0,0
157.11,10,0.1153,19.26,0,0
17.71,22,0.2943,1.77,0,0
52.74,5,0.1361,7.36,0,0
82.09,12,0.0589,24.15,0,0
24.08,12,0.4314,6.0,0,0
62.8,7,0.1386,11.62,0,0
41.86,15,0.0126,17.69,0,0
21.53,2,0.0454,14.52,1,0
65.08,13,0.2277,8.36,0,0
79.15,1,0.2452,0.28,0,0
21.22,18,0.0991,31.11,0,0
24.18,2,0.2923,4.64,1,0
31.1,11,0.1261,7.54,0,0
160.3,15,0.1475,0.55,0,0
18.68,10,0.1859,20.43,0,0
12.38,19,0.3293,2.89,0,0
82.43,4,0.3098,27.23,0,0
16.19,22,0.1018,1.99,1,0
38.64,18,0.0965,13.88,0,0
74.05,17,0.0771,5.81,0,0
76.45,0,0.4853,20.9,0,0
15.02,23,0.0703,5.53,0,0
74.49,9,0.0775,20.2,0,0
35.76,8,0.0441,5.39,0,0
15.71,4,0.4107,0.96,0,0
109.48,3,0.3964,24.3,0,0
29.53,2,0.1991,4.22,0,0
14.2,3,0.1217,9.3,0,0
95.53,18,0.1156,1.01,0,0
48.83,14,0.0661,10.93,0,0
89.16,2,0.2298,3.62,0,0
46.95,16,0.0884,4.07,0,0
92.49,6,0.1351,10.83,0,0
20.31,5,0.1364,18.54,0,0
100.14,3,0.4561,22.54,0,0
35.23,15,0.3107,6.46,0,0
58.27,7,0.3204,15.45,0,0
62.45,4,0.0412,23.47,0,0
57.0,11,0.2341,9.82,0,0
30.57,6,0.3781,2.05,0,0
26.62,15,0.3808,0.31,0,0
170.62,14,0.4954,4.66,0,0
96.33,15,0.0596,1.86,0,0
35.11,16,0.1226,24.31,0,0
57.98,4,0.2412,6.91,0,0
11.39,17,0.4265,0.32,0,0
50.05,23,0.1494,9.92,0,0
82.29,9,0.0242,20.68,0,0
29.24,10,0.1849,14.44,0,0
11.27,6,0.2158,19.74,0,0
45.92,20,0.2693,46.67,0,0
50.88,3,0.2471,38.22,0,0
26.74,23,0.219,4.68,0,0
113.06,7,0.2602,8.19,0,0
49.39,2,0.1041,13.6,0,0
25.79,7,0.2234,11.22,0,0
59.38,19,0.2317,20.47,0,0
9.84,14,0.244,1.44,0,0
65.75,12,0.4346,15.89,1,0
35.69,7,0.0333,1.43,0,0
87.05,14,0.0592,34.46,0,0
56.51,6,0.1062,5.11,0,0
51.02,23,0.1728,0.66,0,0
22.27,8,0.3624,2.53,0,0
21.43,13,0.0847,10.2,0,0
19.27,15,0.0736,57.46,0,0
39.19,20,0.3992,23.51,0,0
201.95,2,0.112,17.51,0,0
10.62,21,0.1038,3.2,0,0
57.72,12,0.4233,10.68,0,0
21.83,11,0.2714,0.47,0,0
27.91,18,0.2258,14.94,0,0
12.26,8,0.0212,12.32,0,0
44.86,4,0.8874,65.21,1,1
58.97,20,0.1344,3.65,1,0
216.19,17,0.2959,19.35,0,0
48.42,19,0.0807,20.03,1,0
360.42,6,0.1013,0.72,1,0
12.42,16,0.1379,2.58,0,0
101.43,4,0.191,1.84,0,0
33.52,18,0.1228,1.24,0,0
37.69,5,0.1015,26.62,0,0
60.28,1,0.3583,6.01,1,0
68.56,20,0.5905,8.56,0,0
79.79,17,0.1589,11.69,0,0
77.33,19,0.1929,26.05,0,0
73.34,10,0.0796,20.91,0,0
157.82,0,0.2762,0.35,1,0
40.79,12,0.0581,4.87,0,0
64.43,20,0.266,27.42,0,0
47.36,18,0.5243,0.31,0,0
16.12,8,0.2007,7.63,1,0
40.97,6,0.1342,11.45,0,0
109.36,9,0.3851,18.34,0,0
70.7,5,0.1157,6.84,0,0
21.16,13,0.1134,5.88,0,0
63.47,23,0.0967,0.9,0,0
74.76,15,0.2045,10.15,1,0
92.78,10,0.1773,15.06,0,0
28.82,0,0.1626,2.42,0,0
14.83,18,0.3583,18.0,0,0
16.5,9,0.292,27.78,0,0
20.36,2,0.0562,0.21,0,0
85.03,8,0.0967,30.48,1,0
17.79,13,0.3032,2.01,0,0
38.67,12,0.1436,5.0,0,0
37.46,5,0.2918,28.72,0,0
15.48,8,0.2308,10.2,0,0
28.22,19,0.1466,1.27,0,0
59.67,14,0.1805,16.5,0,0
66.35,21,0.22,5.81,0,0
36.53,23,0.2624,17.62,0,0
5.35,14,0.1671,13.22,1,0
19.53,4,0.4163,42.17,0,0
48.69,18,0.0564,20.66,1,0
83.81,14,0.2593,9.64,0,0
25.27,21,0.1997,11.75,0,0
36.23,23,0.1644,2.98,0,0
29.29,6,0.0209,65.95,0,0
35.73,5,0.4237,8.7,0,0
29.33,12,0.1014,17.71,0,0
69.31,2,0.0594,14.39,1,0
50.03,10,0.2576,12.81,1,0
20.23,2,0.3244,1.02,0,0
43.91,11,0.3049,18.88,0,0
38.17,7,0.1534,2.96,0,0
28.28,18,0.0932,0.79,0,0
92.6,7,0.2947,8.0,0,0
42.52,23,0.0909,7.9,0,0
27.71,13,0.205,9.4,0,0
78.96,13,0.1513,0.53,1,0
113.21,3,0.0298,4.32,0,0
49.9,13,0.2381,49.64,0,0
59.11,16,0.1432,4.28,0,0
43.67,9,0.2057,13.4,0,0
75.05,3,0.2172,6.61,0,0
45.37,22,0.2475,1.68,0,0
161.31,10,0.3582,7.29,1,1
37.43,2,0.2989,38.5,0,0
72.45,17,0.0951,22.8,0,0
32.43,10,0.1289,34.34,0,0
52.75,13,0.1985,3.31,0,0
17.36,22,0.0774,24.22,1,0
96.29,5,0.121,22.57,0,0
21.49,4,0.0693,35.71,0,0
18.21,14,0.0685,2.71,0,0
168.3,17,0.0487,1.11,0,0
56.2,21,0.0986,4.39,0,0
26.42,22,0.1529,11.0,0,0
10.49,17,0.268,10.53,0,0
84.13,17,0.1381,24.52,0,0
41.11,13,0.1482,6.71,0,0
34.97,19,0.238,5.46,0,0
16.15,16,0.0646,20.4,0,0
54.07,3,0.1782,12.01,0,0
49.02,22,0.3138,3.51,0,0
71.79,1,0.1714,13.42,0,0
58.47,19,0.2413,41.24,0,0
20.34,12,0.1163,2.12,1,0
47.85,10,0.0906,7.58,0,0
20.37,5,0.2345,3.71,0,0
46.54,4,0.4744,18.82,0,0
53.71,4,0.024,11.6,0,0
22.9,2,0.1505,14.38,0,0
26.95,21,0.1745,17.19,0,0
86.26,2,0.3121,26.07,0,0
107.71,9,0.2677,3.0,0,0
9.85,18,0.1478,11.15,0,0
95.79,10,0.2647,49.42,0,0
173.66,16,0.1546,26.79,0,0
55.2,5,0.0877,7.61,0,0
105.06,4,0.1987,9.11,1,0
79.2,18,0.4258,7.59,0,0
84.22,4,0.0468,7.18,0,0
61.35,6,0.2084,32.98,0,0
32.52,21,0.433,5.61,0,0
25.75,20,0.1266,4.75,0,0
71.74,5,0.2553,9.72,1,0
11.91,17,0.2133,16.3,0,0
50.93,8,0.2453,9.26,0,0
86.65,23,0.1448,1.24,0,0
40.07,21,0.0814,20.03,1,0
22.4,14,0.3051,10.71,0,0
57.08,10,0.4226,5.82,0,0
83.43,5,0.2306,1.63,0,0
77.94,17,0.1561,17.2,0,0
22.28,8,0.1779,2.36,0,0
103.64,18,0.1617,10.39,0,0
88.59,6,0.2444,15.55,0,0
17.34,11,0.1569,24.77,0,0
103.67,10,0.0925,32.12,1,0
49.11,6,0.1015,41.15,0,0
18.56,16,0.253,15.48,0,0
27.36,16,0.1009,29.67,0,0
35.34,21,0.354,6.59,0,0
60.3,3,0.0496,12.45,0,0
38.7,5,0.2287,27.97,0,0
237.94,16,0.3732,11.7,1,0
19.49,4,0.2183,5.64,0,0
47.49,2,0.5865,15.2,0,0
86.81,6,0.03,1.26,0,0
96.36,1,0.2121,27.54,0,0
24.49,18,0.4953,17.59,0,0
130.74,8,0.1469,0.38,1,0
42.13,22,0.2694,8.13,0,0
28.59,3,0.2816,41.37,0,0
33.08,17,0.2447,0.89,0,0
69.33,13,0.1554,23.79,0,0
83.53,18,0.2575,12.39,1,0
71.78,5,0.2387,16.69,0,0
33.05,14,0.2088,17.75,0,0
64.94,18,0.0811,21.15,0,0
38.75,3,0.238,28.63,0,0
24.53,2,0.1015,5.75,0,0
86.25,14,0.2048,14.09,0,0
19.52,6,0.1551,0.33,0,0
102.22,7,0.351,21.19,0,0
28.51,20,0.302,5.55,0,0
55.89,8,0.1171,39.53,0,0
152.66,3,0.4222,4.45,1,0
120.98,2,0.3241,18.75,0,0
16.66,16,0.2142,10.36,1,0
53.71,19,0.0769,10.32,0,0
97.88,8,0.0323,43.0,0,0
91.12,22,0.182,24.27,0,0
93.59,0,0.0919,3.17,0,0
22.42,2,0.2052,6.04,0,0
25.78,6,0.2712,8.0,0,0
43.75,8,0.1089,27.59,0,0
33.02,12,0.1497,5.49,1,0
19.88,16,0.0227,17.28,0,0
30.69,19,0.1255,11.22,1,0
22.27,3,0.3016,7.01,0,0
69.02,8,0.1537,15.45,1,0
69.03,16,0.4182,0.96,0,0
56.73,15,0.2261,25.93,0,0
23.94,11,0.1951,4.75,0,0
29.34,11,0.2483,13.32,0,0
17.63,8,0.2063,4.95,0,0
119.85,11,0.0775,10.8,0,0
125.2,16,0.3968,6.31,0,0
12.72,7,0.3863,18.11,0,0
76.07,6,0.5175,5.03,0,0
33.22,0,0.3098,14.83,0,0
103.18,19,0.2112,5.07,1,0
25.96,10,0.0705,19.65,0,0
31.64,12,0.1195,21.21,0,0
38.06,2,0.0998,10.61,0,0
24.19,23,0.1375,21.91,0,0
39.84,17,0.2142,2.59,0,0
30.19,3,0.0837,9.35,1,0
44.5,13,0.0346,12.4,0,0
59.0,17,0.1337,3.1,0,0
34.7,12,0.0722,29.07,0,0
53.58,3,0.1651,14.93,0,0
118.51,1,0.0466,49.49,0,0
92.89,3,0.3533,33.09,0,0
32.14,20,0.1443,1.22,0,0
14.31,0,0.0498,8.27,0,0
62.46,14,0.1484,12.99,0,0
43.78,19,0.3736,9.68,0,0
57.12,5,0.1791,54.16,0,0
42.99,5,0.1595,17.01,0,0
40.23,13,0.3832,4.6,1,0
60.0,9,0.2253,18.25,0,0
72.24,7,0.0983,33.21,0,0
117.54,21,0.1482,6.06,1,0
85.15,8,0.1202,53.04,0,0
42.5,23,0.5265,6.97,0,0
26.7,18,0.0881,11.67,0,0
97.67,7,0.0784,10.9,0,0
27.79,16,0.1928,6.17,0,0
50.95,17,0.2429,15.03,0,0
37.93,7,0.1848,12.77,0,0
57.69,16,0.1001,3.61,0,0
42.83,4,0.287,4.82,0,0
54.46,8,0.1238,42.22,0,0
84.18,11,0.0643,55.44,0,0
23.94,5,0.2042,9.95,0,0
54.42,18,0.1296,57.02,0,0
8.45,3,0.3455,11.8,0,0
69.9,21,0.1846,24.87,0,0
67.27,16,0.2192,2.33,0,0
131.42,13,0.2637,57.05,0,0
17.47,7,0.1103,11.23,1,0
61.28,17,0.1283,4.53,0,0
48.63,9,0.3102,12.78,0,0
42.82,12,0.087,8.17,0,0
10.35,20,0.2651,27.31,0,0
21.01,22,0.1569,2.11,0,0
60.08,3,0.0448,0.16,1,0
66.88,8,0.4848,4.11,0,0
20.35,3,0.0327,1.32,0,0
9.42,16,0.0382,1.14,0,0
35.8,19,0.1379,3.78,0,0
33.53,0,0.0656,10.3,0,0
80.62,17,0.1308,3.33,0,0
68.7,8,0.1771,40.59,0,0
38.28,16,0.0675,7.04,0,0
36.93,17,0.0573,3.36,0,0
115.72,19,0.0894,24.35,1,0
48.17,23,0.0693,18.36,0,0
81.17,14,0.2137,31.94,0,0
36.14,20,0.2888,1.13,0,0
117.77,7,0.4902,8.71,0,0
88.45,13,0.2232,24.04,0,0
53.64,0,0.387,10.98,1,0
53.8,8,0.0728,4.55,0,0
46.24,14,0.1831,18.87,0,0
78.99,1,0.1507,4.15,0,0
52.32,16,0.24,3.18,0,0
137.55,21,0.1903,3.64,0,0
50.78,0,0.1305,19.57,0,0
42.86,18,0.1249,5.4,0,0
50.86,7,0.212,13.23,0,0
34.08,22,0.2419,36.84,0,0
179.64,0,0.1827,15.44,0,0
37.63,21,0.0533,1.31,0,0
62.15,16,0.1552,10.39,0,0
41.6,22,0.4299,0.06,1,0
122.74,8,0.0408,1.55,0,0
174.08,15,0.1764,0.31,0,0
31.48,0,0.0665,2.52,0,0
81.3,17,0.2072,13.33,0,0
141.84,19,0.264,6.32,0,0
73.93,22,0.1764,3.42,0,0
27.91,4,0.0208,3.77,0,0
15.14,11,0.3538,34.59,0,0
60.83,8,0.2445,2.52,1,0
30.88,3,0.0385,10.48,0,0
127.6,13,0.1732,41.28,0,0
75.36,16,0.1337,1.19,1,0
68.15,17,0.1793,10.76,0,0
89.53,21,0.2582,14.22,0,0
15.7,12,0.3331,1.68,0,0
18.41,11,0.2107,0.61,0,0
77.63,20,0.0792,3.15,0,0
37.25,0,0.1501,15.91,0,0
31.06,20,0.0856,16.35,0,0
109.77,7,0.2729,2.12,0,0
289.21,12,0.1578,0.72,0,0
31.03,10,0.1888,12.94,0,0
42.68,23,0.1435,12.52,0,0
168.36,22,0.6695,4.67,1,0
22.18,6,0.1691,3.41,0,0
37.11,8,0.103,26.4,0,0
37.28,20,0.2945,5.48,0,0
29.09,16,0.1756,6.69,0,0
49.11,2,0.08,1.99,0,0
30.95,18,0.3677,6.29,0,0
55.41,5,0.0619,34.26,0,0
13.55,16,0.0183,98.91,0,0
26.89,3,0.3129,37.36,0,0
16.49,13,0.0993,7.44,0,0
89.44,21,0.1416,13.42,1,0
34.28,19,0.0719,7.62,0,0
42.13,5,0.0185,19.85,0,0
29.45,16,0.0946,17.46,0,0
142.55,3,0.3026,2.9,0,0
23.98,17,0.0855,44.86,0,0
48.3,22,0.0145,11.12,1,0
16.32,12,0.3749,25.63,0,0
22.93,1,0.2077,22.84,0,0
46.77,4,0.3442,7.11,0,0
16.92,21,0.2568,6.09,0,0
52.4,19,0.1839,27.6,0,0
46.87,20,0.0285,14.32,0,0
49.24,18,0.3313,3.16,0,0
43.62,6,0.1563,3.59,0,0
51.04,14,0.1705,0.34,0,0
48.37,14,0.1763,14.26,0,0
58.78,7,0.1404,21.35,0,0
28.24,12,0.1209,4.61,0,0
46.63,6,0.1395,6.97,1,0
97.32,14,0.3718,39.71,0,0
173.02,15,0.1426,0.88,0,0
52.17,1,0.317,38.53,0,0
20.5,6,0.2703,31.46,0,0
47.1,19,0.1245,1.05,0,0
22.84,8,0.3254,1.22,1,0
28.57,16,0.1474,12.39,0,0
40.59,12,0.1219,1.16,0,0
35.86,13,0.0761,11.01,0,0
43.93,7,0.4033,45.81,0,0
67.96,23,0.3048,21.1,0,0
53.74,22,0.0654,5.66,0,0
106.25,7,0.0409,17.37,0,0
120.06,9,0.1798,5.79,0,0
16.65,16,0.3061,42.95,0,0
57.37,5,0.4327,42.35,0,0
55.98,10,0.0977,42.27,0,0
78.84,16,0.147,4.45,0,0
38.1,5,0.1314,18.91,0,0
103.17,5,0.1565,9.37,0,0
35.23,7,0.097,23.5,0,0
71.75,11,0.1045,7.11,0,0
116.59,14,0.4008,1.16,0,0
27.01,3,0.2107,2.79,0,0
22.57,10,0.1049,12.2,0,0
25.63,14,0.3192,11.69,0,0
201.64,5,0.212,32.54,1,0
31.24,22,0.2417,4.6,0,0
28.87,10,0.2353,11.93,0,0
57.63,19,0.0494,8.96,0,0
27.03,16,0.0529,37.07,0,0
14.04,6,0.2381,0.02,0,0
105.18,9,0.2476,10.8,0,0
16.54,15,0.1522,23.34,0,0
32.69,21,0.2321,57.3,0,0
105.22,14,0.2602,17.41,0,0
86.16,13,0.4564,1.52,0,0
32.56,11,0.4103,7.1,0,0
172.3,21,0.0581,2.34,0,0
121.96,0,0.1033,15.36,0,0
62.43,20,0.0594,7.93,0,0
41.03,7,0.0897,8.25,0,0
68.42,3,0.2143,16.37,0,0
73.88,6,0.1268,3.75,0,0
26.78,6,0.0874,6.93,0,0
42.09,15,0.1367,10.19,0,0
38.36,7,0.1939,16.0,0,0
53.55,20,0.1749,9.99,0,0
86.15,4,0.2457,3.14,0,0
42.01,19,0.1841,12.34,0,0
42.41,23,0.2131,3.86,0,0
36.92,2,0.09,31.28,0,0
105.34,14,0.2517,1.73,1,0
35.59,12,0.0944,7.5,0,0
79.07,21,0.2206,14.23,0,0
117.58,19,0.1569,7.22,0,0
25.88,1,0.095,12.16,1,0
80.66,23,0.2057,36.98,0,0
25.72,10,0.2215,8.58,0,0
89.19,11,0.2954,17.27,1,0
48.71,4,0.1593,52.63,0,0
40.48,10,0.2432,46.63,0,0
21.12,18,0.0972,1.1,0,0
166.83,8,0.4421,34.97,1,0
20.71,8,0.1223,13.37,0,0
23.56,13,0.4505,51.2,0,0
48.4,10,0.2432,15.05,0,0
23.2,8,0.3121,0.2,0,0
45.88,15,0.2569,5.2,0,0
43.83,20,0.3903,21.68,0,0
69.43,18,0.0752,13.53,0,0
17.18,15,0.095,0.55,0,0
60.81,23,0.2244,9.67,0,0
22.3,6,0.1703,4.06,0,0
39.75,10,0.1048,2.66,0,0
66.23,6,0.2332,26.51,0,0
95.51,3,0.2778,35.07,0,0
175.13,7,0.2289,16.34,0,0
78.6,15,0.272,15.54,0,0
184.22,0,0.1187,1.29,0,0
15.42,12,0.1763,43.58,0,0
23.89,3,0.0549,1.81,0,0
59.41,22,0.1447,4.31,0,0
108.61,8,0.1385,2.81,0,0
27.59,8,0.2194,9.03,0,0
121.19,16,0.4206,7.69,0,0
36.03,19,0.0509,50.23,0,0
101.92,0,0.015,21.39,0,0
176.02,11,0.2204,20.08,0,0
17.7,2,0.5408,9.89,0,0
35.79,4,0.1262,26.17,0,0
47.61,19,0.1145,44.24,0,0
52.29,1,0.3799,4.08,0,0
49.27,8,0.0761,23.54,0,0
19.65,19,0.0335,2.8,0,0
22.58,22,0.2149,10.19,1,0
74.95,2,0.0777,31.78,0,0
19.93,21,0.2021,35.09,0,0
16.63,19,0.2945,31.24,0,0
154.35,19,0.1231,1.49,1,0
78.73,6,0.171,2.34,0,0
68.92,18,0.1031,29.65,1,0
28.84,22,0.2983,13.49,0,0
63.3,5,0.0898,11.52,0,0
37.48,11,0.1572,6.1,0,0
38.52,12,0.0825,2.46,1,0
113.62,9,0.2733,0.47,0,0
16.62,19,0.2885,5.52,0,0
252.18,0,0.0413,13.1,0,0
6.25,18,0.2394,4.2,0,0
26.35,0,0.1687,11.3,0,0
27.11,16,0.0722,3.12,0,0
34.35,9,0.0681,2.16,0,0
41.13,2,0.0571,17.12,1,0
98.16,7,0.1227,8.32,0,0
132.26,4,0.1023,1.44,0,0
35.73,8,0.2127,13.08,0,0
29.61,8,0.0837,1.76,0,0
84.11,18,0.1151,5.31,0,0
48.35,7,0.1511,7.53,0,0
40.18,13,0.1516,19.18,0,0
36.18,23,0.2264,19.38,0,0
48.98,2,0.0786,12.9,1,0
17.78,16,0.0754,8.46,0,0
30.9,8,0.6283,0.33,0,0
11.03,15,0.107,30.23,0,0
52.36,0,0.235,19.96,0,0
10.71,1,0.0592,7.2,0,0
23.75,6,0.1723,30.6,0,0
91.39,14,0.1914,5.87,0,0
24.81,23,0.2532,6.18,0,0
92.28,7,0.0676,4.25,1,0
22.65,11,0.1935,19.04,0,0
12.35,2,0.2811,16.56,0,0
19.82,4,0.391,14.38,1,0
101.18,4,0.2762,10.39,0,0
78.89,7,0.2008,7.43,0,0
56.93,0,0.2581,8.93,0,0
57.5,10,0.181,0.53,0,0
73.99,0,0.2007,18.06,0,0
32.38,6,0.4222,7.7,0,0
32.58,18,0.1307,0.82,0,0
89.33,20,0.0803,14.46,0,0
21.44,11,0.2994,11.91,0,0
26.4,4,0.3058,8.5,0,0
19.72,18,0.178,5.72,0,0
141.24,2,0.1832,26.57,0,0
50.32,18,0.2256,11.83,0,0
111.69,15,0.0599,2.19,0,0
235.94,17,0.2741,4.52,0,0
43.57,17,0.3079,7.88,0,0
17.63,4,0.2798,37.21,0,0
100.82,18,0.1741,25.78,0,0
172.56,14,0.107,0.61,0,0
82.47,11,0.2576,18.8,0,0
44.05,17,0.1752,10.58,0,0
25.12,5,0.3772,12.41,0,0
101.1,10,0.1551,24.89,0,0
79.53,17,0.1911,2.29,0,0
80.51,3,0.0091,35.57,0,0
37.16,16,0.1581,13.98,0,0
13.29,22,0.1256,30.46,0,0
31.04,1,0.2368,2.98,0,0
94.11,1,0.5838,9.98,0,0
53.56,22,0.0949,16.11,0,0
32.91,17,0.0672,4.62,0,0
35.73,15,0.1697,6.56,0,0
38.35,12,0.2002,15.91,1,0
41.61,21,0.2071,2.69,1,0
98.24,5,0.2979,8.55,0,0
38.73,15,0.3407,10.72,0,0
35.84,15,0.1061,26.81,0,0
83.46,23,0.364,17.96,0,0
37.85,0,0.0555,36.2,0,0
9.51,20,0.225,8.93,0,0
39.97,3,0.228,18.75,1,0
37.67,19,0.1193,7.71,0,0
21.39,2,0.4087,41.06,0,0
44.89,23,0.2098,0.2,0,0
33.79,10,0.6099,12.54,0,0
71.02,10,0.0546,5.28,0,0
52.36,14,0.1564,2.5,0,0
103.12,14,0.2448,4.11,0,0
89.84,12,0.0572,2.34,0,0
87.99,9,0.1227,21.17,0,0
20.83,10,0.2014,7.35,0,0
42.24,23,0.0609,1.21,0,0
34.05,11,0.3772,3.65,0,0
45.63,17,0.3252,17.97,0,0
61.19,14,0.4043,3.83,0,0
153.21,1,0.0861,0.55,0,0
50.65,22,0.135,2.96,0,0
50.3,10,0.1545,7.64,0,0
41.34,10,0.1128,32.2,0,0
44.49,20,0.2836,15.77,0,0
37.0,19,0.218,6.14,0,0
32.87,7,0.4555,16.31,0,0
29.13,9,0.1025,3.15,0,0
87.61,7,0.2882,8.16,0,0
56.4,3,0.0467,38.31,0,0
27.78,3,0.2527,13.85,0,0
45.71,3,0.3575,47.99,0,0
34.5,0,0.1426,0.58,1,0
98.43,1,0.3394,12.95,0,0
43.14,6,0.2429,6.69,0,0
83.7,20,0.3151,0.07,0,0
23.55,6,0.1005,2.57,0,0
22.64,14,0.1322,23.04,0,0
84.22,11,0.2197,30.72,0,0
30.42,3,0.0787,30.43,0,0
127.67,6,0.2796,5.64,0,0
28.14,12,0.4109,72.03,0,0
89.54,4,0.2462,31.74,0,0
17.51,23,0.3655,5.93,0,0
16.11,19,0.4665,41.62,0,0
18.04,17,0.2475,1.13,0,0
13.95,2,0.1016,42.36,0,0
47.85,11,0.2193,1.86,0,0
15.64,22,0.1427,1.96,0,0
13.41,11,0.2203,2.03,0,0
225.14,21,0.2302,6.19,0,0
70.33,3,0.2147,21.26,0,0
13.63,2,0.4138,20.9,0,0
81.05,2,0.1279,4.99,0,0
35.17,1,0.2551,4.01,0,0
80.14,3,0.0048,11.46,0,0
21.92,23,0.2757,17.76,0,0
25.9,0,0.1252,7.96,0,0
24.75,0,0.1146,0.42,0,0
36.15,5,0.0789,4.77,1,0
26.51,8,0.2253,8.94,0,0
24.33,11,0.4162,16.79,0,0
24.99,10,0.2432,52.99,0,0
13.39,9,0.083,21.16,1,0
66.94,20,0.0821,48.43,0,0
21.27,7,0.1287,21.76,0,0
114.99,14,0.2539,17.56,1,0
12.67,17,0.1598,13.58,0,0
85.18,20,0.0928,19.9,0,0
56.13,0,0.2705,15.79,1,0
44.51,19,0.2345,5.4,0,0
18.94,20,0.164,6.1,0,0
111.46,18,0.4054,9.76,0,0
44.4,12,0.0972,2.51,0,0
29.53,10,0.2189,1.09,0,0
25.37,15,0.2082,30.4,0,0
110.89,8,0.2252,14.17,0,0
68.78,14,0.3811,1.9,0,0
200.64,5,0.7266,61.37,1,1
70.18,14,0.0031,25.35,0,0
40.25,16,0.0782,18.3,0,0
55.13,15,0.1535,20.58,0,0
37.88,11,0.0645,14.45,0,0
25.27,9,0.3059,26.31,0,0
41.17,11,0.0882,10.94,0,0
52.99,22,0.0885,6.95,0,0
15.78,1,0.1506,1.99,0,0
29.28,22,0.1848,0.67,0,0
94.06,19,0.0673,3.95,0,0
39.9,5,0.1253,11.16,1,0
36.93,8,0.0816,0.05,0,0
69.41,21,0.077,0.68,1,0
40.66,19,0.1707,31.14,0,0
55.61,9,0.1196,43.74,1,0
42.41,23,0.0983,45.27,0,0
36.79,8,0.1468,1.49,0,0
108.77,12,0.2405,25.55,0,0
27.35,0,0.0059,3.44,0,0
26.79,4,0.2151,26.91,1,0
111.21,2,0.0945,22.8,0,0
43.43,8,0.2455,11.44,0,0
16.41,4,0.1789,34.09,0,0
48.94,20,0.3339,6.27,0,0
27.72,22,0.2269,11.88,0,0
26.16,3,0.3853,31.02,0,0
40.18,23,0.1523,45.02,0,0
36.56,2,0.1698,7.49,0,0
57.63,12,0.0748,25.45,0,0
27.55,18,0.3727,10.88,0,0
63.41,10,0.1823,16.54,0,0
170.36,6,0.1196,7.8,0,0
141.99,20,0.1674,1.93,0,0
83.24,2,0.1119,0.53,0,0
86.8,10,0.1269,2.72,0,0
27.39,5,0.3468,1.56,0,0
24.13,8,0.1937,8.47,1,0
25.78,10,0.1334,0.99,1,0
12.55,1,0.1331,16.84,0,0
39.71,0,0.1626,9.48,0,0
83.71,8,0.1069,34.39,0,0
63.97,9,0.1373,33.11,1,0
71.27,3,0.2161,4.45,1,0
57.4,15,0.1845,32.41,0,0
47.95,0,0.3764,1.99,0,0
36.85,20,0.2146,5.85,1,0
19.64,7,0.0745,5.44,0,0
70.93,15,0.136,5.3,0,0
169.07,15,0.5826,41.82,0,0
17.31,9,0.3094,3.94,0,0
113.91,14,0.1779,34.06,0,0
38.61,4,0.2762,20.26,0,0
70.9,15,0.5057,44.75,0,0
82.83,13,0.1722,22.66,0,0
28.54,23,0.2748,33.38,0,0
56.21,18,0.3248,4.01,0,0
126.81,21,0.1746,23.8,0,0
83.73,7,0.1208,36.48,0,0
51.24,22,0.1679,0.22,0,0
24.24,0,0.412,14.56,0,0
75.87,13,0.1864,7.8,0,0
140.51,3,0.2054,17.14,0,0
25.35,7,0.1845,4.19,0,0
145.31,18,0.2197,12.69,0,0
77.27,14,0.1916,6.36,0,0
33.67,17,0.2177,30.9,0,0
25.21,23,0.3201,15.39,0,0
60.14,21,0.0347,18.75,0,0
63.92,18,0.3899,25.53,0,0
69.04,5,0.1059,32.17,0,0
30.51,9,0.2812,16.95,0,0
20.13,19,0.1855,1.23,1,0
42.77,23,0.2179,0.93,0,0
24.28,12,0.1444,21.47,0,0
24.9,20,0.0959,16.4,0,0
83.92,18,0.2966,33.3,0,0
103.63,11,0.0587,3.61,0,0
51.22,16,0.1927,19.82,0,0
25.74,5,0.118,43.5,0,0
34.29,4,0.0255,2.58,0,0
25.75,0,0.0321,30.34,0,0
99.5,13,0.2992,1.32,0,0
30.22,4,0.3274,9.01,0,0
38.36,5,0.3495,7.83,0,0
34.0,4,0.124,7.44,0,0
29.8,14,0.1679,27.29,0,0
113.85,18,0.1456,6.87,1,0
37.03,21,0.5541,15.88,0,0
18.8,3,0.1408,14.99,0,0
83.33,8,0.0341,35.1,0,0
97.53,14,0.1345,8.96,0,0
43.95,17,0.2168,29.51,0,0
43.01,12,0.0784,48.02,0,0
38.52,16,0.2388,0.91,0,0
66.86,8,0.2087,40.13,0,0
21.43,10,0.183,13.93,1,0
59.85,16,0.271,4.89,1,0
59.11,0,0.1452,7.39,0,0
45.2,6,0.5253,7.36,1,0
32.93,21,0.1857,14.09,0,0
17.89,14,0.1416,5.15,0,0
78.58,11,0.1443,7.2,0,0
87.5,16,0.0362,2.84,0,0
38.77,21,0.1327,32.51,0,0
106.26,9,0.1026,2.75,1,0
78.11,4,0.1114,2.41,0,0
26.46,6,0.0834,8.39,0,0
32.98,10,0.1869,0.44,0,0
70.5,3,0.2185,12.12,0,0
66.25,4,0.0813,11.13,0,0
25.15,5,0.2354,5.14,0,0
109.4,17,0.09,36.66,0,0
28.56,13,0.1154,15.89,0,0
65.06,3,0.1049,4.34,1,0
60.74,9,0.1339,0.67,0,0
26.64,17,0.0161,11.36,0,0
44.7,22,0.0453,1.73,0,0
30.12,16,0.1265,6.64,0,0
44.41,23,0.4309,2.67,0,0
64.44,0,0.1477,1.47,0,0
164.34,10,0.092,4.98,0,0
32.14,5,0.4158,21.98,0,0
39.62,1,0.2155,1.38,0,0
84.26,23,0.0941,35.17,1,0
105.06,12,0.0034,25.82,0,0
30.22,8,0.2444,23.68,1,0
58.25,18,0.1324,17.96,0,0
70.9,7,0.2938,6.01,0,0
34.58,18,0.0561,8.57,0,0
77.79,12,0.0557,10.55,0,0
57.72,19,0.187,20.13,0,0
43.28,10,0.239,19.9,0,0
21.47,0,0.2615,1.95,0,0
37.17,8,0.0441,19.76,0,0
24.35,2,0.1962,6.38,0,0
33.63,22,0.288,0.52,1,0
14.68,11,0.0759,4.17,0,0
67.69,16,0.1311,27.52,0,0
48.02,14,0.1504,9.27,0,0
10.6,12,0.2994,8.04,0,0
13.15,8,0.27,0.96,0,0
61.77,20,0.1097,38.81,0,0
12.77,11,0.0407,6.09,0,0
41.74,5,0.2117,6.22,0,0
38.5,8,0.061,3.66,0,0
17.53,12,0.0817,37.43,0,0
28.99,23,0.1062,3.82,0,0
70.11,10,0.3852,6.8,0,0
51.34,0,0.0508,16.21,0,0
52.98,3,0.3386,29.55,0,0
24.99,11,0.38,8.51,0,0
78.63,7,0.0779,30.21,1,0
8.33,9,0.0251,27.23,1,0
38.56,20,0.1292,5.74,0,0
55.79,0,0.0359,17.61,1,0
103.06,11,0.2622,12.86,0,0
46.62,10,0.1712,24.02,1,0
31.19,18,0.0882,18.4,0,0
36.82,21,0.3222,4.63,1,0
30.36,18,0.05,1.21,0,0
23.27,22,0.0216,1.52,0,0
60.11,13,0.1958,23.59,0,0
20.54,2,0.3971,13.18,0,0
39.49,19,0.135,7.3,0,0
36.91,16,0.1918,21.62,0,0
40.09,23,0.1082,22.85,0,0
7.32,20,0.3846,27.93,0,0
28.02,14,0.2328,11.73,1,0
41.38,10,0.2809,13.23,1,0
27.97,16,0.2135,2.79,0,0
38.06,5,0.3217,3.39,0,0
23.82,1,0.6422,0.01,0,0
170.54,9,0.2172,12.44,0,0
15.98,16,0.1191,8.26,0,0
25.67,1,0.1243,5.81,1,0
25.43,11,0.0629,4.68,1,0
56.82,17,0.3226,2.74,0,0
15.34,6,0.0488,10.27,0,0
34.44,23,0.0815,0.0,1,0
17.39,11,0.3149,29.66,0,0
51.81,23,0.0369,8.5,0,0
15.12,6,0.5469,14.41,0,0
71.66,21,0.2788,6.02,0,0
17.0,1,0.114,9.58,0,0
70.49,21,0.122,5.62,0,0
75.92,12,0.1798,21.7,0,0
53.12,13,0.1559,9.49,0,0
27.79,5,0.1855,13.94,0,0
34.74,12,0.3239,1.84,0,0
44.64,5,0.0907,19.73,0,0
14.23,1,0.0808,7.77,1,0
38.87,13,0.0185,17.15,0,0
50.88,2,0.2227,7.36,0,0
26.34,9,0.0314,1.87,0,0
60.66,9,0.1422,18.77,1,0
24.61,19,0.1275,12.44,0,0
50.69,11,0.3024,2.58,0,0
24.89,1,0.0995,37.82,0,0
40.93,4,0.0296,0.76,0,0
147.15,4,0.1532,38.72,0,0
41.44,10,0.1581,9.64,0,0
46.76,2,0.2345,12.0,1,0
64.07,21,0.2391,13.76,0,0
46.74,16,0.0899,2.16,0,0
92.63,10,0.2592,4.84,0,0
40.14,19,0.0172,13.9,0,0
106.2,8,0.0453,26.27,0,0
82.98,18,0.2099,4.29,0,0
61.79,3,0.1446,0.16,0,0
92.51,1,0.2545,1.17,0,0
59.81,14,0.2017,1.48,0,0
45.92,9,0.3859,2.81,0,0
60.82,17,0.2203,7.71,0,0
46.46,13,0.052,0.4,0,0
32.13,1,0.0574,21.39,0,0
20.07,23,0.0887,17.66,0,0
23.62,6,0.142,0.74,0,0
17.17,10,0.3158,17.27,0,0
68.17,14,0.1454,12.17,0,0
11.61,12,0.1241,15.66,0,0
168.51,6,0.2685,26.23,0,0
15.4,9,0.3076,6.97,0,0
17.58,10,0.3147,5.14,0,0
30.98,20,0.3491,16.91,1,0
45.6,20,0.477,50.25,0,0
81.24,23,0.1546,11.79,0,0
49.48,22,0.4733,17.62,0,0
102.22,3,0.2903,8.76,0,0
82.99,15,0.1045,2.0,1,0
45.65,7,0.09,13.5,0,0
88.72,22,0.2577,11.34,0,0
21.01,21,0.2405,7.58,1,0
16.81,2,0.1097,1.78,1,0
19.96,23,0.0658,4.66,0,0
27.2,5,0.2968,4.24,0,0
14.15,3,0.074,8.89,0,0
31.24,23,0.0845,43.14,0,0
130.79,6,0.4546,1.67,0,0
55.37,1,0.3091,27.08,0,0
32.4,23,0.1107,2.54,0,0
27.64,11,0.0759,18.03,1,0
28.1,9,0.2809,41.32,0,0
40.6,14,0.0472,8.11,0,0
56.91,3,0.2737,1.61,0,0
133.81,7,0.402,1.53,0,0
18.02,20,0.3814,5.02,0,0
12.38,14,0.0346,9.89,1,0
54.11,3,0.2916,3.49,0,0
29.94,21,0.158,3.44,0,0
100.17,12,0.2386,16.32,0,0
18.32,14,0.358,3.3,0,0
18.9,7,0.2312,18.16,1,0
37.91,3,0.2873,2.75,0,0
21.98,3,0.1194,14.2,0,0
192.34,16,0.237,43.65,0,0
22.86,4,0.1914,10.05,0,0
39.51,0,0.18,16.05,0,0
73.85,5,0.1027,4.61,0,0
53.42,1,0.1107,6.34,0,0
11.31,22,0.1579,4.97,0,0
46.46,11,0.4175,21.56,0,0
30.22,7,0.1676,5.15,0,0
73.86,7,0.1615,0.72,0,0
49.42,22,0.1378,18.15,0,0
73.42,21,0.0123,8.6,0,0
67.05,5,0.2631,21.83,0,0
56.92,16,0.1299,4.92,0,0
41.9,8,0.0508,1.64,0,0
13.92,12,0.2724,45.27,1,0
39.69,22,0.0116,21.86,0,0
47.05,6,0.2972,2.27,0,0
101.98,12,0.2798,18.28,0,0
92.28,5,0.1167,0.1,1,0
60.89,8,0.1242,10.08,1,0
65.66,20,0.1293,3.56,0,0
172.88,22,0.3969,5.71,0,0
27.55,7,0.1098,7.9,0,0
44.6,17,0.0978,1.0,0,0
39.07,7,0.3954,27.21,0,0
57.06,2,0.0697,0.34,1,0
17.76,12,0.1925,6.68,0,0
111.96,20,0.309,1.23,0,0
38.69,2,0.155,17.3,0,0
123.04,16,0.1766,0.82,0,0
22.12,22,0.2113,4.34,0,0
20.38,14,0.1333,10.12,0,0
54.28,13,0.2039,2.05,0,0
31.88,7,0.0927,23.35,0,0
19.5,9,0.2278,23.03,0,0
87.03,17,0.0576,3.22,0,0
38.45,3,0.2974,16.67,0,0
72.28,8,0.0662,10.96,0,0
52.21,18,0.0696,4.92,0,0
41.56,2,0.2212,8.82,0,0
20.58,23,0.1815,28.24,0,0
37.46,14,0.0758,9.15,0,0
122.21,13,0.3552,12.57,0,0
83.95,11,0.1671,8.98,0,0
26.56,7,0.087,17.25,0,0
45.42,3,0.2461,11.94,0,0
49.35,0,0.2876,5.24,0,0
52.77,20,0.1304,0.82,0,0
51.32,9,0.1902,3.89,0,0
38.54,23,0.2247,3.11,0,0
69.55,15,0.1102,57.81,0,0
32.84,11,0.1833,3.82,0,0
43.54,12,0.171,3.57,0,0
19.72,15,0.0611,31.71,0,0
55.63,9,0.203,33.24,0,0
21.63,15,0.1957,30.87,0,0
23.7,13,0.2406,5.2,0,0
43.37,14,0.4095,53.13,0,0
90.13,0,0.2608,6.37,0,0
40.02,17,0.1217,5.09,0,0
232.2,10,0.1213,14.59,0,0
55.11,22,0.1818,25.7,0,0
61.74,6,0.14,11.86,0,0
51.1,18,0.1584,3.5,1,0
74.02,7,0.2362,2.52,0,0
38.27,21,0.3293,60.28,1,0
14.14,3,0.3346,6.21,0,0
101.7,18,0.2781,15.24,0,0
39.38,19,0.1422,21.82,0,0
42.19,2,0.1518,24.74,0,0
10.51,9,0.0735,38.89,0,0
23.6,16,0.2552,27.87,0,0
96.72,9,0.1376,26.65,0,0
80.16,13,0.2394,14.73,0,0
160.61,8,0.3551,7.54,0,0
111.44,5,0.1253,2.06,1,0
29.42,17,0.029,24.22,0,0
24.77,12,0.1699,2.27,0,0
45.01,0,0.1469,13.82,0,0
43.56,3,0.0892,0.92,0,0
155.52,1,0.1698,5.33,0,0
16.91,16,0.2065,9.78,0,0
30.96,3,0.0869,11.51,0,0
42.44,1,0.1523,5.25,0,0
59.55,14,0.17,17.6,1,0
34.43,17,0.2946,9.49,0,0
84.1,20,0.3694,15.23,0,0
31.57,17,0.0848,12.45,1,0
26.37,4,0.1833,45.4,0,0
27.1,5,0.0714,18.47,0,0
97.38,5,0.2442,16.92,0,0
51.42,23,0.1419,6.26,0,0
53.18,21,0.1793,0.92,0,0
107.75,8,0.1564,23.71,0,0
77.01,2,0.0343,10.19,1,0
28.61,20,0.089,7.37,0,0
80.34,7,0.2067,4.76,0,0
23.93,2,0.1272,7.03,0,0
101.03,14,0.0942,7.16,0,0
103.08,4,0.2458,38.97,0,0
20.22,21,0.2486,31.17,1,0
19.57,13,0.4194,10.09,0,0
35.5,16,0.2281,4.93,0,0
46.35,16,0.0874,2.62,0,0
41.92,10,0.1236,32.09,0,0
13.0,22,0.3797,2.73,0,0
30.57,22,0.1744,19.18,0,0
68.65,10,0.329,30.3,0,0
24.01,3,0.1652,12.58,0,0
113.08,7,0.2814,14.48,0,0
60.6,3,0.3371,7.51,0,0
58.87,13,0.0551,15.24,0,0
109.12,4,0.0305,0.21,0,0
61.46,19,0.0325,8.48,0,0
16.19,1,0.2898,5.77,0,0
18.02,19,0.2644,3.27,0,0
114.1,15,0.2521,15.52,0,0
96.37,18,0.2163,17.31,0,0
38.35,20,0.3257,19.86,1,0
68.78,8,0.183,18.64,0,0
22.91,19,0.0905,5.47,0,0
16.51,20,0.1509,5.5,0,0
162.32,19,0.1405,20.49,0,0
81.47,12,0.1718,29.86,0,0
14.47,21,0.0471,4.25,0,0
70.34,5,0.3421,2.21,0,0
87.64,0,0.2035,2.98,0,0
20.89,2,0.3518,5.82,0,0
26.8,21,0.3663,15.13,0,0
128.96,15,0.0428,1.48,1,0
16.53,14,0.0776,9.83,0,0
85.03,0,0.0622,8.29,0,0
19.19,8,0.2321,0.63,1,0
72.21,9,0.1713,30.05,1,0
43.97,8,0.258,8.94,0,0
17.58,3,0.0911,2.57,0,0
10.04,6,0.3002,32.36,0,0
342.45,13,0.2451,8.44,0,0
80.53,8,0.1407,39.95,0,0
85.41,18,0.2924,45.66,0,0
45.73,16,0.1081,3.35,0,0
43.38,6,0.4646,17.88,0,0
65.47,7,0.1765,40.02,1,0
42.64,15,0.1749,37.73,0,0
28.91,13,0.2517,58.75,0,0
27.06,5,0.0784,41.53,0,0
22.49,14,0.0348,12.49,0,0
26.4,17,0.199,10.44,0,0
37.07,21,0.1594,14.65,0,0
40.52,18,0.0997,5.65,1,0
158.85,23,0.2933,0.25,0,0
265.37,6,0.0406,1.36,1,0
51.98,1,0.1139,10.36,0,0
69.07,4,0.4158,21.25,0,0
98.19,9,0.1251,1.29,0,0
61.31,15,0.1514,29.5,1,0
21.88,13,0.2547,16.44,0,0
66.54,16,0.0879,17.65,0,0
72.47,16,0.0925,26.0,0,0
27.87,6,0.1066,3.76,1,0
57.26,15,0.0159,45.19,1,0
16.96,11,0.314,30.7,0,0
44.43,19,0.1751,1.51,0,0
13.97,20,0.2218,0.53,0,0
72.12,2,0.1946,4.73,0,0
42.51,5,0.0927,42.19,0,0
19.75,8,0.1722,0.05,0,0
37.07,6,0.1789,3.94,1,0
193.48,21,0.239,0.76,0,0
30.17,8,0.1729,8.5,0,0
27.11,12,0.366,33.17,0,0
151.12,23,0.3279,3.03,0,0
32.37,13,0.1616,3.67,0,0
42.68,12,0.4384,19.84,0,0
209.63,14,0.1381,20.63,0,0
69.91,21,0.0277,19.22,1,0
85.55,12,0.2366,33.71,0,0
58.78,11,0.0994,20.85,0,0
26.84,21,0.225,8.01,0,0
62.37,13,0.0796,9.92,0,0
51.7,0,0.0911,9.44,0,0
54.61,23,0.883,258.4,1,1
46.84,20,0.1932,4.05,0,0
150.84,19,0.2309,3.23,0,0
12.45,3,0.0986,3.09,1,0
96.59,3,0.0579,4.25,0,0
24.55,1,0.0876,0.94,0,0
31.69,7,0.1814,9.95,0,0
51.71,9,0.2267,0.27,0,0
30.99,5,0.076,17.27,0,0
36.16,2,0.3302,32.35,0,0
22.46,22,0.131,12.36,0,0
40.96,0,0.2573,4.57,0,0
80.81,11,0.2962,4.48,1,0
42.06,12,0.19,22.86,0,0
63.11,23,0.0465,16.98,0,0
73.13,2,0.0961,0.73,0,0
30.08,9,0.3071,6.19,0,0
18.63,16,0.1275,17.0,0,0
25.16,20,0.0949,26.84,0,0
21.31,6,0.0707,7.52,0,0
124.87,10,0.2982,19.16,1,0
29.77,2,0.1027,54.18,0,0
43.33,23,0.3386,14.41,0,0
116.06,7,0.2597,3.91,0,0
55.58,17,0.2019,9.5,0,0
68.9,14,0.1457,1.66,0,0
25.73,12,0.138,8.99,0,0
11.18,23,0.3015,8.39,1,0
10.81,23,0.1114,16.01,0,0
12.69,13,0.0545,8.37,0,0
84.08,17,0.2002,3.62,1,0
45.33,4,0.1032,0.9,0,0
31.84,19,0.2393,7.43,0,0
8.72,15,0.0837,3.03,1,0
40.18,8,0.2927,1.67,0,0
90.23,22,0.2371,30.08,0,0
109.07,1,0.4028,8.58,0,0
21.37,17,0.2939,46.2,0,0
22.67,15,0.0965,7.19,0,0
46.94,2,0.0754,7.29,0,0
150.72,19,0.2961,24.8,0,0
49.05,1,0.104,22.68,0,0
58.84,7,0.1652,27.15,0,0
114.59,20,0.1304,18.65,0,0
97.96,9,0.114,6.1,0,0
50.22,15,0.1921,6.35,0,0
88.53,11,0.1088,7.74,0,0
166.63,15,0.1526,22.12,0,0
57.3,0,0.3842,6.84,0,0
37.05,5,0.1314,15.37,1,0
76.8,11,0.1837,10.69,0,0
39.7,5,0.3888,30.62,0,0
48.27,2,0.1406,12.49,0,0
84.44,10,0.143,15.33,0,0
67.51,11,0.4334,0.94,1,0
24.74,20,0.2178,16.44,1,0
275.72,18,0.2177,13.03,0,0
42.48,15,0.1319,62.76,0,0
30.61,11,0.0538,12.54,0,0
30.45,17,0.5522,4.3,0,0
28.44,13,0.1121,19.12,0,0
110.41,10,0.454,17.37,0,0
18.29,5,0.1486,15.59,0,0
33.43,19,0.0672,0.17,0,0
75.63,15,0.239,22.91,0,0
50.94,21,0.1837,15.76,0,0
42.64,4,0.1642,2.47,0,0
44.12,7,0.2185,4.72,0,0
38.12,11,0.253,7.41,0,0
26.81,2,0.3025,17.49,1,0
88.34,0,0.1047,26.74,0,0
58.69,21,0.0964,6.31,0,0
36.47,3,0.1783,4.16,0,0
23.67,1,0.0421,7.2,0,0
150.38,2,0.1844,27.78,0,0
14.89,13,0.5069,64.15,0,0
28.47,13,0.177,1.01,1,0
8.04,17,0.1191,21.06,1,0
22.97,0,0.0991,29.81,0,0
67.4,23,0.0648,26.34,0,0
84.55,8,0.3226,0.78,0,0
69.04,15,0.2377,1.43,0,0
80.33,15,0.2765,4.76,0,0
68.87,10,0.4459,9.05,0,0
77.45,10,0.2171,55.48,0,0
354.38,15,0.2602,10.87,1,0
27.01,13,0.1433,28.28,1,0
24.78,9,0.116,4.89,1,0
134.96,7,0.2415,15.42,0,0
54.12,19,0.1889,18.23,0,0
75.83,13,0.4452,13.36,1,0
42.26,22,0.2091,11.35,0,0
32.96,6,0.1574,0.3,0,0
43.16,10,0.502,12.33,0,0
12.31,15,0.0419,4.08,0,0
17.41,13,0.4254,25.27,0,0
111.89,21,0.585,2.93,1,0
46.38,11,0.2694,11.18,0,0
48.96,17,0.1147,18.74,0,0
72.52,19,0.1172,11.29,0,0
33.18,20,0.3303,24.09,0,0
33.7,8,0.2006,14.21,0,0
72.27,16,0.1432,5.95,1,0
30.57,16,0.1216,2.28,1,0
26.56,20,0.1186,0.06,0,0
59.76,3,0.2317,0.79,0,0
70.23,8,0.4436,6.1,0,0
64.95,10,0.2725,4.55,0,0
42.36,2,0.2182,24.59,0,0
23.98,14,0.0957,0.67,0,0
57.45,19,0.1634,10.41,0,0
36.66,13,0.1114,3.12,0,0
197.95,21,0.1053,20.9,0,0
40.94,20,0.1404,2.25,0,0
60.47,8,0.1646,3.73,1,0
136.9,14,0.2668,38.47,0,0
21.93,20,0.0773,31.95,0,0
38.26,16,0.2804,39.33,1,0
35.74,10,0.2005,40.61,0,0
37.11,19,0.1957,3.38,0,0
54.21,14,0.18,19.93,0,0
154.08,7,0.1332,4.82,0,0
39.56,14,0.027,3.81,1,0
8.67,2,0.2803,6.34,0,0
77.52,9,0.1758,7.15,0,0
16.32,20,0.1325,0.49,0,0
49.74,4,0.2409,12.55,0,0
53.51,14,0.0504,0.11,0,0
51.28,18,0.1143,11.74,1,0
39.57,2,0.1312,8.39,0,0
82.92,22,0.1508,2.29,0,0
189.19,3,0.3234,4.45,1,0
35.98,2,0.2817,35.11,0,0
214.49,13,0.3596,7.66,0,0
45.94,0,0.2121,42.53,0,0
17.72,13,0.0958,25.41,0,0
34.49,13,0.3383,57.44,0,0
52.6,1,0.1723,4.63,1,0
111.33,22,0.1791,14.12,0,0
10.66,4,0.1158,1.08,0,0
20.52,20,0.1982,4.69,1,0
39.83,8,0.1028,26.33,0,0
97.05,7,0.314,22.34,0,0
42.08,7,0.0631,2.18,0,0
49.73,23,0.078,27.78,0,0
42.58,2,0.1217,9.67,0,0
77.65,11,0.3264,15.16,0,0
157.37,8,0.1429,82.17,0,0
55.92,7,0.0814,13.54,0,0
33.67,4,0.1781,10.65,0,0
64.67,10,0.3742,25.71,0,0
53.07,23,0.3839,17.53,0,0
22.9,6,0.254,10.91,1,0
179.95,12,0.0628,22.98,0,0
31.58,21,0.189,11.26,0,0
43.55,1,0.1942,9.41,0,0
37.98,12,0.3136,26.91,0,0
51.8,11,0.9415,6.85,1,1
61.44,15,0.0456,38.85,0,0
49.09,13,0.2619,30.94,1,0
50.56,15,0.1239,15.5,1,0
7.74,23,0.2707,26.61,0,0
9.1,8,0.3744,38.36,0,0
147.01,8,0.1212,25.03,0,0
29.97,10,0.2733,14.8,1,0
91.77,2,0.3193,12.26,0,0
32.07,23,0.2274,20.49,0,0
27.48,22,0.0837,16.96,0,0
48.42,11,0.1531,0.77,0,0
31.52,10,0.1295,24.18,0,0
11.85,3,0.1116,14.79,1,0
42.55,10,0.1317,1.45,0,0
13.32,20,0.1523,22.03,0,0
103.94,6,0.3448,27.04,0,0
17.72,22,0.2105,13.42,0,0
101.32,21,0.2092,1.7,0,0
23.65,21,0.0513,4.1,0,0
47.83,9,0.2563,5.67,0,0
124.56,6,0.2796,47.51,0,0
19.91,23,0.0168,41.87,0,0
24.36,19,0.1482,14.01,0,0
32.3,11,0.0917,33.53,0,0
34.24,0,0.4168,48.32,0,0
120.93,18,0.3055,1.42,0,0
44.53,14,0.1134,0.62,0,0
46.77,11,0.2583,9.06,1,0
19.88,12,0.4011,15.07,0,0
36.26,7,0.2557,1.36,0,0
62.43,13,0.6437,55.48,0,0
39.2,22,0.2913,3.21,0,0
161.91,5,0.2233,26.68,0,0
70.12,17,0.0751,41.61,0,0
36.19,18,0.3272,21.11,0,0
31.09,21,0.2142,10.07,0,0
41.62,0,0.1729,0.38,0,0
136.81,19,0.0533,0.91,0,0
37.32,3,0.0833,0.69,0,0
45.11,3,0.0299,15.8,0,0
72.44,18,0.1195,55.45,0,0
17.9,5,0.2352,16.79,1,0
22.85,16,0.1271,9.77,0,0
143.38,6,0.0726,28.31,0,0
24.39,22,0.3024,10.4,0,0
49.0,0,0.221,18.86,0,0
72.14,4,0.49,18.37,0,0
16.87,1,0.1544,8.66,0,0
44.39,16,0.3142,1.78,0,0
45.79,4,0.0544,2.76,0,0
27.56,13,0.2165,33.75,0,0
50.44,12,0.2278,27.44,1,0
26.03,14,0.3644,12.57,0,0
91.26,15,0.1509,20.77,0,0
40.71,1,0.2163,8.61,0,0
23.17,19,0.5072,8.48,0,0
24.31,2,0.2002,6.07,0,0
41.77,18,0.03,6.86,0,0
52.21,17,0.0805,9.99,0,0
9.07,8,0.2786,0.68,0,0
133.78,17,0.1216,1.86,1,0
247.25,5,0.1117,8.39,0,0
56.05,5,0.2954,31.16,0,0
39.49,2,0.137,1.23,0,0
21.7,22,0.2305,13.71,0,0
8.43,16,0.1712,9.2,0,0
16.17,2,0.2616,9.65,0,0
45.31,1,0.1784,10.67,0,0
44.44,3,0.2004,14.2,0,0
25.13,17,0.3225,22.35,0,0
38.39,19,0.0397,5.81,0,0
28.1,5,0.1778,4.16,0,0
44.35,10,0.3477,1.63,0,0
47.25,4,0.0766,6.4,0,0
7.4,5,0.0916,29.49,0,0
99.39,21,0.1725,2.56,0,0
35.88,6,0.1742,9.3,0,0
75.19,12,0.1733,19.73,0,0
61.05,22,0.0193,13.64,0,0
83.92,22,0.1693,7.67,0,0
36.06,8,0.1876,5.93,0,0
42.39,16,0.0153,7.44,0,0
69.46,14,0.3639,14.47,0,0
30.06,3,0.2039,1.03,1,0
32.91,0,0.1526,3.93,0,0
21.42,6,0.1887,0.44,0,0
52.55,13,0.3129,26.66,0,0
32.67,18,0.3635,6.74,0,0
61.03,7,0.0142,27.07,0,0
40.31,0,0.4095,13.66,0,0
61.49,21,0.3273,16.65,0,0
27.84,18,0.302,3.22,0,0
158.35,4,0.0755,10.26,0,0
27.7,15,0.5156,18.28,1,0
29.68,8,0.0825,11.6,0,0
37.1,0,0.0298,2.75,0,0
35.31,4,0.1594,14.48,0,0
14.87,6,0.1016,0.73,0,0
21.06,21,0.1154,2.01,0,0
33.18,2,0.1989,18.16,0,0
39.49,6,0.0804,4.7,0,0
34.69,19,0.1172,3.47,0,0
17.57,19,0.4769,7.75,0,0
49.12,22,0.1891,30.89,0,0
13.82,17,0.0928,7.32,0,0
157.06,1,0.3591,4.9,0,0
71.52,16,0.13,3.64,0,0
32.57,16,0.3262,4.24,0,0
39.65,15,0.1232,3.91,0,0
44.97,3,0.0667,26.11,0,0
36.2,17,0.2396,12.01,0,0
25.91,2,0.1649,32.57,0,0
71.12,9,0.1978,7.69,0,0
99.35,16,0.2227,0.5,0,0
21.47,7,0.0139,22.69,0,0
43.26,16,0.1598,16.89,0,0
30.98,8,0.3378,2.86,0,0
21.77,5,0.0468,0.15,0,0
11.56,22,0.3237,2.7,0,0
23.48,18,0.0909,2.44,0,0
31.03,8,0.581,16.28,0,0
125.22,5,0.0678,6.04,0,0
82.44,15,0.1412,6.74,0,0
59.09,8,0.0412,4.67,0,0
28.03,20,0.0756,4.31,0,0
138.25,17,0.3372,17.04,1,0
50.62,15,0.2808,18.15,0,0
117.29,7,0.0741,7.83,1,0
35.03,15,0.0401,17.62,0,0
15.69,3,0.374,24.01,0,0
42.62,14,0.3333,9.92,0,0
37.53,15,0.3922,10.05,0,0
38.66,9,0.1166,22.02,0,0
20.35,22,0.3303,31.94,0,0
31.55,20,0.3644,4.98,0,0
133.07,11,0.2706,6.93,0,0
59.88,19,0.2872,2.43,1,0
25.28,17,0.2667,11.45,0,0
70.34,19,0.1324,1.95,0,0
9.4,16,0.0308,22.1,0,0
31.15,2,0.0887,17.0,0,0
19.33,12,0.2443,4.36,0,0
75.37,12,0.1602,16.24,0,0
58.32,19,0.0555,3.86,0,0
10.15,21,0.219,14.68,0,0
151.92,3,0.1229,3.44,1,0
185.21,22,0.1658,6.46,0,0
50.66,0,0.0425,20.71,0,0
33.22,20,0.1045,2.03,0,0
66.99,9,0.3038,1.19,1,0
34.94,23,0.2496,25.32,1,0
69.12,21,0.1402,8.54,0,0
143.75,19,0.3023,7.46,0,0
28.76,16,0.1003,3.63,0,0
50.64,6,0.239,16.15,0,0
31.14,15,0.3098,0.31,0,0
23.29,18,0.1316,38.5,0,0
100.33,7,0.1585,14.1,0,0
18.27,5,0.2707,43.51,0,0
48.26,12,0.1637,21.51,1,0
32.93,14,0.1123,3.04,0,0
39.52,15,0.0438,5.79,0,0
53.47,0,0.0966,40.07,0,0
77.53,11,0.267,5.05,0,0
23.72,18,0.1844,16.63,0,0
21.06,9,0.1713,20.06,0,0
35.17,8,0.0586,1.77,1,0
46.96,9,0.1807,31.48,1,0
28.95,14,0.2105,8.4,0,0
21.74,0,0.1099,30.67,0,0
37.19,20,0.1898,3.49,0,0
40.2,21,0.1164,3.89,0,0
48.91,11,0.1748,14.28,0,0
96.51,23,0.2333,13.32,0,0
24.21,10,0.2192,21.15,0,0
99.32,20,0.2187,8.33,0,0
33.88,16,0.44,2.59,0,0
6.56,20,0.2315,22.15,0,0
16.03,0,0.1625,35.09,0,0
93.76,4,0.1553,1.53,0,0
27.63,19,0.0913,5.17,0,0
124.3,18,0.1249,4.54,0,0
206.6,9,0.0819,6.6,0,0
49.63,16,0.3072,15.87,0,0
34.76,6,0.1684,3.45,0,0
151.47,7,0.0998,65.6,0,0
43.24,23,0.1513,5.97,0,0
40.66,9,0.1696,18.55,0,0
64.89,8,0.4267,7.27,0,0
61.54,19,0.4721,9.24,1,0
101.17,1,0.3269,26.5,0,0
13.47,13,0.0642,31.41,1,0
60.75,22,0.1457,29.62,0,0
57.72,19,0.3454,8.59,0,0
91.81,4,0.1185,16.32,0,0
84.94,7,0.072,9.83,0,0
12.07,7,0.1038,4.36,0,0
18.65,10,0.4404,1.87,1,0
32.51,3,0.2488,17.97,1,0
95.7,3,0.2783,6.16,0,0
87.8,13,0.1835,12.96,0,0
27.79,19,0.1616,8.16,0,0
403.17,14,0.1429,1.3,0,0
51.51,6,0.2852,28.74,0,0
91.17,4,0.1529,8.95,0,0
15.89,19,0.3266,5.56,0,0
286.04,2,0.7982,70.6,1,1
93.32,11,0.3651,8.14,0,0
14.63,4,0.224,51.02,0,0
33.41,9,0.1332,10.15,0,0
50.13,13,0.2825,18.95,0,0
13.45,18,0.2603,24.43,0,0
39.22,21,0.2203,14.9,0,0
140.79,21,0.0657,15.57,0,0
46.05,17,0.3903,1.76,0,0
68.36,15,0.1442,30.68,1,0
116.74,5,0.1605,15.75,0,0
84.34,7,0.0946,2.67,1,0
38.3,16,0.3551,2.39,0,0
15.79,19,0.3045,2.2,0,0
15.38,6,0.4682,15.4,0,0
33.71,7,0.185,0.94,0,0
82.92,4,0.1823,6.15,0,0
51.31,10,0.049,18.91,1,0
39.25,22,0.3107,19.74,0,0
153.48,10,0.1809,21.73,0,0
39.2,23,0.2401,25.02,0,0
105.42,23,0.1852,23.13,0,0
117.23,1,0.0965,7.82,0,0
24.42,12,0.2164,9.62,0,0
67.09,13,0.3505,17.32,0,0
52.49,4,0.046,34.16,0,0
13.83,1,0.221,18.78,0,0
18.74,23,0.1242,16.64,1,0
118.51,21,0.0871,18.12,0,0
62.75,9,0.1263,28.86,1,0
80.88,15,0.4115,22.24,0,0
80.77,5,0.2051,1.56,0,0
47.5,1,0.1589,21.39,0,0
65.52,18,0.0249,8.2,0,0
133.24,11,0.116,1.42,1,0
45.16,5,0.0714,6.59,0,0
133.5,10,0.3783,16.08,0,0
41.13,16,0.2845,10.08,0,0
44.3,13,0.1093,26.49,0,0
130.13,19,0.2393,11.0,1,0
38.02,22,0.3068,9.56,1,0
9.01,9,0.0303,17.58,0,0
169.82,3,0.2421,40.21,0,0
39.26,16,0.0408,16.79,0,0
46.89,15,0.0629,10.45,1,0
21.64,22,0.2189,40.22,0,0
175.39,5,0.2018,8.6,1,0
151.18,11,0.3442,30.89,0,0
33.43,14,0.2637,26.03,0,0
37.98,10,0.0814,18.1,0,0
70.96,2,0.0853,0.69,0,0
84.79,7,0.1873,10.52,0,0
49.86,3,0.138,55.13,0,0
70.05,21,0.2972,0.13,0,0
22.89,18,0.2602,7.25,0,0
72.56,5,0.25,36.79,0,0
32.24,8,0.3243,0.62,0,0
54.73,0,0.1129,13.04,0,0
30.98,8,0.2047,4.12,0,0
43.87,19,0.0978,1.36,0,0
42.27,1,0.2816,0.18,0,0
39.23,1,0.1824,20.69,0,0
35.24,8,0.2625,0.51,0,0
44.69,13,0.2363,4.4,0,0
20.94,17,0.1441,43.7,0,0
71.83,9,0.0573,6.17,0,0
49.88,20,0.2323,22.56,0,0
27.98,8,0.0452,1.06,0,0
116.79,10,0.0303,1.08,0,0
16.08,22,0.1942,12.13,0,0
37.08,17,0.174,3.5,0,0
100.68,23,0.3742,31.41,0,0
55.24,14,0.219,0.31,0,0
52.7,10,0.1651,2.99,0,0
4.42,10,0.2495,14.33,0,0
144.96,23,0.3021,0.6,0,0
37.5,15,0.1232,10.49,0,0
49.43,10,0.1654,1.35,0,0
163.18,5,0.1508,9.31,0,0
148.74,7,0.322,31.98,0,0
47.44,12,0.3285,13.93,0,0
26.57,5,0.2577,32.06,0,0
16.07,17,0.0198,14.06,0,0
73.34,5,0.1078,1.14,0,0
54.55,22,0.2957,8.39,0,0
46.23,4,0.0405,16.21,1,0
33.43,10,0.2033,27.73,0,0
60.3,17,0.0344,20.2,0,0
24.99,12,0.1253,49.74,0,0
212.71,17,0.1915,13.87,0,0
27.11,3,0.2659,26.24,0,0
59.95,15,0.4422,2.17,0,0
49.58,6,0.0513,6.23,0,0
18.32,3,0.2645,20.62,1,0
25.99,20,0.1554,4.72,0,0
19.68,19,0.1873,16.62,0,0
48.02,0,0.2739,10.82,0,0
34.26,21,0.0705,24.76,0,0
48.92,5,0.156,13.13,0,0
75.35,1,0.5201,19.05,0,0
74.16,20,0.3191,6.14,0,0
53.18,21,0.204,44.28,0,0
106.31,11,0.4062,13.29,0,0
282.04,3,0.104,10.96,1,0
58.92,4,0.0422,7.1,1,0
31.84,13,0.1658,11.24,0,0
19.96,15,0.0949,9.09,0,0
33.2,17,0.1223,1.37,0,0
86.28,15,0.4293,3.95,0,0
29.79,0,0.3294,14.92,0,0
23.03,8,0.0747,11.36,0,0
87.83,8,0.2224,1.98,0,0
37.95,15,0.0725,22.57,0,0
89.23,22,0.1301,11.71,0,0
95.7,14,0.1148,1.65,0,0
28.98,13,0.1878,31.02,0,0
45.96,20,0.1056,34.14,0,0
87.22,5,0.2438,7.59,1,0
71.3,19,0.1897,4.54,0,0
29.57,2,0.0443,20.98,1,0
125.92,0,0.1315,10.41,0,0
22.61,6,0.2258,13.73,0,0
69.1,3,0.4558,35.47,0,0
151.09,14,0.2307,2.05,0,0
52.37,14,0.2019,28.88,0,0
24.42,1,0.1224,5.33,0,0
36.72,14,0.084,7.87,0,0
105.38,13,0.3556,10.11,0,0
66.88,7,0.2159,1.88,0,0
18.42,1,0.2194,9.08,0,0
129.17,5,0.2022,3.89,0,0
16.77,13,0.0904,6.63,1,0
19.03,8,0.294,18.65,0,0
118.68,5,0.0224,5.69,0,0
28.19,7,0.1089,6.7,1,0
210.07,0,0.3865,78.25,0,0
390.6,7,0.054,2.87,0,0
87.63,14,0.1085,7.12,0,0
34.4,22,0.3002,13.63,0,0
271.14,23,0.1204,39.5,0,0
16.61,8,0.0928,6.69,0,0
62.27,22,0.1003,0.19,0,0
15.57,10,0.3692,66.4,0,0
40.78,23,0.1188,41.56,0,0
55.51,5,0.1425,14.88,0,0
33.56,21,0.1514,22.69,0,0
28.79,7,0.0258,10.77,0,0
56.97,17,0.1994,2.94,0,0
23.86,3,0.9536,97.09,0,1
14.06,21,0.1574,2.9,0,0
14.12,9,0.1701,7.49,0,0
41.8,8,0.0781,0.11,0,0
12.65,22,0.2562,1.09,0,0
75.35,1,0.0354,4.4,0,0
114.81,22,0.4401,63.86,0,0
42.66,5,0.0892,17.31,1,0
44.66,0,0.3189,12.07,0,0
77.29,21,0.1673,15.76,0,0
10.76,0,0.1498,6.89,0,0
121.9,13,0.0645,32.21,0,0
59.71,5,0.109,3.56,0,0
22.95,18,0.3385,9.01,0,0
73.97,8,0.1126,21.93,0,0
83.97,2,0.0331,13.23,0,0
55.2,12,0.2306,29.41,0,0
25.96,4,0.1907,19.07,0,0
72.05,15,0.3874,4.4,0,0
60.92,16,0.0254,28.4,0,0
79.93,10,0.2221,4.13,0,0
29.36,16,0.3889,7.13,0,0
75.55,9,0.1279,27.59,0,0
34.11,7,0.3751,40.07,0,0
28.99,14,0.3516,3.09,1,0
17.53,13,0.2506,17.64,0,0
64.71,23,0.2534,32.52,0,0
41.57,21,0.0202,31.56,1,0
34.83,23,0.1903,29.28,0,0
24.16,21,0.2699,8.66,0,0
51.19,9,0.2352,10.79,1,0
150.54,15,0.0496,0.17,0,0
45.39,21,0.0796,13.06,0,0
100.27,10,0.1262,11.15,1,0
31.43,16,0.4185,31.32,0,0
12.44,14,0.0673,17.7,0,0
29.31,12,0.1958,1.09,0,0
63.45,19,0.1325,12.38,0,0
87.99,23,0.2239,3.41,0,0
74.18,3,0.1202,7.51,0,0
35.17,3,0.1027,7.57,0,0
40.72,4,0.1543,7.64,1,0
51.32,12,0.4299,10.24,0,0
30.05,22,0.09,6.19,0,0
27.35,19,0.1283,2.66,0,0
75.47,14,0.3438,4.44,0,0
5.96,9,0.3678,13.25,0,0
51.64,21,0.3123,2.97,0,0
25.21,23,0.1581,17.17,0,0
61.42,20,0.1719,89.6,0,0
30.25,8,0.1667,9.77,0,0
72.25,17,0.3886,36.53,1,0
107.25,13,0.0358,1.6,0,0
58.3,14,0.2399,22.42,0,0
104.02,0,0.2011,1.15,0,0
116.1,9,0.1385,14.32,0,0
30.61,1,0.1216,12.7,1,0
51.8,16,0.1598,0.77,0,0
6.89,20,0.1447,0.32,0,0
36.9,12,0.2719,24.28,0,0
65.47,0,0.1879,4.86,0,0
35.0,21,0.2267,1.08,1,0
103.94,11,0.5773,16.8,0,0
39.02,12,0.3042,43.73,0,0
176.08,13,0.2673,5.67,0,0
63.59,16,0.4482,57.16,0,0
41.35,22,0.1355,1.35,1,0
51.17,3,0.0781,26.66,1,0
21.94,20,0.2209,21.33,0,0
123.34,6,0.1833,3.44,0,0
28.5,9,0.2135,37.66,0,0
79.48,21,0.1737,9.24,0,0
22.02,15,0.2337,2.94,0,0
44.01,5,0.1098,5.32,1,0
37.08,5,0.1478,1.16,0,0
85.77,8,0.3923,12.33,0,0
23.93,5,0.0981,11.94,0,0
41.63,0,0.2555,32.03,0,0
68.34,0,0.0785,19.07,1,0
55.85,10,0.0638,4.96,0,0
169.07,13,0.2749,9.73,0,0
24.58,6,0.0852,0.45,0,0
20.14,11,0.3376,12.0,0,0
83.74,21,0.3297,0.42,1,0
111.58,8,0.0914,3.44,0,0
42.53,8,0.3094,12.34,0,0
32.07,22,0.1265,12.24,0,0
39.27,15,0.2457,20.67,0,0
14.01,15,0.2917,4.29,0,0
41.93,20,0.1173,19.52,0,0
30.96,16,0.0445,13.74,0,0
69.38,1,0.2554,16.42,1,0
19.89,9,0.2845,4.44,1,0
23.79,13,0.4598,7.45,0,0
10.38,17,0.0566,0.34,0,0
8.47,0,0.5694,61.57,0,0
43.89,11,0.0743,1.69,0,0
41.31,16,0.1349,10.71,0,0
109.38,14,0.1515,50.43,1,0
12.39,20,0.4326,17.27,0,0
28.54,7,0.4137,10.44,0,0
15.75,7,0.2809,28.53,0,0
52.11,17,0.4522,20.2,0,0
20.81,10,0.2269,15.37,0,0
42.63,19,0.2182,26.03,0,0
24.39,15,0.1402,9.82,0,0
10.14,5,0.2054,7.25,0,0
30.11,15,0.0896,35.4,0,0
19.69,10,0.1982,4.61,0,0
35.45,15,0.1373,15.94,1,0
52.24,3,0.1184,22.0,0,0
61.31,18,0.3102,62.11,0,0
69.62,17,0.2608,0.18,0,0
19.71,17,0.1718,0.74,0,0
74.06,14,0.0384,0.61,0,0
76.95,18,0.0661,47.24,0,0
30.94,6,0.2215,0.08,0,0
20.02,4,0.1885,12.65,0,0
64.69,3,0.2294,5.97,1,0
40.98,21,0.1535,19.3,0,0
18.64,8,0.193,27.08,1,0
99.64,4,0.0871,39.13,0,0
62.38,13,0.4143,1.85,1,0
39.75,5,0.1724,3.21,0,0
33.13,18,0.1768,7.58,0,0
81.15,18,0.3576,2.46,0,0
42.97,23,0.3312,15.25,0,0
31.79,6,0.0716,24.52,0,0
42.37,13,0.1128,67.01,0,0
21.41,21,0.1223,11.36,0,0
6.06,14,0.2218,34.39,0,0
117.76,16,0.0775,10.47,0,0
74.51,3,0.0921,10.92,0,0
48.49,5,0.1857,1.39,0,0
60.11,0,0.3771,20.54,0,0
23.36,3,0.3337,4.29,1,0
111.94,5,0.2152,3.5,1,0
56.2,0,0.1905,28.0,0,0
48.47,5,0.2111,1.03,0,0
20.14,18,0.1018,44.49,0,0
77.52,12,0.1853,7.43,0,0
27.38,6,0.055,21.37,0,0
38.2,2,0.3888,3.36,0,0
48.16,2,0.0548,8.41,0,0
27.96,20,0.2755,3.06,0,0
80.19,15,0.2294,20.29,0,0
45.16,13,0.1333,11.79,0,0
94.2,9,0.2296,21.36,0,0
25.37,18,0.2668,10.81,0,0
43.5,5,0.2711,24.61,0,0
17.89,22,0.0356,1.38,0,0
60.56,5,0.3847,6.6,0,0
11.62,15,0.4202,16.8,0,0
74.8,20,0.0383,13.74,0,0
37.04,9,0.3578,5.88,0,0
28.29,7,0.0818,41.27,0,0
65.68,4,0.3316,4.43,0,0
20.65,18,0.1148,2.74,0,0
28.32,21,0.105,20.48,0,0
20.02,13,0.1112,17.39,0,0
103.23,16,0.1739,4.68,0,0
32.2,16,0.0358,15.18,0,0
63.24,22,0.0626,52.78,0,0
52.5,14,0.173,1.76,0,0
89.44,2,0.1095,6.81,0,0
121.11,9,0.0674,1.09,0,0
11.47,7,0.1487,1.79,0,0
45.21,21,0.178,76.26,0,0
72.63,11,0.2195,4.87,1,0
35.08,2,0.3515,23.69,0,0
13.51,11,0.3635,3.7,0,0
79.88,23,0.0294,8.57,0,0
52.57,12,0.287,1.63,0,0
14.38,23,0.2643,51.83,1,0
12.2,1,0.149,12.78,0,0
14.84,13,0.4964,3.13,0,0
23.09,16,0.1974,22.27,0,0
72.09,1,0.2854,5.02,0,0
73.52,3,0.099,8.3,0,0
72.94,21,0.495,5.46,0,0
23.89,9,0.2168,17.82,0,0
103.13,10,0.0509,1.02,0,0
123.93,7,0.1806,15.43,0,0
16.67,9,0.1446,0.72,0,0
55.52,9,0.1743,31.54,0,0
49.33,19,0.1667,49.3,0,0
84.06,11,0.1548,6.07,0,0
12.63,21,0.2707,8.49,0,0
35.18,21,0.2032,8.21,0,0
204.03,14,0.1904,4.57,0,0
24.21,4,0.15,15.58,0,0
64.76,18,0.0291,3.32,0,0
42.5,21,0.2372,10.95,1,0
42.32,18,0.2159,20.66,0,0
52.41,9,0.0928,42.42,1,0
98.04,8,0.3331,37.21,0,0
44.37,3,0.0674,4.46,0,0
36.7,7,0.2511,36.73,0,0
163.72,1,0.1573,39.29,0,0
41.32,13,0.1551,4.45,0,0
41.63,1,0.1313,1.41,0,0
28.11,6,0.2063,28.34,1,0
30.09,23,0.0145,12.67,1,0
55.32,5,0.213,3.89,1,0
48.96,5,0.0741,17.15,0,0
67.69,0,0.0326,3.65,0,0
24.92,2,0.0643,22.06,1,0
44.77,10,0.1398,30.09,0,0
41.91,7,0.1442,38.72,0,0
16.08,5,0.2863,0.49,1,0
51.99,13,0.2926,12.54,1,0
45.66,5,0.1564,17.94,1,0
65.98,5,0.3378,4.64,0,0
56.08,16,0.1586,49.45,0,0
84.86,20,0.038,3.88,0,0
49.91,17,0.1735,2.25,0,0
37.2,11,0.2823,8.0,0,0
42.89,23,0.2128,26.36,0,0
76.73,6,0.3002,13.73,0,0
94.77,5,0.0935,13.38,0,0
76.85,6,0.0586,25.66,0,0
31.37,5,0.0443,8.16,0,0
37.08,1,0.1408,6.41,0,0
183.71,12,0.2653,72.69,0,0
13.72,4,0.293,16.9,0,0
80.51,6,0.1521,36.82,0,0
35.24,16,0.226,7.96,0,0
32.77,6,0.1355,10.27,0,0
26.25,13,0.1352,9.63,1,0
40.34,18,0.076,11.63,0,0
60.44,17,0.2035,2.94,0,0
158.23,15,0.3217,16.43,0,0
121.23,12,0.3365,1.44,0,0
22.11,7,0.0524,26.49,0,0
28.91,21,0.013,62.03,0,0
47.08,7,0.2576,17.27,0,0
27.56,17,0.265,15.43,1,0
107.61,10,0.2086,14.46,0,0
70.12,22,0.2247,35.1,0,0
76.6,7,0.216,11.95,0,0
25.56,3,0.1047,0.76,0,0
19.89,7,0.5072,2.31,0,0
16.47,4,0.3735,12.59,0,0
60.35,23,0.1605,46.48,1,0
9.79,9,0.266,7.4,0,0
100.03,7,0.321,9.73,0,0
48.98,18,0.1124,2.2,0,0
75.83,10,0.3417,5.18,1,0
39.43,22,0.3366,1.2,1,0
8.57,9,0.4623,7.68,0,0
61.68,2,0.1128,0.08,0,0
14.84,22,0.196,16.05,0,0
15.74,0,0.2347,8.91,0,0
20.41,17,0.0849,46.77,0,0
35.37,20,0.0597,0.75,0,0
15.45,17,0.2372,40.07,0,0
56.58,8,0.1624,37.95,0,0
10.23,10,0.1242,3.69,0,0
93.6,21,0.1076,8.7,0,0
61.99,19,0.0234,24.4,1,0
17.49,23,0.2053,11.72,0,0
20.65,7,0.0718,2.62,0,0
100.53,5,0.293,0.73,0,0
45.63,5,0.1453,5.97,0,0
96.06,19,0.1042,18.67,0,0
29.25,0,0.1984,41.2,0,0
76.99,3,0.0583,26.19,0,0
34.61,19,0.0549,1.46,0,0
98.51,12,0.36,45.77,1,0
41.7,4,0.2347,13.14,0,0
17.65,15,0.3399,9.37,1,0
107.26,12,0.2169,1.64,0,0
38.85,17,0.4695,4.64,0,0
29.74,22,0.0492,10.91,0,0
25.25,15,0.0513,5.37,0,0
34.39,20,0.3303,5.32,0,0
128.35,13,0.0932,67.82,0,0
101.23,14,0.2839,4.56,0,0
124.29,4,0.2709,17.35,1,0
21.49,15,0.4656,6.0,0,0
66.09,22,0.3031,23.71,0,0
32.74,16,0.53,16.05,0,0
182.81,6,0.1865,9.69,0,0
64.69,4,0.1669,16.6,0,0
212.34,23,0.3714,4.16,0,0
116.79,15,0.0663,13.09,0,0
58.42,13,0.2085,7.84,0,0
31.23,13,0.2858,5.05,0,0
15.31,6,0.2645,17.52,0,0
72.83,18,0.1178,14.25,0,0
8.39,2,0.37,6.72,0,0
27.32,23,0.1578,20.33,0,0
57.24,17,0.3412,19.07,0,0
46.84,6,0.3795,3.1,0,0
105.95,1,0.0866,50.55,0,0
23.29,19,0.124,8.08,0,0
33.09,18,0.0963,1.25,0,0
64.18,14,0.1979,12.21,0,0
89.16,12,0.1595,27.38,0,0
50.64,17,0.3102,23.08,0,0
44.87,14,0.1534,8.88,0,0
135.14,7,0.1672,41.2,0,0
42.14,0,0.2877,4.42,0,0
57.97,20,0.0947,2.71,0,0
32.25,5,0.216,5.3,0,0
89.86,13,0.2975,21.07,1,0
35.54,19,0.0261,7.52,0,0
48.71,23,0.0706,14.06,0,0
97.5,21,0.3481,18.16,0,0
36.71,13,0.1965,1.86,0,0
91.32,15,0.2941,0.11,0,0
52.27,20,0.287,15.34,0,0
73.08,2,0.374,1.24,1,0
75.27,19,0.1282,42.06,0,0
24.42,12,0.1074,24.77,0,0
31.11,10,0.1099,31.45,0,0
29.34,2,0.1533,2.2,0,0
21.92,6,0.3567,5.41,0,0
78.02,4,0.2541,11.83,0,0
99.41,5,0.0964,59.58,0,0
35.34,14,0.382,5.63,0,0
87.5,9,0.2112,9.42,0,0
8.31,8,0.1476,15.59,0,0
25.5,8,0.1972,2.1,0,0
25.92,14,0.4246,0.82,0,0
86.47,14,0.0178,6.81,0,0
500.0,13,0.041,7.56,0,0
43.04,10,0.115,5.09,0,0
89.57,15,0.3495,8.24,0,0
34.42,16,0.5288,16.3,1,0
13.72,9,0.1481,0.29,0,0
151.53,22,0.3735,19.54,0,0
62.81,10,0.1954,31.02,0,0
14.41,14,0.0811,13.35,0,0
43.6,10,0.2586,20.32,0,0
17.5,2,0.0744,9.34,0,0
139.69,1,0.1998,5.04,0,0
122.9,20,0.2288,6.11,0,0
78.11,2,0.3251,3.65,0,0
22.49,4,0.0103,14.44,1,0
78.18,8,0.1183,7.1,0,0
36.34,16,0.1839,10.56,0,0
33.79,20,0.0467,32.29,0,0
169.82,9,0.2342,12.1,1,0
67.27,20,0.1772,0.54,0,0
17.11,16,0.0652,5.08,1,0
43.0,4,0.129,4.06,0,0
36.52,6,0.3864,17.71,0,0
133.82,7,0.2107,26.86,0,0
62.68,19,0.1584,16.71,0,0
33.48,17,0.2458,17.85,0,0
19.8,15,0.1699,8.84,0,0
62.79,16,0.407,12.95,0,0
38.93,22,0.257,7.94,0,0
80.09,15,0.1154,54.62,0,0
21.59,6,0.4463,23.93,0,0
57.12,23,0.1352,0.5,0,0
28.11,6,0.2626,4.32,1,0
115.23,1,0.1913,17.24,0,0
42.54,17,0.0819,13.46,0,0
26.8,20,0.099,52.29,0,0
23.39,3,0.3059,12.59,0,0
25.67,3,0.0949,34.56,0,0
85.72,12,0.1443,5.25,0,0
38.73,10,0.2125,9.04,0,0
33.65,13,0.1079,30.09,0,0
9.25,3,0.1844,1.24,1,0
106.11,19,0.1668,0.27,0,0
37.69,2,0.0891,8.52,0,0
20.05,19,0.4432,2.35,0,0
21.94,18,0.3439,1.32,0,0
39.93,1,0.2633,47.3,0,0
123.69,0,0.0596,18.29,0,0
46.63,21,0.0857,8.44,0,0
8.84,22,0.1187,20.06,0,0
44.11,9,0.1265,0.67,0,0
34.2,3,0.1702,8.03,0,0
186.55,19,0.2509,4.94,0,0
21.18,6,0.0441,1.75,0,0
27.87,5,0.1098,4.77,0,0
128.91,1,0.4671,3.83,0,0
34.23,9,0.4153,0.79,0,0
84.97,0,0.3076,22.59,0,0
66.21,0,0.0465,12.99,0,0
19.5,20,0.14,0.78,0,0
375.32,21,0.691,217.87,1,1
289.14,8,0.0717,12.49,0,0
14.35,23,0.0612,12.33,0,0
106.09,21,0.0706,9.02,1,0
92.59,18,0.2558,56.88,0,0
41.68,7,0.0548,14.87,0,0
76.64,22,0.2789,12.3,0,0
68.87,7,0.2214,24.85,0,0
35.43,22,0.093,10.85,0,0
18.14,21,0.3124,9.08,0,0
37.06,12,0.2899,20.65,0,0
26.98,16,0.2498,37.23,0,0
27.2,8,0.4945,17.77,0,0
39.57,3,0.2373,50.77,0,0
130.81,15,0.2626,7.38,0,0
17.21,7,0.1096,1.29,0,0
21.61,9,0.1235,3.93,0,0
177.82,14,0.1036,8.84,0,0
66.16,6,0.0461,76.2,0,0
32.94,8,0.2833,20.05,1,0
145.52,16,0.2416,7.66,0,0
22.71,1,0.0582,2.57,0,0
88.92,16,0.3362,0.3,0,0
115.14,5,0.2115,22.09,0,0
133.23,19,0.1775,38.65,0,0
49.09,0,0.4177,3.18,0,0
22.46,14,0.1177,7.27,0,0
28.78,4,0.025,7.88,0,0
22.8,2,0.2356,19.0,1,0
47.74,11,0.0864,4.34,0,0
200.56,15,0.1969,18.85,0,0
46.09,0,0.2996,9.19,0,0
14.47,20,0.0636,16.38,0,0
122.39,10,0.8433,160.64,0,1
49.04,10,0.07,0.48,0,0
53.68,19,0.5414,6.08,0,0
40.96,11,0.1103,1.47,0,0
79.32,10,0.0892,13.62,0,0
73.24,13,0.2985,32.78,0,0
24.22,2,0.197,5.4,0,0
34.47,21,0.1118,22.48,0,0
124.42,14,0.2239,3.16,0,0
112.71,19,0.1615,21.14,0,0
39.61,10,0.0752,12.8,1,0
35.06,22,0.2689,1.87,0,0
39.63,5,0.0643,9.38,0,0
126.64,7,0.2888,15.41,0,0
72.84,19,0.0894,20.06,0,0
41.2,17,0.1309,3.33,1,0
13.76,6,0.3258,4.61,0,0
40.13,7,0.1132,0.46,0,0
78.92,15,0.1187,32.0,0,0
57.01,17,0.1524,9.76,1,0
27.75,0,0.1943,2.07,0,0
63.41,9,0.1763,15.22,1,0
52.94,21,0.0929,7.26,0,0
64.24,14,0.0255,11.14,0,0
85.17,2,0.1085,1.63,0,0
79.84,0,0.0361,20.69,0,0
51.42,0,0.1793,5.41,0,0
25.17,5,0.0325,1.12,0,0
12.87,7,0.0955,42.91,1,0
37.31,14,0.0421,47.83,0,0
132.13,10,0.1651,3.84,0,0
109.52,21,0.272,2.93,0,0
33.2,10,0.0592,19.37,0,0
39.52,23,0.162,22.19,0,0
94.24,7,0.6749,206.92,0,1
64.52,12,0.246,7.9,0,0
41.05,19,0.0503,8.7,0,0
53.28,9,0.1939,0.47,0,0
75.94,8,0.0973,13.12,0,0
22.7,21,0.0709,38.31,0,0
17.8,20,0.0841,7.99,0,0
28.8,2,0.0491,67.99,0,0
37.73,3,0.0742,31.5,0,0
49.12,13,0.2942,22.58,0,0
41.4,6,0.2886,16.21,0,0
26.34,5,0.2319,18.04,0,0
30.69,13,0.2471,21.3,0,0
12.7,16,0.2443,17.71,0,0
12.88,8,0.0479,53.71,0,0
14.61,2,0.0783,72.72,0,0
67.58,6,0.2706,3.47,0,0
25.26,1,0.1658,7.43,0,0
88.68,0,0.0964,2.94,0,0
81.37,6,0.2072,41.67,0,0
12.61,7,0.2477,6.02,1,0
49.7,8,0.1288,4.95,0,0
38.77,1,0.3712,1.19,0,0
34.82,11,0.2194,10.79,0,0
46.22,15,0.0114,17.25,0,0
49.55,21,0.0596,5.85,0,0
63.1,13,0.191,1.57,0,0
32.92,15,0.2876,28.27,0,0
32.93,19,0.2248,4.32,0,0
76.52,15,0.0417,8.47,0,0
24.91,0,0.2943,6.09,0,0
101.3,23,0.5339,19.52,0,0
28.27,1,0.1144,5.02,0,0
37.62,11,0.322,0.3,0,0
27.28,10,0.1975,16.73,0,0
103.47,16,0.0432,10.74,0,0
69.07,4,0.1374,1.02,1,0
21.1,1,0.1222,8.05,0,0
91.76,17,0.0955,18.87,0,0
99.36,6,0.0322,1.36,0,0
35.84,1,0.3471,3.27,0,0
14.31,8,0.0344,20.49,1,0
13.61,13,0.2815,2.9,0,0
18.63,10,0.1542,8.33,1,0
43.9,17,0.3409,7.5,1,0
27.09,21,0.0225,7.45,0,0
54.02,20,0.201,15.94,0,0
65.61,21,0.4791,2.2,0,0
29.79,3,0.0396,4.56,0,0
7.53,17,0.071,31.0,0,0
31.89,13,0.3242,5.19,1,0
24.54,14,0.4001,29.41,0,0
41.27,11,0.1192,15.18,0,0
27.0,5,0.1293,37.91,0,0
23.58,7,0.0445,30.13,0,0
26.4,8,0.0477,4.25,0,0
18.63,7,0.2982,4.91,0,0
143.4,1,0.1546,2.79,0,0
42.99,13,0.0725,30.78,0,0
25.48,16,0.2905,32.57,0,0
34.57,20,0.0486,7.87,0,0
99.9,16,0.101,8.51,0,0
49.23,20,0.0477,9.05,0,0
34.1,2,0.3399,9.13,0,0
90.37,22,0.3651,39.75,0,0
46.46,8,0.3057,6.38,1,0
34.51,5,0.3964,0.53,1,0
26.11,4,0.0724,16.12,0,0
71.42,19,0.1093,19.14,0,0
27.6,10,0.1217,13.87,1,0
20.03,0,0.1776,11.37,0,0
21.23,9,0.4187,2.39,0,0
134.65,16,0.3069,0.62,1,0
29.86,13,0.0615,13.78,0,0
22.89,7,0.3061,1.59,0,0
85.64,4,0.2284,27.27,0,0
127.82,3,0.4505,45.24,0,0
102.32,14,0.1568,10.1,1,0
54.14,20,0.2598,5.69,0,0
13.64,12,0.0865,3.9,0,0
86.04,13,0.4386,8.06,1,0
36.51,15,0.0407,0.08,0,0
85.31,0,0.0336,46.92,0,0
51.84,13,0.3967,1.96,0,0
55.22,21,0.0849,24.06,0,0
62.63,6,0.3296,11.52,0,0
50.2,4,0.2123,50.67,0,0
78.91,4,0.0446,7.92,0,0
61.13,2,0.1297,26.7,0,0
69.6,0,0.2168,1.56,0,0
38.1,7,0.4122,8.14,0,0
121.02,20,0.1506,43.84,0,0
8.41,0,0.1441,4.79,1,0
10.25,10,0.0669,18.63,1,0
7.25,17,0.1379,31.02,0,0
132.71,22,0.2525,18.38,0,0
78.74,19,0.1584,4.58,0,0
21.9,8,0.3856,6.6,0,0
27.18,12,0.1131,19.19,0,0
30.46,19,0.2531,8.41,0,0
24.17,6,0.0639,35.17,0,0
136.73,11,0.1324,2.23,1,0
60.03,5,0.2498,2.18,0,0
62.99,11,0.232,21.34,0,0
106.7,16,0.2272,6.81,1,0
47.37,0,0.0605,3.15,0,0
44.32,8,0.0716,12.82,0,0
37.71,21,0.2034,2.45,0,0
24.03,15,0.2143,7.52,0,0
16.21,20,0.2243,21.49,1,0
92.42,13,0.3423,1.23,0,0
43.64,23,0.1116,3.43,1,0
97.3,10,0.2578,0.77,1,0
9.8,0,0.1619,0.74,0,0
59.55,1,0.1906,6.66,0,0
68.59,23,0.3117,1.16,1,0
57.64,22,0.0958,9.99,0,0
129.77,5,0.1014,29.86,0,0
12.14,11,0.132,34.29,0,0
38.38,23,0.0408,5.53,0,0
20.5,19,0.2041,3.78,0,0
56.42,4,0.2664,8.27,0,0
31.04,21,0.1599,21.66,0,0
35.79,7,0.2534,6.6,0,0
70.86,21,0.3994,4.86,0,0
36.61,4,0.4616,2.99,0,0
79.81,14,0.0409,5.9,0,0
62.68,20,0.0277,1.39,0,0
79.45,10,0.1777,74.85,0,0
67.83,16,0.321,5.6,1,0
25.98,12,0.3031,16.71,0,0
71.94,4,0.3973,3.71,0,0
36.74,22,0.2944,1.27,0,0
25.14,17,0.2584,26.16,0,0
70.31,20,0.345,13.58,0,0
20.85,13,0.4338,0.09,0,0
82.65,19,0.1485,6.27,1,0
29.21,11,0.2137,3.05,0,0
96.97,1,0.1806,6.02,0,0
125.26,7,0.2454,41.06,0,0
93.36,14,0.1857,6.23,0,0
102.57,17,0.1061,5.12,0,0
49.01,5,0.1287,7.95,0,0
78.4,19,0.2313,0.93,0,0
40.37,22,0.1429,0.28,0,0
53.25,7,0.2984,4.46,0,0
26.19,18,0.1128,37.01,0,0
184.59,1,0.2712,69.15,0,0
75.17,7,0.1076,7.21,0,0
86.81,19,0.264,15.45,0,0
25.28,23,0.1329,21.83,0,0
52.5,6,0.119,1.91,0,0
19.29,18,0.0532,8.32,0,0
174.24,11,0.0961,4.17,0,0
29.18,10,0.1278,0.2,0,0
31.31,4,0.1055,6.19,1,0
15.58,10,0.0575,28.32,0,0
22.25,13,0.0086,3.18,0,0
71.73,1,0.1833,13.64,0,0
23.89,19,0.0937,30.16,0,0
37.73,4,0.3582,11.61,0,0
54.31,5,0.2696,29.01,0,0
25.14,17,0.2837,17.01,0,0
50.32,16,0.0226,10.83,0,0
75.21,22,0.5458,24.26,0,0
129.21,21,0.1486,45.98,0,0
32.81,8,0.1421,5.96,0,0
38.81,10,0.2681,4.48,1,0
23.58,7,0.57,7.24,1,0
144.48,16,0.3064,0.12,0,0
67.65,7,0.2362,2.89,0,0
92.11,0,0.3011,2.09,0,0
127.02,20,0.1456,18.4,0,0
39.48,16,0.0446,18.1,0,0
42.24,17,0.1189,10.51,0,0
22.68,13,0.224,0.4,0,0
25.67,6,0.1567,8.48,1,0
75.02,16,0.1939,24.85,0,0
22.13,21,0.082,1.21,0,0
37.64,11,0.1218,4.2,0,0
85.92,6,0.2624,0.16,0,0
39.91,9,0.2633,3.04,0,0
132.16,16,0.1777,7.39,0,0
22.04,19,0.1688,0.21,0,0
51.96,7,0.3966,8.29,0,0
30.31,2,0.2587,13.49,0,0
82.15,4,0.2232,10.65,1,0
58.03,14,0.0837,19.38,0,0
136.32,0,0.3174,1.39,0,0
105.72,20,0.3355,47.99,0,0
13.07,12,0.2616,36.49,0,0
47.91,17,0.4298,14.73,0,0
94.75,22,0.1038,20.96,1,0
24.33,4,0.182,0.83,0,0
13.11,6,0.2028,11.48,0,0
43.48,23,0.099,2.88,1,0
12.86,16,0.2248,14.55,0,0
111.1,3,0.2218,20.36,0,0
16.44,3,0.2864,7.85,0,0
49.15,21,0.111,3.97,0,0
44.38,1,0.2196,14.78,0,0
75.05,12,0.2407,2.45,0,0
51.49,10,0.0515,5.76,0,0
23.69,12,0.2907,3.52,0,0
132.85,10,0.2204,3.74,0,0
25.22,1,0.18,0.91,1,0
16.19,11,0.1112,24.58,0,0
26.03,21,0.162,2.64,0,0
23.27,3,0.153,12.72,1,0
21.41,17,0.0992,0.46,0,0
49.51,15,0.4016,5.77,0,0
106.51,3,0.2955,48.23,0,0
30.97,4,0.1401,41.11,0,0
27.85,7,0.2583,0.95,0,0
72.06,11,0.0636,2.68,0,0
67.71,20,0.1519,1.57,0,0
31.24,21,0.1322,4.83,0,0
21.79,11,0.254,7.16,0,0
75.04,9,0.2548,1.06,0,0
12.11,13,0.0711,1.35,0,0
11.44,18,0.1765,2.19,0,0
157.52,2,0.0785,22.01,0,0
27.89,1,0.1322,17.09,1,0
113.09,0,0.2817,3.27,0,0
91.92,10,0.0344,0.15,0,0
111.28,5,0.263,0.67,0,0
19.43,0,0.3175,1.24,0,0
16.48,10,0.1072,0.26,1,0
32.88,9,0.242,2.72,0,0
42.75,3,0.2137,12.48,1,0
14.37,8,0.0727,2.15,0,0
31.92,10,0.259,42.39,0,0
33.2,2,0.0961,5.35,0,0
30.84,4,0.3646,38.47,0,0
52.24,6,0.204,5.95,1,0
63.07,21,0.336,41.14,0,0
119.89,2,0.0695,37.41,0,0
54.31,16,0.1704,4.05,0,0
7.65,22,0.1506,7.16,0,0
10.52,16,0.2809,1.68,0,0
95.89,4,0.3473,1.92,0,0
17.91,20,0.1272,0.81,0,0
50.48,9,0.3258,0.55,0,0
31.18,12,0.108,15.72,1,0
58.08,22,0.0566,7.44,0,0
54.39,23,0.3549,15.21,0,0
38.07,2,0.2385,4.28,0,0
49.34,22,0.0573,3.74,0,0
56.86,5,0.1912,6.76,0,0
50.31,22,0.4333,3.66,0,0
45.47,13,0.2489,7.82,0,0
233.28,3,0.2598,4.63,0,0
42.43,13,0.1414,25.75,0,0
52.43,4,0.4989,24.61,0,0
55.09,6,0.4724,34.28,0,0
10.2,2,0.1914,4.22,0,0
27.27,11,0.3589,1.44,1,0
42.93,10,0.2215,21.22,0,0
12.83,1,0.0389,2.96,0,0
61.16,21,0.2052,12.34,1,0
34.45,10,0.2819,17.16,0,0
46.43,21,0.1817,45.31,0,0
91.14,0,0.3344,5.79,0,0
61.37,15,0.0357,12.11,0,0
26.0,13,0.102,15.76,0,0
32.75,21,0.29,6.25,0,0
28.09,9,0.1115,5.2,0,0
24.24,1,0.1102,17.79,0,0
33.45,12,0.124,2.9,0,0
50.22,4,0.1665,13.68,0,0
78.91,9,0.3975,8.7,0,0
31.92,2,0.0143,2.15,0,0
79.78,3,0.0528,31.41,0,0
31.02,8,0.2242,0.83,0,0
86.17,18,0.0558,21.75,0,0
56.52,16,0.042,3.09,0,0
46.12,8,0.1323,4.9,0,0
46.45,10,0.384,15.69,0,0
60.22,11,0.1932,13.58,0,0
21.05,8,0.2114,5.36,0,0
38.71,7,0.2027,4.47,0,0
26.5,0,0.292,15.61,1,0
105.13,12,0.1422,43.98,0,0
14.71,21,0.2596,46.74,1,0
41.31,23,0.3433,18.48,0,0
39.24,18,0.1024,2.08,0,0
55.49,13,0.3756,0.37,0,0
49.7,14,0.0577,4.81,1,0
47.4,19,0.0928,32.05,1,0
33.44,3,0.1798,8.36,0,0
17.67,10,0.0659,1.14,0,0
40.56,23,0.2079,29.81,0,0
75.49,3,0.0458,11.87,0,0
40.8,3,0.3368,10.84,1,0
138.04,9,0.0203,16.52,0,0
16.55,19,0.1402,1.2,0,0
53.46,7,0.1898,17.38,0,0
28.86,19,0.0519,5.51,0,0
4.93,17,0.064,1.6,0,0
30.03,2,0.0262,3.41,0,0
48.36,0,0.287,2.82,0,0
54.21,16,0.313,11.58,0,0
59.01,19,0.0551,28.2,0,0
92.51,4,0.109,1.03,0,0
71.46,8,0.088,4.23,0,0
9.92,5,0.0993,57.96,0,0
29.99,11,0.3115,6.34,0,0
122.3,18,0.3447,54.85,0,0
44.85,2,0.0728,8.18,0,0
29.26,16,0.0372,8.15,0,0
19.75,20,0.2461,9.94,0,0
40.14,3,0.0878,15.18,0,0
26.5,16,0.0595,32.96,0,0
16.46,11,0.2599,35.5,0,0
41.96,17,0.1155,1.58,0,0
64.14,15,0.4178,11.42,0,0
28.03,6,0.2079,21.2,0,0
35.24,11,0.1236,13.62,0,0
33.37,23,0.0586,2.52,0,0
53.14,19,0.2186,51.61,0,0
26.81,12,0.1702,0.47,0,0
24.54,5,0.4256,21.79,0,0
70.57,15,0.14,8.53,0,0
40.57,14,0.0524,17.15,0,0
30.23,5,0.0195,7.3,0,0
35.56,20,0.3174,6.03,0,0
76.41,10,0.2851,15.24,1,0
26.48,13,0.348,8.43,0,0
67.79,1,0.2725,15.2,0,0
233.16,6,0.1268,4.65,0,0
25.81,12,0.1494,13.46,0,0
28.51,15,0.2022,1.11,0,0
50.99,5,0.1167,3.56,0,0
17.6,20,0.23,20.16,0,0
55.53,19,0.1421,0.98,0,0
34.06,15,0.0872,6.2,0,0
117.87,17,0.182,4.26,0,0
78.65,17,0.2639,11.9,1,0
22.84,23,0.307,0.07,0,0
58.82,1,0.071,13.28,0,0
208.98,4,0.1494,15.01,0,0
18.71,1,0.3311,13.33,0,0
89.69,5,0.3224,8.64,0,0
18.15,17,0.3416,5.86,0,0
72.37,20,0.149,10.31,0,0
55.12,2,0.1112,60.0,0,0
15.77,18,0.1781,21.39,0,0
91.89,6,0.3938,21.44,0,0
121.61,4,0.2271,6.87,0,0
83.54,10,0.1385,6.69,0,0
75.23,0,0.0427,16.68,0,0
81.27,6,0.1578,10.68,0,0
53.04,8,0.077,14.14,0,0
145.73,19,0.3386,25.22,0,0
21.24,9,0.305,1.96,0,0
45.05,20,0.2072,1.32,1,0
45.29,20,0.2054,0.21,0,0
52.1,1,0.2813,5.97,0,0
28.13,6,0.2308,7.2,0,0
23.54,18,0.3616,10.34,0,0
48.65,18,0.1454,12.4,0,0
56.03,5,0.0794,18.32,0,0
52.33,19,0.0642,25.44,0,0
68.75,0,0.085,32.02,0,0
42.37,0,0.2924,4.6,0,0
15.56,17,0.2813,7.53,0,0
62.73,1,0.3221,21.33,0,0
146.88,14,0.1801,7.21,0,0
15.19,14,0.1482,11.37,0,0
54.81,21,0.1047,7.26,0,0
37.03,2,0.3005,16.63,0,0
23.95,15,0.1754,11.24,0,0
32.94,20,0.1788,4.89,0,0
13.84,23,0.353,2.83,0,0
124.86,21,0.0365,31.58,0,0
54.24,9,0.1559,6.33,0,0
51.53,6,0.07,3.54,0,0
40.05,22,0.2584,8.51,0,0
19.75,9,0.1636,1.32,0,0
72.44,18,0.1165,15.98,0,0
18.56,16,0.1156,4.16,0,0
43.7,11,0.1996,13.64,0,0
48.1,13,0.1249,0.38,0,0
80.78,2,0.5799,29.71,0,0
163.7,16,0.0757,2.99,0,0
51.43,16,0.0793,17.7,0,0
22.27,7,0.5677,1.41,0,0
124.46,23,0.5837,4.47,0,0
41.86,6,0.2119,7.38,0,0
63.72,16,0.1087,1.34,0,0
85.78,12,0.0851,35.3,0,0
64.61,9,0.1408,4.69,0,0
75.42,8,0.1962,10.37,0,0
21.2,22,0.229,9.63,0,0
23.79,12,0.0487,0.69,0,0
41.75,22,0.1152,1.74,0,0
27.9,11,0.2054,0.18,0,0
46.52,9,0.2318,8.24,0,0
38.19,11,0.1011,2.21,0,0
26.96,1,0.0427,4.57,0,0
42.6,18,0.3144,30.84,0,0
161.87,19,0.085,6.79,0,0
63.13,13,0.0869,1.92,0,0
50.53,9,0.1009,17.25,1,0
21.63,6,0.1054,20.78,0,0
85.17,3,0.1551,6.76,0,0
36.27,3,0.0603,5.2,0,0
20.16,9,0.1325,11.97,1,0
128.15,8,0.2584,18.93,0,0
25.01,12,0.5444,1.88,0,0
129.56,16,0.1436,0.42,0,0
150.63,13,0.0696,3.69,0,0
34.63,21,0.2487,1.92,0,0
47.46,14,0.3497,1.26,1,0
70.27,22,0.0537,28.9,0,0
76.05,3,0.0314,71.61,0,0
43.42,6,0.1883,9.79,0,0
45.96,20,0.2587,7.72,0,0
47.06,19,0.4963,50.76,0,0
20.39,1,0.3048,11.63,0,0
88.15,2,0.3199,10.25,0,0
41.67,7,0.1943,2.1,0,0
58.73,13,0.114,10.54,0,0
36.53,22,0.3911,20.63,0,0
27.58,16,0.1,0.16,0,0
38.45,20,0.0803,2.95,0,0
90.31,20,0.2471,20.29,0,0
53.9,11,0.1418,16.05,0,0
114.74,4,0.101,9.17,0,0
47.36,17,0.4468,34.39,0,0
77.28,21,0.1994,4.58,0,0
75.03,8,0.1148,12.7,0,0
54.24,18,0.2631,16.16,0,0
48.85,4,0.0626,20.57,0,0
19.52,20,0.1825,8.65,0,0
42.4,14,0.0595,11.11,0,0
71.19,5,0.1633,25.56,0,0
8.05,11,0.0752,16.93,0,0
41.1,15,0.0985,5.61,0,0
57.82,3,0.119,2.72,0,0
59.78,14,0.0748,44.79,0,0
88.55,17,0.1517,4.61,0,0
197.53,17,0.2024,2.47,0,0
40.18,14,0.2571,9.02,0,0
80.51,4,0.0738,8.94,0,0
49.91,2,0.1371,4.05,0,0
43.3,4,0.4705,5.51,0,0
53.87,17,0.0989,16.22,1,0
74.24,0,0.0892,0.1,1,0
44.72,4,0.2504,4.21,0,0
69.24,4,0.075,23.06,0,0
12.15,19,0.275,36.17,0,0
35.05,6,0.1114,11.98,0,0
45.37,1,0.3179,0.87,0,0
67.17,18,0.1832,43.03,0,0
46.34,22,0.2314,2.7,0,0
95.22,18,0.1242,111.04,0,0
42.83,4,0.1647,2.12,0,0
44.15,9,0.3629,6.92,0,0
49.05,14,0.3109,5.45,1,0
221.63,20,0.0588,10.17,0,0
27.4,10,0.2254,51.89,0,0
56.74,6,0.063,7.45,0,0
16.75,18,0.363,5.08,0,0
31.3,16,0.4234,27.55,0,0
45.71,5,0.1198,8.65,0,0
43.73,6,0.148,0.19,0,0
24.52,10,0.1549,2.94,0,0
41.88,18,0.2637,2.45,0,0
27.21,19,0.1532,5.97,0,0
17.17,11,0.3528,9.72,1,0
140.87,13,0.3126,12.49,0,0
134.63,8,0.2062,26.79,0,0
100.06,23,0.216,2.96,0,0
105.9,15,0.2641,16.9,0,0
95.43,19,0.0815,19.49,0,0
64.0,6,0.2851,24.58,0,0
6.99,12,0.0835,14.54,0,0
99.71,4,0.2957,21.24,0,0
60.11,7,0.4735,41.93,1,0
33.97,15,0.1563,29.02,0,0
65.2,9,0.1068,5.6,0,0
50.69,3,0.0539,21.07,0,0
51.25,14,0.1779,4.88,0,0
33.74,0,0.3161,12.76,0,0
27.07,10,0.0908,49.93,0,0
25.27,20,0.1163,10.97,0,0
39.96,16,0.0826,22.35,0,0
72.01,2,0.2112,33.18,1,0
62.91,17,0.0206,30.39,1,0
24.1,5,0.197,22.95,0,0
48.91,14,0.3574,32.31,0,0
42.14,13,0.0249,30.17,0,0
213.92,22,0.1374,5.74,0,0
103.48,20,0.1459,23.94,0,0
51.67,22,0.0785,1.3,0,0
22.11,0,0.2098,23.56,0,0
22.17,12,0.2407,18.96,0,0
47.42,10,0.097,12.55,0,0
121.66,23,0.1778,6.93,0,0
26.57,13,0.2016,6.72,1,0
24.64,21,0.3196,30.17,0,0
8.27,16,0.4222,36.09,0,0
23.06,23,0.1508,7.08,0,0
13.78,2,0.1785,8.0,0,0
28.46,16,0.2741,24.3,0,0
59.6,18,0.195,13.22,1,0
145.01,2,0.1146,0.89,0,0
83.16,5,0.0227,17.42,0,0
30.35,6,0.41,21.65,0,0
78.6,23,0.172,12.2,0,0
125.99,2,0.0445,27.05,0,0
24.13,16,0.0773,10.21,0,0
67.27,19,0.2527,20.8,0,0
178.46,19,0.2483,2.28,0,0
59.07,11,0.1915,1.08,0,0
43.26,12,0.1937,4.15,0,0
128.85,8,0.2062,4.01,0,0
23.52,22,0.0497,4.44,0,0
33.89,17,0.3298,12.42,1,0
115.61,14,0.2366,27.26,0,0
17.41,7,0.2589,19.72,0,0
32.08,5,0.1455,15.36,1,0
145.61,14,0.1732,14.6,0,0
37.4,12,0.2281,11.25,0,0
31.32,16,0.3596,2.93,0,0
23.78,19,0.1709,7.85,0,0
19.7,10,0.3333,33.68,0,0
37.9,1,0.4123,0.14,0,0
20.32,22,0.1221,12.14,0,0
25.34,6,0.1091,23.54,1,0
132.71,8,0.0804,26.68,0,0
26.56,13,0.0432,39.11,0,0
88.78,21,0.2801,2.57,0,0
56.51,7,0.1734,1.55,0,0
66.48,19,0.3422,9.7,1,0
21.45,8,0.2785,1.87,1,0
91.13,20,0.3224,19.52,0,0
73.29,22,0.1118,22.76,0,0
35.45,1,0.1645,5.84,0,0
28.12,6,0.4965,3.13,0,0
61.82,22,0.1722,14.6,0,0
55.95,0,0.3731,5.43,0,0
27.0,23,0.216,13.96,1,0
27.1,17,0.0921,5.05,0,0
45.05,17,0.0463,7.29,0,0
79.22,20,0.3199,4.82,0,0
36.04,12,0.2635,22.12,0,0
52.01,19,0.1012,26.15,0,0
70.04,0,0.3481,34.25,0,0
47.06,7,0.0404,11.33,0,0
38.1,8,0.1017,9.93,0,0
56.38,21,0.0795,15.53,0,0
92.0,18,0.2577,7.05,0,0
13.89,18,0.3165,10.89,1,0
27.17,2,0.5139,0.49,0,0
109.38,18,0.4099,13.83,1,1
90.26,23,0.2675,49.02,0,0
66.49,21,0.0866,6.32,0,0
39.13,20,0.1346,30.9,0,0
63.68,4,0.2945,27.17,0,0
41.02,22,0.2265,2.26,0,0
26.01,15,0.1946,7.8,0,0
53.69,1,0.1507,10.27,0,0
39.19,15,0.2187,3.02,0,0
15.97,11,0.3245,4.25,0,0
11.83,12,0.0622,9.12,0,0
34.3,12,0.2483,14.47,0,0
40.9,12,0.4889,14.17,1,0
19.86,17,0.0883,13.33,0,0
13.39,19,0.147,94.45,0,0
113.02,9,0.2865,0.11,0,0
42.85,0,0.0494,13.31,0,0
50.17,0,0.25,5.16,0,0
71.38,6,0.0761,51.65,0,0
14.68,4,0.0448,17.82,0,0
54.68,18,0.3092,4.04,0,0
53.68,15,0.2435,31.03,0,0
59.62,10,0.3017,32.32,0,0
32.3,22,0.3673,5.15,0,0
151.02,0,0.3111,5.27,0,0
24.58,16,0.0755,10.48,0,0
58.75,3,0.0933,22.02,0,0
80.66,8,0.0759,5.37,0,0
111.28,12,0.1736,9.97,0,0
66.1,3,0.1247,4.96,0,0
94.58,8,0.254,25.24,0,0
36.88,1,0.0673,11.33,0,0
19.39,13,0.1945,18.92,0,0
20.25,5,0.1704,74.84,0,0
39.44,9,0.209,12.02,0,0
57.76,23,0.2576,17.24,1,0
81.2,6,0.6746,59.88,0,0
39.0,15,0.1834,32.27,0,0
21.95,4,0.3131,7.59,0,0
24.78,1,0.1504,13.26,0,0
102.6,8,0.2362,6.45,0,0
44.83,19,0.11,13.49,0,0
64.5,17,0.1764,13.02,0,0
61.6,23,0.0185,28.71,0,0
33.44,1,0.3935,15.9,0,0
25.74,6,0.1779,23.26,0,0
19.01,20,0.321,5.77,0,0
36.0,4,0.1935,0.83,0,0
99.98,22,0.0397,19.65,0,0
20.42,18,0.1978,3.74,0,0
38.54,0,0.1051,7.29,0,0
52.01,16,0.3068,13.47,1,0
21.3,17,0.0545,13.81,0,0
68.64,17,0.1449,5.45,0,0
32.06,12,0.0933,18.58,1,0
94.35,20,0.0597,31.92,0,0
138.53,18,0.2009,5.56,0,0
51.98,8,0.3836,29.14,0,0
82.33,0,0.2614,48.51,0,0
48.43,8,0.3725,7.29,0,0
28.23,23,0.2337,11.64,1,0
96.88,14,0.2528,4.08,0,0
80.52,15,0.1979,40.67,0,0
25.73,10,0.0841,36.37,0,0
121.62,21,0.2657,22.51,0,0
61.39,15,0.2937,21.12,0,0
59.15,19,0.009,20.23,0,0
123.74,14,0.1919,12.79,0,0
26.41,17,0.168,14.28,0,0
31.04,12,0.1817,25.1,0,0
37.27,20,0.1551,21.73,0,0
18.31,9,0.1653,8.08,1,0
55.87,23,0.1354,16.56,0,0
24.99,1,0.1127,12.25,0,0
39.85,10,0.1345,14.54,1,0
49.63,8,0.0889,5.23,0,0
32.12,1,0.2319,9.66,0,0
25.07,9,0.0443,57.25,0,0
50.63,15,0.2686,4.02,0,0
9.4,7,0.1287,0.33,0,0
69.22,18,0.0559,9.45,0,0
30.75,21,0.0468,11.5,0,0
30.97,22,0.497,2.77,0,0
55.34,19,0.0722,19.96,1,0
17.51,18,0.2265,22.39,0,0
17.98,18,0.0288,40.12,0,0
74.89,6,0.053,18.61,0,0
20.24,21,0.0351,1.1,0,0
66.37,16,0.1635,0.33,0,0
38.8,17,0.0412,12.55,0,0
38.42,23,0.1809,10.87,1,0
26.38,14,0.1236,25.69,1,0
100.6,20,0.1829,14.07,0,0
119.62,22,0.2635,11.68,0,0
44.44,6,0.0476,2.99,0,0
53.9,16,0.0241,42.3,0,0
54.62,19,0.1296,13.73,0,0
109.86,23,0.2361,44.25,0,0
105.92,23,0.152,0.6,0,0
6.6,6,0.1326,14.11,0,0
29.44,14,0.145,3.8,1,0
48.68,21,0.2572,24.48,0,0
11.13,13,0.4286,10.3,0,0
74.48,22,0.2072,12.22,0,0
27.61,18,0.2597,3.95,0,0
15.46,1,0.0864,16.64,1,0
12.58,15,0.2171,6.48,0,0
35.65,12,0.2598,3.93,0,0
82.98,15,0.2327,12.15,0,0
55.31,20,0.2687,38.02,0,0
61.18,3,0.4351,43.92,0,0
50.34,0,0.1093,55.41,0,0
38.22,3,0.2373,0.14,1,0
74.41,20,0.0187,43.89,0,0
25.45,23,0.2106,2.71,0,0
67.44,16,0.3058,5.38,0,0
45.22,21,0.0855,3.98,0,0
50.32,1,0.2049,10.54,0,0
63.97,1,0.0248,24.58,0,0
124.3,16,0.2651,0.49,0,0
68.33,10,0.3538,5.26,1,0
29.94,16,0.1939,2.04,0,0
104.36,6,0.1289,3.74,0,0
93.17,8,0.3482,4.28,0,0
15.23,17,0.0067,1.11,0,0
35.54,23,0.0306,9.46,0,0
90.29,23,0.2405,4.93,0,0
49.48,15,0.2815,5.74,0,0
94.47,15,0.0552,1.97,1,0
21.55,8,0.2513,42.34,0,0
58.71,0,0.5219,14.58,0,0
102.14,21,0.3075,1.97,0,0
22.36,1,0.4334,8.76,0,0
33.43,9,0.0719,47.23,0,0
65.86,17,0.3164,8.78,0,0
65.75,3,0.1302,5.7,0,0
6.66,21,0.1552,0.89,0,0
92.44,16,0.5116,5.87,0,0
158.37,5,0.2168,11.17,0,0
73.27,5,0.1093,7.83,0,0
23.56,21,0.2825,3.01,0,0
38.39,12,0.1539,3.29,0,0
239.2,18,0.0469,4.42,0,0
114.07,7,0.5481,18.2,0,0
30.92,15,0.0333,29.36,0,0
50.58,21,0.1388,9.11,0,0
128.18,8,0.0726,14.69,0,0
21.69,22,0.1875,28.34,0,0
28.87,2,0.1438,16.96,0,0
43.89,12,0.1324,2.68,0,0
99.11,0,0.1567,2.01,0,0
29.88,2,0.1467,7.71,0,0
38.64,1,0.2388,16.75,0,0
142.3,11,0.1102,5.26,0,0
22.88,5,0.2834,9.5,0,0
80.43,1,0.1382,19.72,0,0
51.21,6,0.1591,20.41,0,0
31.43,13,0.2539,46.15,0,0
15.95,12,0.0177,2.49,0,0
55.02,23,0.5837,10.02,0,0
39.86,16,0.2361,1.38,0,0
52.02,21,0.0773,13.04,0,0
97.89,17,0.0865,11.51,0,0
28.03,2,0.05,4.81,1,0
49.52,7,0.1575,4.38,0,0
35.34,16,0.0482,27.38,0,0
47.61,18,0.0213,0.86,0,0
47.84,9,0.1534,16.98,0,0
60.62,18,0.3513,14.7,0,0
17.51,21,0.1577,13.77,0,0
52.47,16,0.2148,21.56,0,0
85.35,4,0.4697,31.45,0,0
69.86,11,0.1001,5.48,0,0
45.7,11,0.8753,221.52,1,1
48.28,4,0.1812,5.77,1,0
86.85,11,0.1428,1.6,0,0
38.53,12,0.3007,25.78,0,0
62.57,7,0.2217,27.83,0,0
36.41,8,0.2762,3.63,0,0
21.22,14,0.0606,42.11,0,0
92.56,20,0.0982,14.44,0,0
23.02,3,0.4305,7.97,1,0
46.61,18,0.2201,14.7,1,0
35.82,5,0.2801,9.68,0,0
44.71,19,0.1372,53.59,0,0
50.95,4,0.1927,9.13,0,0
25.08,16,0.3209,0.31,0,0
112.41,15,0.146,2.77,0,0
33.78,14,0.3351,3.8,0,0
52.75,9,0.2665,34.31,0,0
39.99,8,0.1606,15.7,0,0
95.34,12,0.2641,4.29,0,0
192.18,1,0.3983,18.91,0,0
85.48,19,0.0858,17.11,0,0
28.95,12,0.2124,13.54,1,0
40.93,6,0.2391,2.61,0,0
38.94,12,0.1663,0.96,0,0
66.07,2,0.2433,47.77,1,0
142.52,5,0.1951,30.3,0,0
14.25,19,0.1344,4.06,0,0
31.26,11,0.2402,2.52,1,0
54.89,20,0.0589,0.6,0,0
20.53,16,0.2283,4.42,0,0
22.52,0,0.1871,10.96,0,0
77.05,3,0.105,1.27,0,0
32.5,19,0.0909,9.71,0,0
31.19,2,0.0639,33.67,0,0
70.84,21,0.1286,23.64,0,0
54.09,21,0.284,2.33,0,0
32.33,21,0.2114,1.11,0,0
93.65,10,0.266,6.72,1,0
46.24,15,0.2054,5.96,0,0
30.42,5,0.2339,7.4,0,0
25.51,14,0.2223,16.17,0,0
29.47,18,0.3308,10.92,0,0
247.96,22,0.7162,126.39,1,1
36.13,2,0.1988,18.7,0,0
67.41,5,0.0659,2.73,0,0
18.11,5,0.187,3.04,0,0
134.74,3,0.2491,23.9,0,0
69.12,20,0.1834,29.62,0,0
55.67,5,0.0626,1.69,0,0
23.44,16,0.0334,38.85,0,0
24.57,16,0.4278,15.99,1,0
138.7,17,0.3133,7.47,0,0
203.79,3,0.2235,1.51,0,0
73.97,6,0.254,37.12,0,0
61.68,11,0.108,17.47,1,0
20.36,4,0.1959,3.88,1,0
70.79,5,0.132,28.08,0,0
29.29,0,0.2004,35.42,1,0
8.39,3,0.183,26.63,0,0
203.79,5,0.0477,5.04,0,0
42.48,23,0.163,17.32,0,0
34.05,3,0.2821,3.78,0,0
100.84,8,0.2056,10.42,1,0
13.1,18,0.3956,7.6,0,0
202.38,8,0.2794,43.07,0,0
108.02,22,0.2061,1.25,0,0
25.87,19,0.2737,9.19,0,0
27.86,8,0.2496,59.21,0,0
35.48,15,0.3173,24.18,0,0
116.7,16,0.0514,4.51,0,0
35.96,18,0.0769,12.3,0,0
19.82,11,0.1532,23.01,0,0
16.01,3,0.1008,36.98,0,0
21.86,4,0.2062,54.87,0,0
15.38,14,0.0301,15.52,0,0
32.76,19,0.039,25.02,0,0
36.36,22,0.1779,2.5,1,0
9.89,23,0.1566,40.39,0,0
11.37,6,0.2271,24.75,0,0
32.1,15,0.1306,5.54,0,0
68.65,8,0.3486,0.03,1,0
83.32,14,0.1205,13.97,0,0
68.86,7,0.2784,2.26,0,0
22.87,6,0.0923,15.17,1,0
70.27,9,0.2759,7.5,0,0
73.58,20,0.2112,5.1,1,0
131.61,16,0.1307,2.37,0,0
45.97,5,0.2825,11.3,0,0
20.09,2,0.0684,0.82,0,0
41.45,1,0.0875,45.93,0,0
30.08,7,0.1798,38.09,0,0
117.2,0,0.2762,14.47,1,0
18.7,6,0.1929,10.95,0,0
70.78,9,0.149,17.7,0,0
20.33,22,0.1246,11.34,0,0
79.16,3,0.0986,0.78,1,0
59.46,22,0.0897,0.88,0,0
44.81,10,0.0688,12.27,0,0
122.35,1,0.2837,9.95,0,0
37.83,19,0.1687,0.47,0,0
47.63,22,0.2499,19.76,1,0
17.17,23,0.2125,6.52,0,0
43.49,2,0.1311,41.38,0,0
12.5,2,0.0698,7.36,0,0
93.39,21,0.0728,16.76,0,0
36.47,20,0.1554,11.02,0,0
46.36,18,0.3174,5.62,0,0
92.37,3,0.3146,8.48,0,0
50.3,21,0.0872,4.2,0,0
44.73,19,0.2956,12.21,0,0
120.74,22,0.1962,1.92,0,0
148.27,19,0.2598,9.87,0,0
146.35,13,0.3139,39.38,0,0
34.26,20,0.2015,2.95,0,0
12.8,21,0.1717,7.91,0,0
115.51,8,0.2482,21.7,0,0
190.61,7,0.1633,11.07,1,0
35.93,21,0.1578,23.16,0,0
34.43,2,0.3163,7.85,0,0
25.34,10,0.2781,23.67,0,0
50.07,2,0.2649,8.34,0,0
20.14,9,0.5168,5.04,0,0
71.62,18,0.3547,0.16,0,0
38.02,4,0.0955,38.55,0,0
43.04,21,0.0499,38.51,0,0
56.44,1,0.2183,2.45,0,0
25.44,1,0.1467,12.6,0,0
27.01,20,0.3124,1.61,0,0
91.24,22,0.1886,10.14,0,0
51.73,2,0.0751,23.07,0,0
36.37,6,0.6224,16.24,0,0
61.67,11,0.2201,11.64,1,0
79.9,20,0.3773,35.48,0,0
53.41,4,0.064,7.52,0,0
101.93,7,0.3585,3.34,0,0
51.34,19,0.1599,7.69,0,0
57.22,0,0.3576,3.27,0,0
21.4,14,0.2834,27.91,0,0
24.64,18,0.3773,46.61,0,0
106.38,6,0.0145,7.2,0,0
45.44,22,0.0701,9.94,0,0
43.83,13,0.5769,4.75,0,0
28.74,3,0.3677,57.41,0,0
29.13,5,0.017,11.91,0,0
40.23,16,0.1215,2.52,0,0
37.88,1,0.1722,5.95,0,0
32.0,7,0.145,11.86,0,0
57.99,14,0.1498,29.42,0,0
24.67,19,0.0944,1.9,0,0
56.78,4,0.2084,12.45,0,0
20.27,22,0.2092,2.71,0,0
122.65,4,0.0865,2.55,0,0
37.3,18,0.2079,8.48,0,0
78.71,15,0.2749,20.78,0,0
55.02,22,0.1033,38.29,0,0
42.26,15,0.1541,6.04,0,0
84.45,9,0.3511,25.88,0,0
24.65,4,0.2573,1.53,1,0
87.61,3,0.1553,17.53,0,0
55.95,10,0.143,7.48,1,0
28.67,13,0.1998,4.87,0,0
45.68,1,0.0252,38.65,0,0
12.02,4,0.1223,27.29,0,0
55.52,22,0.2329,17.45,0,0
29.66,9,0.028,33.73,0,0
25.87,10,0.212,0.04,0,0
3.89,7,0.1586,47.64,0,0
48.8,9,0.083,16.74,0,0
45.9,5,0.0761,14.7,0,0
36.53,7,0.099,25.32,0,0
58.74,2,0.1933,7.12,0,0
40.04,11,0.2041,3.44,0,0
37.04,22,0.0847,35.05,0,0
25.38,2,0.2515,6.91,0,0
21.25,14,0.0043,13.44,0,0
47.49,19,0.4415,1.11,1,0
33.01,22,0.1582,0.92,0,0
59.91,9,0.2028,1.36,0,0
66.92,8,0.1769,43.93,0,0
74.44,4,0.173,17.69,0,0
167.88,4,0.0421,1.2,0,0
17.65,2,0.1499,4.78,0,0
24.94,18,0.1323,14.26,0,0
54.04,5,0.4309,22.07,1,0
23.77,17,0.5307,13.78,0,0
54.15,13,0.1013,0.25,0,0
39.16,0,0.3283,3.13,0,0
15.69,23,0.2918,2.74,1,0
61.31,11,0.1269,2.31,1,0
105.82,3,0.2605,20.67,0,0
73.51,6,0.0832,1.93,1,0
23.37,21,0.2361,42.35,0,0
98.51,2,0.0888,0.52,0,0
47.05,19,0.2035,16.3,0,0
44.72,19,0.0407,7.68,0,0
100.76,17,0.2836,3.91,0,0
30.21,8,0.0524,1.12,0,0
136.49,1,0.1372,1.77,0,0
74.65,17,0.4787,8.6,1,0
20.2,1,0.1097,45.21,0,0
59.63,20,0.0788,16.69,1,0
36.05,8,0.0328,9.01,0,0
48.91,1,0.1955,2.76,0,0
25.74,14,0.1247,15.96,0,0
11.42,17,0.2834,0.44,0,0
16.11,13,0.2038,32.72,0,0
12.42,23,0.1442,10.31,0,0
77.82,8,0.0815,14.06,0,0
46.54,19,0.1134,2.59,0,0
11.41,10,0.2265,7.16,0,0
59.66,14,0.0205,31.08,0,0
225.77,5,0.1914,0.75,0,0
59.69,23,0.3135,21.02,0,0
31.2,2,0.0899,7.63,0,0
45.32,1,0.0872,45.79,0,0
29.62,18,0.2295,110.36,0,0
76.07,21,0.2076,32.25,1,0
98.94,22,0.2605,15.4,0,0
119.65,19,0.0343,8.72,1,0
25.81,11,0.3229,54.45,0,0
16.55,22,0.1789,13.99,0,0
33.64,21,0.227,63.01,0,0
22.31,21,0.2265,16.54,0,0
32.92,1,0.71,0.72,1,1
63.47,16,0.1295,8.11,0,0
34.78,1,0.1517,47.74,0,0
56.07,1,0.2549,32.86,0,0
28.56,11,0.1417,1.73,0,0
20.07,4,0.088,2.81,1,0
51.43,9,0.2417,13.51,0,0
74.49,21,0.1309,15.52,0,0
42.22,19,0.0403,0.73,0,0
56.99,3,0.0885,35.23,0,0
84.9,13,0.1345,8.56,0,0
33.58,10,0.6163,5.02,0,0
72.42,18,0.3492,1.97,0,0
57.21,16,0.0701,7.84,0,0
57.14,15,0.1346,37.18,0,0
28.68,6,0.3907,14.08,0,0
11.48,1,0.0639,18.31,0,0
32.15,11,0.4338,19.04,0,0
33.83,0,0.3185,16.02,0,0
54.8,12,0.1102,37.21,0,0
6.47,12,0.4168,7.79,0,0
23.57,0,0.0886,5.1,0,0
49.3,22,0.1481,18.14,0,0
20.98,12,0.2954,3.26,1,0
67.36,12,0.1434,5.26,1,0
64.81,13,0.2375,2.55,0,0
40.37,2,0.324,25.75,0,0
54.47,2,0.1918,15.59,0,0
56.83,0,0.1903,3.94,0,0
83.32,16,0.3195,28.18,1,0
25.46,7,0.2375,7.82,1,0
360.88,7,0.0589,40.07,0,0
35.9,5,0.3319,15.54,0,0
20.4,15,0.1678,5.77,0,0
62.97,17,0.0983,9.04,0,0
18.77,7,0.1078,65.9,0,0
56.53,0,0.043,11.74,0,0
25.57,15,0.2186,2.65,0,0
58.42,18,0.072,43.72,0,0
123.57,17,0.0683,27.67,0,0
16.71,0,0.0999,18.93,0,0
15.2,5,0.0379,11.14,0,0
44.24,14,0.3625,74.33,0,0
21.95,11,0.172,8.29,0,0
87.07,7,0.1038,6.84,0,0
51.43,16,0.1251,42.58,0,0
50.33,3,0.1692,9.02,0,0
20.53,10,0.1663,0.37,0,0
13.14,23,0.2818,46.47,0,0
19.77,12,0.468,20.44,0,0
25.86,0,0.1874,0.69,0,0
34.8,4,0.2459,1.08,0,0
17.11,6,0.1234,20.11,1,0
24.12,1,0.4455,7.24,0,0
61.02,0,0.2853,0.09,0,0
94.18,0,0.1514,15.8,0,0
21.15,2,0.0258,17.45,0,0
24.01,23,0.2966,24.73,1,0
32.46,14,0.2068,0.29,0,0
25.3,20,0.1879,1.49,0,0
32.74,3,0.1711,2.62,0,0
40.75,11,0.1122,0.93,1,0
47.38,9,0.2788,2.85,0,0
47.91,12,0.2937,5.32,0,0
27.79,21,0.3371,19.86,0,0
18.92,16,0.1063,0.45,0,0
31.58,9,0.6119,133.07,1,1
72.84,9,0.0697,3.3,1,0
47.68,3,0.0243,15.8,0,0
45.92,20,0.0377,3.21,0,0
33.28,2,0.075,2.76,1,0
51.22,4,0.1883,30.29,0,0
77.15,23,0.1937,56.05,1,0
80.48,15,0.1621,6.68,0,0
30.87,10,0.1617,20.69,1,0
72.41,3,0.0596,2.19,0,0
117.56,16,0.3568,12.06,0,0
154.55,22,0.0856,41.44,0,0
61.53,20,0.3224,23.32,0,0
69.6,3,0.1487,9.1,1,0
114.31,5,0.2497,50.12,0,0
75.56,16,0.23,19.44,0,0
27.18,15,0.1187,24.07,0,0
135.49,1,0.0188,17.79,0,0
70.84,21,0.2153,6.94,0,0
33.19,15,0.157,18.76,0,0
108.4,21,0.2349,4.98,0,0
94.1,0,0.2741,25.23,0,0
38.73,17,0.1405,0.95,0,0
39.43,14,0.2944,15.94,1,0
9.27,7,0.1803,1.35,0,0
26.91,9,0.1891,3.22,0,0
209.66,12,0.1009,1.32,0,0
17.12,8,0.1465,32.7,1,0
27.66,22,0.1758,11.75,0,0
37.33,9,0.1272,5.95,1,0
72.56,7,0.1812,9.06,0,0
33.49,3,0.0811,1.97,1,0
33.23,8,0.4307,52.49,0,0
54.69,20,0.1919,17.56,0,0
62.15,18,0.1324,8.91,0,0
70.05,14,0.3634,8.81,0,0
30.99,3,0.3059,8.98,0,0
13.75,4,0.4677,4.11,0,0
33.54,20,0.1573,9.71,0,0
37.59,2,0.1939,49.86,0,0
27.41,2,0.0993,19.15,0,0
61.22,10,0.1332,12.14,0,0
97.95,12,0.2213,4.64,0,0
44.05,5,0.1463,18.68,0,0
35.68,10,0.2513,44.38,0,0
57.21,17,0.0274,6.68,1,0
67.22,10,0.0631,1.58,0,0
29.12,1,0.0326,15.04,0,0
114.43,10,0.0645,4.43,0,0
129.69,3,0.3721,53.18,1,0
22.17,7,0.3493,20.15,0,0
24.62,14,0.119,0.92,0,0
74.59,17,0.3246,27.83,0,0
56.02,3,0.1632,0.25,0,0
74.04,21,0.2075,4.85,0,0
32.66,3,0.1865,18.73,0,0
20.63,17,0.283,39.09,0,0
100.29,9,0.218,19.83,0,0
87.74,8,0.1461,10.67,0,0
33.64,10,0.2564,5.56,0,0
58.2,3,0.1268,9.89,0,0
18.09,16,0.1683,14.38,0,0
90.84,17,0.4773,8.54,0,0
56.4,4,0.4777,35.59,0,0
38.72,11,0.1401,8.65,0,0
126.91,12,0.3748,21.37,1,0
54.4,19,0.0703,4.41,0,0
14.15,4,0.1314,21.6,1,0
47.81,14,0.0806,55.27,0,0
70.42,10,0.2356,8.81,0,0
39.79,17,0.1993,25.53,0,0
37.63,13,0.1774,10.55,1,0
101.07,21,0.2077,13.06,0,0
31.7,1,0.4158,10.65,0,0
27.29,12,0.052,14.89,1,0
57.49,20,0.4604,7.65,0,0
14.03,1,0.2854,24.61,0,0
46.66,13,0.2115,0.5,1,0
15.55,7,0.4714,25.25,0,0
16.65,11,0.116,32.18,0,0
74.18,22,0.0489,0.05,0,0
82.5,6,0.3159,3.2,0,0
111.86,4,0.0882,16.95,0,0
77.23,15,0.1356,39.8,0,0
38.54,21,0.1461,12.96,1,0
16.4,21,0.3122,30.34,0,0
87.38,21,0.1861,12.66,0,0
51.6,7,0.2793,7.22,0,0
26.57,16,0.1215,1.51,0,0
61.6,7,0.0637,5.96,1,0
42.89,11,0.3834,30.56,1,0
182.32,15,0.2836,6.1,0,0
64.82,4,0.2335,2.52,1,0
26.64,22,0.2846,4.53,1,0
53.12,20,0.273,39.42,0,0
44.14,1,0.1657,14.23,0,0
37.77,2,0.1702,3.68,0,0
31.44,22,0.1829,0.06,0,0
25.37,19,0.1802,6.57,0,0
42.58,13,0.1512,15.69,1,0
14.74,6,0.2735,10.59,0,0
16.24,11,0.9132,17.71,1,1
9.71,12,0.3786,48.34,0,0
61.71,9,0.2204,4.11,0,0
30.59,22,0.149,71.5,0,0
22.09,0,0.0983,12.81,0,0
16.49,4,0.1031,21.54,0,0
37.96,1,0.2207,9.19,0,0
59.48,13,0.0704,25.7,0,0
123.69,12,0.1276,5.54,0,0
105.13,10,0.1994,1.13,0,0
127.05,16,0.1736,22.11,0,0
47.95,7,0.1882,2.61,0,0
56.41,13,0.0914,7.32,0,0
98.55,2,0.1354,8.73,0,0
42.76,8,0.0796,5.44,1,0
59.92,10,0.0968,0.77,0,0
43.82,0,0.3197,2.33,1,0
32.34,11,0.0419,2.07,0,0
59.2,0,0.1685,10.07,0,0
103.71,12,0.3201,46.7,0,0
17.85,20,0.1551,1.4,0,0
19.87,6,0.2932,5.73,0,0
39.58,9,0.5645,10.74,0,0
46.74,9,0.4697,2.17,0,0
46.72,18,0.2411,34.7,0,0
13.47,7,0.0858,13.25,0,0
24.59,10,0.0684,12.73,1,0
56.35,1,0.0191,9.37,0,0
20.35,22,0.076,21.5,0,0
34.21,8,0.0617,6.72,0,0
84.97,9,0.1968,10.28,1,0
48.84,20,0.0928,29.13,1,0
58.53,15,0.3131,51.22,0,0
132.64,10,0.2701,36.69,0,0
20.42,22,0.1112,14.92,0,0
18.1,7,0.0699,8.02,0,0
30.18,21,0.176,20.49,0,0
35.43,18,0.0926,37.99,0,0
31.91,4,0.2067,2.68,0,0
67.76,10,0.1877,3.69,0,0
19.95,5,0.11,37.25,0,0
135.22,4,0.5205,50.47,0,0
20.46,22,0.0443,41.66,0,0
27.54,17,0.1081,25.1,1,0
260.87,21,0.1062,20.39,0,0
53.6,11,0.3943,3.19,0,0
67.9,19,0.1696,9.68,0,0
12.77,5,0.2348,9.28,0,0
46.88,12,0.1253,1.17,0,0
23.9,4,0.1181,6.64,0,0
36.01,4,0.2374,2.56,0,0
78.69,7,0.076,56.15,0,0
53.41,5,0.077,12.72,0,0
61.76,11,0.266,0.02,0,0
53.53,18,0.453,21.56,0,0
94.33,21,0.1127,7.68,0,0
43.36,13,0.0783,18.86,0,0
115.05,10,0.3184,0.73,0,0
8.93,14,0.4233,4.55,1,0
82.5,16,0.0837,1.67,0,0
13.28,12,0.167,4.15,0,0
32.76,21,0.3365,34.98,1,0
31.9,1,0.0612,16.29,1,0
28.92,15,0.2065,3.2,0,0
38.21,2,0.1804,3.11,0,0
50.64,20,0.0183,17.43,0,0
9.73,16,0.1691,45.21,0,0
12.72,1,0.1782,13.2,1,0
26.81,11,0.1266,2.99,1,0
84.21,23,0.0499,3.92,0,0
27.43,4,0.1206,14.22,0,0
78.96,19,0.4559,4.17,0,0
28.6,17,0.0563,17.6,0,0
128.2,9,0.0447,7.61,0,0
31.11,23,0.2448,0.09,1,0
27.28,9,0.5012,15.72,0,0
9.1,22,0.4383,20.28,1,0
46.26,23,0.1958,12.08,1,0
91.52,12,0.2089,6.05,0,0
30.42,0,0.229,8.14,0,0
109.37,4,0.1571,11.66,0,0
88.94,2,0.2039,51.43,0,0
132.12,8,0.2965,3.63,0,0
18.35,19,0.1787,15.27,0,0
43.49,22,0.1066,2.54,1,0
18.73,17,0.2205,17.93,0,0
67.27,9,0.1364,10.35,0,0
213.36,9,0.0403,19.19,0,0
38.03,5,0.1378,34.31,1,0
28.88,15,0.0391,6.2,0,0
48.72,6,0.1624,3.46,0,0
29.35,10,0.2547,2.96,0,0
106.38,10,0.1701,12.5,0,0
170.61,17,0.0888,4.3,0,0
124.22,1,0.2057,3.09,0,0
24.33,4,0.1978,1.45,0,0
14.92,7,0.2033,24.96,0,0
97.12,18,0.2549,23.19,0,0
68.9,4,0.3662,21.14,1,0
184.19,17,0.4508,8.53,0,0
25.96,17,0.3817,14.66,0,0
30.8,1,0.1206,36.37,0,0
63.69,10,0.0881,2.8,0,0
26.79,22,0.256,6.6,0,0
37.75,7,0.3778,26.74,0,0
21.46,8,0.0776,20.4,1,0
45.32,9,0.0689,10.42,0,0
31.1,3,0.1934,2.0,0,0
145.46,20,0.3793,10.52,0,0
17.8,22,0.349,6.3,0,0
34.99,16,0.3014,3.23,0,0
24.23,13,0.1073,20.41,1,0
140.17,23,0.2437,1.3,0,0
17.26,8,0.5665,23.7,0,0
23.81,9,0.0599,11.29,0,0
114.19,15,0.0225,5.76,0,0
194.38,10,0.0806,0.98,1,0
69.11,17,0.1814,1.99,0,0
97.97,4,0.1352,3.83,0,0
28.28,8,0.1281,1.54,0,0
96.86,9,0.2482,17.52,1,0
168.41,12,0.0501,8.3,0,0
6.7,12,0.1516,3.78,0,0
30.4,6,0.1425,9.18,0,0
52.31,16,0.0438,40.49,0,0
37.9,8,0.3823,1.93,0,0
31.41,6,0.3486,11.36,0,0
41.85,0,0.087,24.76,0,0
32.03,18,0.1339,21.05,0,0
34.06,16,0.0838,40.0,0,0
13.0,22,0.2406,2.16,0,0
34.05,20,0.3659,4.82,0,0
20.2,7,0.434,3.17,1,0
42.04,7,0.3988,22.09,0,0
46.71,17,0.1392,5.47,0,0
94.13,7,0.0961,11.05,0,0
102.34,0,0.0507,36.59,0,0
92.48,4,0.1351,3.76,0,0
64.7,17,0.2885,24.85,0,0
77.43,23,0.1584,12.69,0,0
12.91,18,0.1055,11.96,0,0
64.22,17,0.2627,3.77,0,0
111.02,8,0.0683,8.88,0,0
90.05,10,0.2998,9.12,0,0
100.5,12,0.127,1.85,0,0
34.05,1,0.3371,1.26,1,0
50.87,13,0.2863,1.02,0,0
40.21,9,0.0602,9.83,0,0
34.22,16,0.3004,1.35,1,0
96.99,22,0.4588,70.43,0,0
141.1,15,0.1184,0.9,0,0
130.35,2,0.1758,6.5,0,0
19.65,20,0.2997,0.21,0,0
14.03,18,0.048,18.63,0,0
12.89,21,0.0749,7.76,0,0
13.4,4,0.1915,21.56,0,0
45.57,21,0.0747,18.29,0,0
57.54,23,0.2592,8.99,0,0
46.6,16,0.1947,30.45,0,0
113.94,4,0.1941,11.64,0,0
66.93,6,0.2804,7.1,0,0
77.51,6,0.2392,6.29,0,0
148.27,10,0.2963,11.3,0,0
30.16,20,0.0425,15.3,0,0
26.99,2,0.0266,18.44,0,0
43.54,18,0.0666,13.03,1,0
24.96,12,0.2706,10.33,0,0
143.61,11,0.1026,2.54,0,0
117.12,2,0.078,15.29,1,0
15.79,10,0.5452,46.06,0,0
42.42,7,0.0753,15.07,0,0
25.56,21,0.153,9.25,0,0
104.38,16,0.1423,1.18,0,0
61.32,22,0.2255,21.09,0,0
74.35,5,0.0447,9.22,1,0
26.08,9,0.2415,0.01,0,0
49.65,2,0.0406,3.64,0,0
24.49,13,0.1315,3.17,0,0
102.42,7,0.0626,36.61,0,0
78.23,9,0.2437,35.36,0,0
47.93,14,0.2364,3.83,0,0
46.6,9,0.1725,3.27,0,0
30.83,18,0.0642,9.94,0,0
29.2,12,0.1513,12.13,0,0
29.27,12,0.2688,16.74,0,0
111.84,16,0.2397,50.62,0,0
137.66,23,0.3912,7.06,0,0
137.58,15,0.3202,1.26,0,0
32.21,18,0.0414,43.15,0,0
37.14,0,0.2377,27.7,0,0
46.55,2,0.1078,26.88,0,0
30.98,12,0.3964,5.26,0,0
90.01,23,0.1929,0.63,0,0
25.85,15,0.1486,12.67,0,0
91.09,22,0.0172,5.08,0,0
467.83,7,0.816,52.83,1,1
20.88,14,0.4138,45.17,1,0
49.5,13,0.1123,2.08,0,0
90.3,23,0.3609,28.23,0,0
55.12,21,0.0824,2.25,0,0
80.5,14,0.0176,59.09,0,0
47.65,19,0.0875,10.55,0,0
39.93,8,0.2874,3.71,0,0
109.36,20,0.4098,9.87,0,0
14.09,6,0.2647,25.8,0,0
76.21,9,0.3722,8.39,0,0
46.85,19,0.0227,26.1,0,0
31.92,19,0.3078,5.78,0,0
29.76,9,0.0698,1.61,0,0
36.34,2,0.4323,2.37,0,0
30.03,10,0.1729,51.87,0,0
13.71,22,0.2594,10.19,0,0
77.51,4,0.191,4.21,0,0
39.45,4,0.0905,4.06,0,0
166.35,3,0.3441,12.07,1,0
76.05,6,0.0294,5.36,0,0
27.78,22,0.2031,22.95,0,0
58.9,11,0.2262,20.7,0,0
78.66,14,0.2143,19.2,0,0
33.76,0,0.334,68.69,0,0
314.77,15,0.2479,16.72,0,0
119.79,11,0.3101,9.46,0,0
39.3,2,0.5524,34.98,0,0
61.77,0,0.0607,13.72,0,0
31.75,13,0.3394,12.16,0,0
75.96,19,0.1192,16.24,0,0
36.15,9,0.2438,7.52,1,0
62.15,18,0.2475,47.75,0,0
22.27,10,0.4657,1.7,0,0
19.48,18,0.0608,12.17,0,0
15.98,8,0.0392,31.51,0,0
82.16,4,0.1429,22.61,0,0
68.89,12,0.0978,38.57,1,0
36.32,20,0.2985,28.57,0,0
148.77,5,0.0736,18.82,1,0
35.71,1,0.3904,22.81,0,0
47.07,3,0.1653,0.76,0,0
77.27,15,0.2867,5.4,0,0
32.05,3,0.1015,28.83,1,0
18.26,2,0.1985,17.48,1,0
28.74,7,0.396,23.05,0,0
194.68,23,0.2595,54.51,1,0
29.02,13,0.0926,1.46,0,0
29.48,0,0.0166,12.11,0,0
13.05,9,0.3845,47.84,0,0
29.18,2,0.1494,2.63,0,0
30.2,10,0.2007,12.19,0,0
64.59,9,0.25,6.55,1,0
84.62,14,0.1895,27.47,0,0
9.17,19,0.249,8.72,0,0
277.52,16,0.1102,7.35,0,0
98.41,11,0.1841,6.47,0,0
49.28,22,0.2033,47.5,0,0
32.31,18,0.1845,23.87,0,0
20.6,16,0.2213,2.87,0,0
15.43,23,0.1586,0.47,0,0
18.26,1,0.377,14.24,0,0
56.59,1,0.2667,30.81,1,0
36.6,6,0.1112,7.3,0,0
55.21,9,0.1522,1.77,0,0
156.03,4,0.0689,32.7,0,0
112.56,6,0.352,18.26,0,0
44.13,19,0.3167,0.1,0,0
125.75,9,0.1236,20.35,0,0
42.71,20,0.1256,16.15,0,0
27.68,20,0.4023,4.76,0,0
15.33,23,0.0888,0.63,0,0
38.85,1,0.1718,4.98,0,0
80.39,3,0.0125,3.42,0,0
46.25,13,0.3116,4.52,0,0
25.86,6,0.4083,12.13,0,0
116.03,0,0.3469,1.58,0,0
89.29,1,0.1603,3.91,0,0
64.01,4,0.0542,44.43,0,0
145.51,20,0.047,1.12,0,0
47.02,1,0.1052,12.52,0,0
23.44,4,0.4836,7.64,0,0
33.71,8,0.1026,2.3,0,0
14.35,14,0.3228,15.39,0,0
63.42,3,0.1985,46.55,0,0
37.43,4,0.1037,8.94,0,0
24.25,23,0.5805,5.41,0,0
30.63,14,0.3103,14.05,0,0
89.42,13,0.2531,11.77,0,0
15.35,4,0.21,1.36,0,0
63.14,12,0.1242,8.04,0,0
24.51,15,0.2579,15.44,0,0
111.99,3,0.1475,15.64,0,0
32.54,21,0.143,6.56,0,0
25.21,20,0.1838,27.3,1,0
8.48,14,0.0875,14.77,1,0
56.26,0,0.2779,13.75,0,0
35.43,5,0.1932,15.31,0,0
38.25,0,0.4372,3.64,0,0
46.4,13,0.1005,6.3,0,0
47.17,11,0.3753,23.69,1,0
34.64,14,0.0616,33.64,0,0
118.09,3,0.3431,0.05,0,0
56.05,23,0.4403,5.71,1,0
49.98,11,0.0584,10.15,1,0
49.26,5,0.1218,22.76,1,0
156.15,15,0.0832,1.22,0,0
89.67,15,0.0837,28.17,0,0
52.36,2,0.2856,21.49,0,0
65.03,20,0.0877,13.1,0,0
22.81,5,0.2578,2.26,0,0
81.27,9,0.1713,10.43,0,0
27.91,20,0.09,44.24,0,0
36.52,19,0.2626,7.36,0,0
102.02,8,0.107,11.19,1,0
73.75,2,0.3154,8.76,0,0
63.75,4,0.0703,3.45,0,0
36.69,20,0.1259,18.48,0,0
89.64,15,0.2076,23.1,0,0
64.61,21,0.0744,6.69,0,0
85.14,14,0.0868,11.32,0,0
31.28,18,0.0904,0.93,0,0
17.76,16,0.5769,3.59,0,0
34.74,6,0.0884,8.51,0,0
44.11,9,0.1808,16.09,1,0
8.7,22,0.0806,14.76,0,0
57.21,7,0.264,2.21,0,0
13.24,11,0.0198,14.39,0,0
36.34,16,0.2233,2.01,0,0
86.81,5,0.1971,10.85,0,0
110.25,10,0.1821,11.41,1,0
28.75,7,0.0525,6.99,0,0
84.9,14,0.2453,1.83,0,0
96.95,7,0.3959,1.65,0,0
27.42,10,0.2839,40.97,0,0
90.92,20,0.1949,43.19,0,0
28.75,19,0.1553,3.74,0,0
49.03,9,0.17,29.87,1,0
43.35,18,0.2521,13.68,1,0
14.1,1,0.0908,50.12,0,0
55.18,22,0.1685,30.64,0,0
60.53,1,0.2097,23.07,1,0
38.45,11,0.0813,5.9,1,0
79.02,3,0.2731,2.72,0,0
9.69,9,0.0996,56.63,0,0
60.8,23,0.0991,24.22,0,0
163.83,5,0.282,5.84,0,0
66.75,13,0.3694,12.13,0,0
50.31,15,0.2554,2.52,0,0
29.73,11,0.1636,2.76,0,0
50.3,5,0.0979,13.63,0,0
20.65,23,0.2485,9.43,0,0
37.33,6,0.3837,16.46,0,0
16.99,20,0.1657,6.76,1,0
104.32,12,0.2401,16.37,0,0
258.27,21,0.0949,39.85,0,0
46.88,11,0.0538,20.36,0,0
46.3,19,0.1293,3.17,0,0
28.13,23,0.3659,0.35,1,0
66.47,12,0.2135,12.46,0,0
25.17,14,0.0357,2.02,1,0
58.6,18,0.106,53.76,0,0
80.45,6,0.2031,9.33,0,0
153.12,4,0.0541,61.51,1,0
30.5,19,0.1639,5.12,0,0
77.14,5,0.2656,64.33,0,0
127.3,9,0.143,1.95,0,0
76.95,12,0.1599,12.52,0,0
18.5,23,0.1279,0.57,0,0
13.06,15,0.256,4.4,0,0
29.49,14,0.3293,8.18,1,0
59.63,22,0.0674,16.08,0,0
6.69,19,0.0652,8.76,0,0
36.98,21,0.1026,6.18,0,0
70.88,17,0.4036,15.09,0,0
20.3,0,0.5068,0.21,0,0
30.04,5,0.4186,1.59,0,0
66.46,18,0.1082,14.69,0,0
52.97,5,0.0334,24.76,0,0
28.09,9,0.0337,11.53,0,0
29.1,7,0.1439,1.95,0,0
10.67,0,0.3222,1.81,0,0
45.2,14,0.3096,3.09,0,0
30.08,19,0.1056,9.91,0,0
33.88,20,0.079,7.65,0,0
108.07,21,0.0566,9.37,0,0
100.86,9,0.1176,4.73,0,0
12.51,4,0.3143,55.38,0,0
59.82,10,0.2462,40.15,0,0
103.73,3,0.2572,6.72,0,0
21.4,19,0.2022,8.21,0,0
36.57,18,0.3361,9.83,0,0
46.43,22,0.1137,60.45,0,0
148.69,16,0.2565,9.77,0,0
84.92,19,0.3011,43.06,0,0
48.72,3,0.1107,0.52,0,0
37.3,3,0.0291,8.08,0,0
90.16,17,0.1733,5.74,0,0
55.19,10,0.1589,11.91,0,0
22.47,21,0.0949,9.13,0,0
70.44,14,0.2182,89.22,0,0
45.39,7,0.1535,2.08,0,0
47.1,15,0.0577,0.85,0,0
24.46,13,0.1715,18.77,0,0
100.94,22,0.3001,24.39,0,0
32.44,8,0.2202,20.76,1,0
104.32,22,0.0856,18.93,0,0
73.43,1,0.2259,0.25,0,0
37.13,16,0.2566,5.39,0,0
112.76,23,0.2241,4.41,0,0
24.91,14,0.3659,34.52,0,0
31.03,16,0.0111,12.4,0,0
16.98,11,0.2511,20.83,0,0
76.34,22,0.2551,4.7,0,0
67.86,0,0.3496,3.52,0,0
25.94,0,0.176,1.16,0,0
38.99,5,0.1312,19.86,1,0
32.44,13,0.0669,7.81,0,0
68.27,1,0.3344,12.13,0,0
34.58,16,0.3466,3.67,0,0
23.45,5,0.1513,18.0,0,0
45.05,18,0.1268,12.91,0,0
75.56,15,0.0744,13.06,0,0
42.7,16,0.1069,3.72,0,0
42.94,3,0.5571,5.33,0,0
61.61,11,0.3144,7.06,0,0
51.85,8,0.0458,12.94,0,0
56.48,7,0.0769,43.64,0,0
81.32,3,0.2792,0.69,0,0
38.47,19,0.3049,0.93,0,0
29.38,19,0.1662,19.19,1,0
17.74,17,0.1628,13.27,0,0
147.0,18,0.0934,5.53,0,0
135.62,4,0.3272,11.12,0,0
14.69,12,0.0686,5.17,0,0
29.73,12,0.0432,6.45,0,0
37.68,0,0.0885,15.95,0,0
68.31,22,0.1643,15.85,0,0
25.54,15,0.1543,5.28,0,0
26.62,22,0.1976,10.37,0,0
33.08,18,0.1728,5.21,0,0
46.92,17,0.0614,33.2,0,0
39.73,23,0.2108,17.4,0,0
42.48,18,0.2284,14.57,0,0
23.58,22,0.1991,26.07,1,0
15.15,18,0.2136,28.85,0,0
88.25,6,0.1153,1.41,0,0
15.41,9,0.0967,0.89,0,0
46.45,7,0.0585,28.5,0,0
57.13,21,0.1114,15.49,0,0
21.32,5,0.1257,0.92,0,0
107.61,15,0.2445,10.32,0,0
37.57,10,0.15,7.04,0,0
33.48,3,0.086,1.35,0,0
44.31,11,0.1703,2.05,0,0
62.17,13,0.6006,11.13,1,0
67.45,5,0.1749,15.05,0,0
9.32,18,0.19,1.65,0,0
23.33,9,0.159,10.34,0,0
50.0,6,0.0337,3.84,0,0
17.86,23,0.152,6.71,0,0
26.42,6,0.0967,8.04,1,0
15.24,6,0.4426,3.61,0,0
41.18,5,0.2309,3.88,0,0
22.1,19,0.2602,11.51,0,0
99.76,23,0.11,6.8,0,0
32.39,17,0.3076,12.5,0,0
20.1,17,0.097,9.18,1,0
86.44,4,0.0915,9.92,1,0
43.12,15,0.2512,34.91,0,0
35.29,6,0.2252,2.08,0,0
36.0,6,0.4132,4.97,0,0
41.59,16,0.4854,1.59,0,0
29.82,10,0.2187,30.97,0,0
80.92,16,0.0713,20.41,0,0
11.49,9,0.3936,1.19,0,0
64.53,15,0.1112,9.75,1,0
32.62,16,0.2634,2.73,0,0
37.43,12,0.0935,27.15,0,0
130.48,3,0.1342,4.23,0,0
75.29,3,0.1023,8.72,0,0
31.7,10,0.046,6.16,0,0
214.36,19,0.0833,40.48,0,0
19.92,22,0.0975,21.0,0,0
25.91,1,0.1111,43.66,0,0
71.7,11,0.0632,0.9,1,0
86.71,0,0.0451,8.75,0,0
60.17,19,0.3558,9.68,0,0
189.41,16,0.0736,19.03,0,0
79.61,20,0.3779,17.35,0,0
29.66,22,0.0438,3.44,0,0
29.52,3,0.1591,0.36,1,0
31.13,6,0.1007,20.7,0,0
39.82,23,0.4053,5.13,0,0
91.3,18,0.2021,19.74,0,0
54.62,2,0.2041,11.8,0,0
36.48,1,0.2471,6.46,0,0
11.7,11,0.1796,0.51,0,0
116.95,14,0.0943,5.06,1,0
43.26,2,0.053,22.6,0,0
58.45,7,0.0724,1.01,0,0
91.48,13,0.1258,4.25,1,0
131.03,20,0.8369,2.58,0,1
50.17,13,0.0843,0.02,1,0
85.3,4,0.1058,25.89,0,0
39.48,0,0.0776,26.43,0,0
67.3,12,0.2153,32.03,0,0
8.9,22,0.3164,3.28,0,0
46.35,0,0.4031,5.97,0,0
84.45,12,0.164,15.47,0,0
29.55,17,0.2387,1.15,0,0
33.13,11,0.1041,0.24,0,0
34.57,1,0.5296,3.09,0,0
30.07,22,0.3247,16.63,0,0
44.42,21,0.0978,24.34,0,0
21.36,7,0.0535,36.75,0,0
245.64,5,0.0181,41.2,0,0
13.11,12,0.0646,4.91,0,0
136.69,21,0.3148,25.49,0,0
86.12,0,0.1568,27.23,0,0
24.59,15,0.1136,3.31,0,0
27.05,3,0.1047,4.06,0,0
40.7,0,0.292,1.22,0,0
65.92,22,0.0923,0.76,0,0
24.92,19,0.112,5.28,0,0
28.53,12,0.1013,12.36,0,0
65.04,7,0.2128,3.04,0,0
14.72,21,0.03,4.09,0,0
22.77,1,0.0183,32.92,1,0
13.59,8,0.2864,1.66,0,0
122.56,1,0.3057,4.23,0,0
56.87,23,0.228,6.86,0,0
16.04,0,0.1622,10.57,0,0
40.33,11,0.1849,3.69,0,0
95.07,6,0.1323,30.21,0,0
83.7,13,0.1317,2.67,0,0
95.73,1,0.3656,1.03,0,0
70.56,17,0.0719,29.19,0,0
33.63,0,0.0231,9.42,0,0
113.46,15,0.2316,1.83,0,0
94.58,13,0.1068,1.41,0,0
26.66,1,0.1882,4.5,0,0
25.41,21,0.1822,56.5,0,0
42.18,21,0.053,10.72,0,0
38.53,10,0.2074,3.04,0,0
179.61,16,0.178,9.29,0,0
163.94,3,0.3549,5.83,0,0
48.82,4,0.0985,4.8,1,0
75.55,16,0.0761,14.6,1,0
99.57,4,0.302,1.52,0,0
207.64,23,0.0748,9.78,1,0
75.0,0,0.2173,7.87,0,0
21.96,6,0.3656,32.04,0,0
77.01,20,0.1822,12.33,0,0
16.74,15,0.0945,12.25,0,0
8.89,18,0.4935,13.57,0,0
21.41,17,0.3877,5.06,0,0
69.04,13,0.2526,4.75,0,0
31.2,2,0.1551,13.28,0,0
41.38,16,0.1862,10.22,0,0
157.21,1,0.4563,10.99,0,0
116.06,17,0.2901,11.94,0,0
240.13,19,0.3899,12.7,0,0
194.93,19,0.4043,7.57,0,0
72.75,1,0.0221,12.54,0,0
45.84,20,0.3454,3.69,0,0
37.0,18,0.1187,0.65,0,0
31.18,3,0.1605,3.75,0,0
25.37,4,0.2314,25.52,0,0
41.44,15,0.1266,10.24,0,0
21.05,9,0.0852,3.82,1,0
95.27,4,0.2175,34.98,0,0
26.66,0,0.0828,0.86,0,0
125.28,6,0.2813,2.72,0,0
197.17,5,0.2264,5.23,0,0
76.83,4,0.2427,3.13,0,0
58.06,18,0.0724,53.33,0,0
25.23,17,0.2481,26.94,0,0
59.16,3,0.364,9.5,0,0
71.6,18,0.1102,18.73,0,0
20.69,13,0.1621,1.62,0,0
17.31,2,0.2804,11.22,0,0
60.49,14,0.4164,15.02,0,0
135.57,6,0.118,4.44,0,0
20.39,9,0.2583,26.42,0,0
110.83,21,0.2232,8.5,0,0
38.59,13,0.258,19.34,0,0
37.51,20,0.436,41.95,0,0
51.55,9,0.0862,18.99,0,0
31.85,11,0.1852,1.24,0,0
99.54,0,0.2284,2.85,0,0
57.16,22,0.3466,11.34,0,0
28.14,12,0.0606,44.5,1,0
49.02,20,0.3879,46.49,0,0
81.06,6,0.0728,3.11,0,0
80.14,6,0.1362,9.42,0,0
31.29,0,0.2551,11.38,0,0
44.8,12,0.063,21.96,0,0
245.1,10,0.3288,7.57,0,0
41.03,18,0.2932,5.73,1,0
36.16,9,0.0506,32.25,1,0
79.23,2,0.2128,17.01,0,0
36.5,21,0.1713,27.59,0,0
24.53,1,0.1893,4.07,0,0
42.76,21,0.1684,18.26,0,0
9.92,4,0.1291,51.04,0,0
37.52,15,0.1655,11.25,0,0
29.34,4,0.1606,55.71,1,0
31.72,2,0.2934,3.25,0,0
103.06,4,0.1626,14.72,0,0
75.2,13,0.1995,15.65,0,0
110.29,11,0.3079,17.85,0,0
73.26,18,0.4216,4.93,0,0
44.27,21,0.4292,17.44,0,0
43.4,19,0.0573,2.47,0,0
92.01,5,0.0469,0.22,0,0
42.94,0,0.0676,10.29,0,0
130.75,5,0.2021,3.55,0,0
64.21,23,0.1862,5.09,0,0
111.87,11,0.0982,11.42,0,0
29.21,12,0.4111,7.17,0,0
35.37,2,0.3152,34.84,0,0
15.06,1,0.3484,76.9,0,0
35.14,6,0.3661,0.03,0,0
340.25,14,0.4732,6.0,0,0
38.77,18,0.2938,34.06,0,0
93.55,2,0.218,7.41,0,0
17.37,7,0.1159,30.71,0,0
44.65,9,0.3457,7.83,0,0
31.12,1,0.0606,22.42,0,0
59.64,12,0.2705,9.49,0,0
37.24,16,0.1471,18.3,0,0
103.26,9,0.1537,1.32,0,0
16.51,13,0.4156,5.71,0,0
25.95,11,0.205,2.45,0,0
15.83,15,0.2575,30.7,0,0
27.08,4,0.3829,2.82,0,0
27.35,10,0.2141,16.37,0,0
113.48,11,0.3347,19.29,0,0
99.23,10,0.2759,2.16,0,0
63.47,9,0.2746,45.29,0,0
24.86,22,0.1494,17.06,0,0
26.97,8,0.326,41.75,0,0
65.29,10,0.2317,30.13,0,0
48.24,19,0.3818,10.33,0,0
152.46,5,0.2552,51.48,0,0
38.39,23,0.3201,22.05,0,0
17.37,5,0.2121,9.68,0,0
35.16,11,0.0578,3.68,0,0
24.64,2,0.4219,28.51,0,0
35.29,4,0.2159,19.2,0,0
31.05,3,0.301,3.92,0,0
12.24,22,0.1392,2.19,0,0
12.5,3,0.1221,0.79,0,0
73.61,21,0.1026,0.89,0,0
54.77,12,0.1944,10.55,1,0
191.68,7,0.8568,79.62,0,1
43.7,15,0.1205,0.61,0,0
51.05,6,0.1213,31.61,0,0
10.46,4,0.2145,2.42,0,0
42.55,12,0.1971,22.95,0,0
49.39,15,0.1013,8.71,0,0
27.5,2,0.2477,3.94,0,0
56.29,21,0.1754,27.72,0,0
101.86,10,0.0725,0.12,0,0
41.0,3,0.0677,0.91,0,0
107.92,2,0.1845,8.91,0,0
45.13,6,0.0843,19.97,0,0
23.64,13,0.1605,28.24,0,0
46.72,3,0.1378,0.83,0,0
34.77,8,0.2112,20.74,1,0
12.89,17,0.2362,10.25,1,0
34.94,0,0.1333,4.31,0,0
30.28,6,0.0981,76.99,0,0
44.44,7,0.4889,26.43,0,0
47.45,23,0.0611,2.89,0,0
45.58,3,0.2084,12.0,0,0
48.14,4,0.2611,0.78,0,0
70.63,19,0.1901,46.91,0,0
15.59,18,0.2107,7.28,0,0
46.0,13,0.27,2.59,0,0
110.24,9,0.2929,2.81,0,0
49.04,21,0.234,12.91,0,0
31.33,18,0.1802,3.84,0,0
59.8,2,0.1063,2.06,0,0
38.44,2,0.1914,29.38,0,0
36.91,19,0.1134,2.9,0,0
34.07,8,0.2418,10.74,0,0
55.67,20,0.1122,62.82,1,0
52.89,18,0.1349,32.27,0,0
58.74,8,0.0707,2.15,0,0
11.22,12,0.1893,26.25,0,0
35.44,5,0.1048,1.56,0,0
19.37,22,0.0402,3.54,0,0
52.06,3,0.3761,2.99,0,0
37.6,20,0.4262,41.83,0,0
26.98,19,0.3343,19.49,0,0
50.83,18,0.0843,0.79,0,0
37.97,20,0.266,10.68,0,0
66.4,19,0.2317,10.83,1,0
17.96,6,0.2423,12.67,0,0
69.73,7,0.0173,43.17,0,0
124.94,17,0.1806,19.52,0,0
26.39,2,0.1687,4.96,0,0
18.14,22,0.1491,20.7,0,0
15.94,9,0.1822,7.17,0,0
22.31,22,0.1387,23.03,0,0
41.71,2,0.2054,2.93,0,0
28.92,5,0.1206,13.37,0,0
28.46,3,0.2866,2.77,0,0
303.67,7,0.8772,8.91,0,1
105.64,0,0.2466,8.47,0,0
14.51,8,0.252,2.44,0,0
62.9,2,0.096,0.88,0,0
109.08,20,0.2218,17.89,0,0
32.71,9,0.4075,0.59,0,0
67.21,11,0.1474,5.06,0,0
30.74,18,0.3946,10.5,0,0
49.64,17,0.1927,5.65,0,0
41.36,20,0.0752,22.26,0,0
79.71,8,0.0271,80.45,0,0
70.97,16,0.1192,3.18,0,0
63.45,19,0.2818,11.75,0,0
86.48,6,0.1894,4.53,1,0
35.74,5,0.1271,7.43,0,0
64.56,17,0.0905,9.29,0,0
35.04,12,0.0697,35.61,0,0
177.96,1,0.6644,12.97,0,0
31.93,22,0.3336,9.78,0,0
52.55,9,0.3321,26.46,0,0
73.11,15,0.0761,11.81,0,0
15.8,1,0.2106,2.94,0,0
14.97,12,0.2737,12.84,0,0
25.57,5,0.3195,27.33,0,0
65.71,18,0.2045,27.38,0,0
10.0,19,0.0892,37.88,0,0
65.06,2,0.0509,32.57,0,0
31.06,0,0.1653,2.96,0,0
30.45,10,0.2516,0.26,0,0
63.76,16,0.1881,2.47,0,0
114.67,12,0.2,0.63,0,0
49.55,15,0.0541,18.25,0,0
59.47,13,0.1135,14.47,0,0
102.37,10,0.0374,19.47,0,0
44.42,4,0.3141,0.98,0,0
45.16,18,0.2325,4.54,0,0
135.15,14,0.0532,1.6,0,0
139.99,12,0.2044,13.06,0,0
55.5,16,0.3238,70.51,1,0
33.06,14,0.2009,6.25,0,0
137.22,1,0.3783,17.29,0,0
71.09,8,0.2398,2.5,0,0
55.55,11,0.3958,50.08,0,0
47.19,11,0.1095,8.48,0,0
45.16,8,0.6354,0.4,0,0
25.76,23,0.0787,10.33,0,0
95.51,21,0.2358,14.96,0,0
34.17,12,0.1405,1.31,0,0
45.77,13,0.2055,21.8,0,0
79.17,8,0.6355,68.84,0,1
14.42,13,0.2233,3.28,0,0
77.44,15,0.0734,6.76,0,0
44.24,16,0.2412,3.03,0,0
33.8,11,0.1186,4.07,0,0
25.43,11,0.2287,29.92,0,0
13.46,12,0.0766,23.35,0,0
32.42,8,0.0238,0.83,0,0
183.32,8,0.3068,2.07,0,0
32.4,18,0.3749,17.48,0,0
15.01,17,0.2915,34.32,0,0
15.65,4,0.2165,44.24,0,0
24.24,8,0.4984,16.21,0,0
19.42,22,0.2877,16.1,0,0
155.88,22,0.1949,0.55,0,0
18.37,6,0.2792,7.32,0,0
29.68,15,0.2146,5.5,0,0
88.75,9,0.1009,1.8,1,0
61.01,7,0.2333,19.11,0,0
40.16,0,0.103,10.85,0,0
99.84,4,0.4394,3.55,0,0
27.36,16,0.1764,29.57,0,0
11.2,4,0.242,29.92,0,0
10.06,3,0.1095,2.52,0,0
35.2,10,0.2859,10.67,0,0
47.07,21,0.1278,5.27,0,0
52.92,19,0.1507,32.46,0,0
60.85,10,0.2503,5.07,0,0
52.54,11,0.1329,24.02,0,0
31.07,4,0.1153,29.27,0,0
60.11,22,0.307,9.83,1,0
36.66,19,0.1196,24.36,0,0
137.28,14,0.264,13.71,1,0
92.38,0,0.0902,10.58,0,0
37.97,6,0.0955,4.48,1,0
8.88,3,0.1601,0.28,0,0
45.13,10,0.3711,9.73,1,0
31.11,17,0.1172,18.63,0,0
46.16,21,0.4564,9.76,1,0
72.35,8,0.2015,8.86,0,0
17.15,12,0.2815,23.65,0,0
130.97,9,0.1335,17.49,0,0
29.63,16,0.1692,11.35,0,0
41.31,16,0.1361,13.4,0,0
53.44,18,0.2907,3.88,0,0
27.62,11,0.2535,30.05,0,0
88.06,7,0.3014,16.11,1,0
73.71,0,0.1665,1.72,0,0
61.31,5,0.3424,12.62,0,0
40.14,4,0.0285,23.64,0,0
19.38,4,0.2105,8.89,1,0
47.33,22,0.1226,13.78,1,0
25.4,17,0.2458,0.24,0,0
62.01,16,0.1864,3.32,0,0
46.9,18,0.1237,6.24,0,0
22.43,11,0.2155,43.64,0,0
24.07,4,0.1495,1.68,0,0
94.15,12,0.2202,19.76,0,0
76.84,19,0.1972,16.31,0,0
53.94,0,0.1817,6.4,1,0
61.58,23,0.2271,40.35,0,0
64.49,7,0.2082,6.36,0,0
58.09,14,0.1315,0.65,0,0
88.67,8,0.1714,0.77,1,0
37.19,23,0.3995,9.7,0,0
65.11,4,0.4384,23.12,1,0
82.56,18,0.2608,20.22,0,0
65.02,16,0.1813,4.44,0,0
70.03,1,0.3106,27.75,0,0
30.42,6,0.0264,1.88,0,0
62.71,3,0.3446,13.09,0,0
210.25,3,0.2343,12.5,0,0
39.35,4,0.1079,77.47,0,0
37.26,20,0.0479,15.18,0,0
24.12,12,0.1227,4.24,0,0
48.62,21,0.1853,9.02,0,0
17.71,10,0.0954,5.15,0,0
43.54,22,0.0209,26.64,0,0
54.46,23,0.1035,9.43,0,0
9.09,5,0.2687,1.27,0,0
42.79,6,0.1918,13.4,0,0
30.27,10,0.2347,27.62,0,0
63.83,6,0.3909,47.71,0,0
51.54,18,0.0854,10.87,1,0
15.22,21,0.2837,16.59,0,0
58.77,11,0.0988,18.99,0,0
78.33,12,0.3895,53.26,0,0
26.28,3,0.3157,10.31,0,0
51.12,19,0.2711,10.26,0,0
51.16,10,0.1383,4.17,0,0
45.61,15,0.2806,7.8,0,0
96.61,3,0.1659,19.32,0,0
55.27,22,0.1027,26.24,0,0
59.52,18,0.135,10.97,0,0
16.53,20,0.2254,8.7,0,0
19.19,20,0.34,6.06,0,0
115.02,15,0.1373,3.34,0,0
72.6,3,0.1823,1.44,0,0
106.6,21,0.476,19.94,0,0
55.79,11,0.3576,2.45,0,0
97.46,3,0.1163,6.67,0,0
81.2,0,0.1984,20.59,0,0
59.56,21,0.255,8.82,1,0
26.51,14,0.0433,5.45,0,0
170.13,22,0.0884,6.0,0,0
114.57,4,0.2898,22.28,0,0
20.63,15,0.136,11.25,0,0
17.69,1,0.3599,3.59,0,0
25.22,13,0.1921,0.28,1,0
35.9,16,0.2271,19.09,0,0
18.15,10,0.1509,18.39,0,0
14.54,18,0.0717,24.19,1,0
29.74,6,0.7733,15.77,0,0
52.55,22,0.2897,0.4,0,0
64.49,2,0.1014,2.75,0,0
67.26,23,0.1504,16.24,0,0
24.1,19,0.0425,41.94,0,0
12.37,15,0.1623,4.09,1,0
82.62,12,0.2579,1.4,0,0
64.75,4,0.2131,42.27,0,0
154.41,2,0.0765,4.52,0,0
22.56,8,0.196,15.08,0,0
166.0,6,0.0456,19.84,0,0
27.49,5,0.057,24.02,0,0
141.69,2,0.0827,12.62,0,0
94.24,23,0.136,40.79,0,0
83.07,13,0.1255,23.64,0,0
24.21,12,0.4307,9.1,0,0
27.9,6,0.4347,2.49,0,0
94.78,0,0.0542,29.54,0,0
24.8,23,0.524,6.78,0,0
37.4,18,0.379,7.48,0,0
23.7,20,0.2981,19.98,0,0
38.48,11,0.1461,11.39,1,0
14.08,7,0.2309,0.6,0,0
16.23,20,0.2074,9.88,0,0
24.13,8,0.2841,19.58,1,0
54.13,17,0.0986,3.65,0,0
39.39,18,0.1617,37.27,0,0
50.97,4,0.1573,48.49,0,0
49.82,16,0.3348,66.61,0,0
54.44,18,0.13,43.81,0,0
50.46,8,0.2988,19.62,1,0
121.12,23,0.2488,22.88,0,0
28.18,20,0.1244,11.1,0,0
45.77,20,0.2208,38.76,1,0
77.95,17,0.1194,7.89,0,0
40.89,6,0.1876,13.85,1,0
9.99,9,0.2184,2.94,0,0
18.77,1,0.2696,5.66,0,0
45.79,23,0.1398,5.08,0,0
18.05,0,0.4093,0.78,1,0
23.12,10,0.0644,1.89,0,0
5.2,7,0.4338,10.96,0,0
39.11,18,0.4337,4.3,0,0
36.19,17,0.109,6.56,0,0
20.12,20,0.2042,12.39,0,0
33.67,3,0.2596,10.98,0,0
60.96,9,0.3028,56.5,0,0
56.42,14,0.3076,32.43,0,0
27.49,4,0.2221,7.3,0,0
44.49,19,0.182,15.52,0,0
77.51,1,0.1543,26.64,0,0
49.86,1,0.1899,0.39,0,0
50.76,12,0.4478,28.6,0,0
37.78,15,0.4799,2.72,0,0
128.01,11,0.1587,41.12,0,0
30.98,6,0.5019,6.34,0,0
73.98,20,0.1008,52.17,1,0
123.14,21,0.0622,15.62,0,0
20.55,21,0.3438,10.34,0,0
22.66,8,0.2141,8.41,0,0
111.79,1,0.0278,33.58,1,0
61.25,12,0.1435,5.73,0,0
27.59,22,0.3683,76.17,1,0
29.21,11,0.1804,16.6,0,0
55.93,11,0.1153,4.93,0,0
46.21,8,0.2537,9.11,0,0
93.25,0,0.2433,5.26,0,0
23.17,6,0.1072,17.72,0,0
27.97,3,0.3516,28.2,0,0
55.71,10,0.1056,19.95,0,0
178.13,13,0.3554,22.84,0,0
27.31,14,0.3193,20.7,0,0
31.62,2,0.1628,0.44,0,0
19.05,5,0.2927,10.02,0,0
32.47,0,0.2563,5.11,0,0
93.57,17,0.1085,5.19,1,0
50.1,16,0.317,0.05,0,0
17.26,15,0.0823,56.15,0,0
21.56,4,0.342,2.86,0,0
66.71,15,0.0305,29.73,0,0
15.78,7,0.1813,7.12,1,0
93.67,22,0.1359,1.31,0,0
19.58,23,0.1878,21.44,0,0
27.02,21,0.0882,5.23,0,0
159.43,16,0.1364,5.93,0,0
61.95,15,0.1128,1.67,0,0
113.13,5,0.2991,3.99,0,0
200.51,1,0.178,8.68,0,0
74.16,13,0.2401,19.51,0,0
62.31,9,0.0862,32.5,0,0
65.1,7,0.1998,23.43,0,0
28.04,19,0.3714,11.6,0,0
110.34,6,0.032,16.25,0,0
59.32,21,0.1283,29.78,0,0
9.24,9,0.0459,44.82,0,0
58.1,5,0.0582,15.23,0,0
47.12,9,0.0604,7.99,0,0
79.94,9,0.0523,3.06,0,0
30.63,3,0.0454,5.05,0,0
23.69,16,0.0988,24.5,0,0
81.35,5,0.0688,12.8,0,0
30.54,10,0.134,24.8,0,0
49.2,2,0.0859,4.86,0,0
59.23,22,0.0749,15.51,0,0
67.48,11,0.1541,28.46,0,0
151.03,15,0.1565,11.99,0,0
25.72,13,0.1784,1.26,0,0
42.19,12,0.4789,19.19,1,0
48.55,16,0.3477,4.91,0,0
32.84,15,0.3483,19.61,0,0
84.04,21,0.2205,0.89,0,0
56.37,13,0.4249,6.49,0,0
63.63,12,0.3959,15.93,0,0
68.31,11,0.3994,23.46,0,0
28.29,3,0.2154,23.15,0,0
74.93,14,0.3365,12.85,0,0
207.06,2,0.1629,16.49,0,0
48.57,6,0.1216,19.71,0,0
8.46,5,0.1224,21.76,0,0
70.19,9,0.0439,24.86,0,0
54.37,1,0.2183,2.13,0,0
27.66,13,0.1765,0.14,0,0
18.51,16,0.1909,1.64,0,0
38.68,5,0.2838,0.64,0,0
27.5,20,0.0411,1.62,0,0
30.52,3,0.1565,12.89,0,0
29.22,22,0.2431,13.18,0,0
18.48,1,0.545,18.9,0,0
201.27,16,0.3254,3.22,0,0
100.42,9,0.2787,11.9,0,0
42.74,6,0.1355,4.3,0,0
24.26,23,0.2957,23.26,0,0
43.88,5,0.1836,9.74,0,0
57.75,19,0.0481,21.88,1,0
27.89,13,0.1289,1.77,0,0
21.07,3,0.2715,7.84,0,0
82.75,16,0.895,9.54,1,1
17.26,15,0.2651,2.25,0,0
132.4,0,0.402,71.91,0,0
50.14,7,0.3259,8.68,0,0
10.13,23,0.1597,6.65,0,0
189.27,15,0.3415,3.2,0,0
139.48,23,0.0571,5.57,0,0
52.17,21,0.236,3.3,0,0
63.83,7,0.583,11.71,0,0
22.52,18,0.2169,11.15,0,0
42.03,17,0.2593,16.66,0,0
37.91,15,0.1843,0.41,0,0
38.82,4,0.1158,10.78,0,0
29.64,18,0.4248,11.9,0,0
57.25,6,0.2303,0.9,0,0
16.56,8,0.0908,26.99,1,0
23.71,9,0.0215,13.62,0,0
50.3,4,0.1218,9.25,0,0
48.48,8,0.1139,7.36,1,0
50.34,23,0.2392,6.27,0,0
20.58,16,0.2622,5.16,0,0
102.64,18,0.1394,5.16,1,0
34.4,8,0.1964,2.61,1,0
28.16,8,0.3052,4.13,0,0
42.37,21,0.0336,33.3,0,0
52.69,15,0.1753,6.28,0,0
146.69,3,0.2153,8.16,0,0
50.02,0,0.3091,21.55,0,0
101.57,19,0.0995,4.86,0,0
91.23,1,0.2305,0.7,0,0
87.47,5,0.0983,6.13,0,0
60.72,1,0.1649,18.07,0,0
94.2,21,0.4733,0.54,0,0
49.07,5,0.4049,2.7,0,0
60.68,18,0.2018,6.53,1,0
164.6,8,0.2321,0.6,0,0
59.82,21,0.2945,0.29,0,0
87.82,4,0.0622,18.35,0,0
13.5,19,0.1365,2.76,0,0
30.31,20,0.4809,109.25,0,0
36.97,13,0.2393,15.08,0,0
75.75,14,0.3449,19.7,0,0
32.11,17,0.1447,33.38,0,0
75.01,16,0.2882,27.72,0,0
47.8,1,0.0789,17.63,1,0
130.96,0,0.114,50.08,0,0
72.89,19,0.2408,15.07,0,0
39.78,22,0.0695,41.75,0,0
25.55,16,0.2197,17.0,0,0
65.37,19,0.0581,23.69,0,0
34.41,10,0.1301,8.63,0,0
45.82,3,0.1959,50.99,0,0
39.31,20,0.9626,26.52,0,1
139.0,5,0.1234,4.36,0,0
254.77,18,0.1923,17.37,0,0
27.78,3,0.1274,7.19,0,0
33.65,21,0.2829,24.14,1,0
50.03,5,0.4414,1.53,0,0
54.91,23,0.054,18.97,0,0
85.89,18,0.3408,1.48,0,0
38.31,21,0.2052,13.8,0,0
42.74,4,0.0519,3.21,0,0
38.27,14,0.163,26.62,0,0
57.85,3,0.0055,12.54,0,0
39.55,0,0.2672,14.13,0,0
28.98,21,0.0074,10.03,1,0
68.03,14,0.2887,19.27,0,0
15.76,5,0.0373,22.0,0,0
24.05,15,0.0628,8.05,0,0
62.38,10,0.1615,17.36,0,0
72.72,7,0.3246,0.56,0,0
57.27,5,0.1488,34.74,0,0
36.11,16,0.3159,11.21,0,0
21.32,7,0.1884,13.13,0,0
22.54,16,0.1732,22.38,0,0
66.29,3,0.2038,12.01,0,0
36.76,2,0.2681,17.9,0,0
22.52,18,0.0611,3.81,0,0
28.14,15,0.407,1.9,0,0
38.96,22,0.1209,10.08,0,0
60.68,8,0.2928,25.37,0,0
134.53,14,0.0519,3.15,1,0
50.93,0,0.4523,48.03,0,0
12.27,23,0.3887,4.71,0,0
67.17,3,0.0821,17.34,0,0
22.61,6,0.2272,7.38,1,0
87.55,8,0.4161,25.98,0,0
46.48,20,0.0148,5.34,0,0
95.94,6,0.2061,18.19,0,0
30.71,13,0.1328,17.63,0,0
124.08,15,0.1763,6.77,0,0
68.96,21,0.1618,2.74,0,0
68.09,4,0.2505,32.85,0,0
216.46,11,0.0857,6.02,0,0
30.14,1,0.3164,3.03,0,0
27.56,1,0.0497,21.05,0,0
14.58,9,0.2945,21.48,0,0
120.01,0,0.1624,8.99,0,0
83.84,2,0.1272,3.63,0,0
19.55,19,0.1889,4.23,0,0
61.68,3,0.1059,4.4,0,0
51.58,11,0.1001,42.1,0,0
16.52,5,0.1998,11.5,0,0
65.7,12,0.2442,6.9,0,0
121.28,6,0.1938,2.28,0,0
21.74,7,0.0684,4.07,0,0
67.61,16,0.3514,2.13,0,0
186.25,20,0.3271,24.86,0,0
138.63,14,0.0124,59.21,1,0
82.78,12,0.2073,6.11,0,0
59.31,7,0.053,2.02,1,0
175.87,12,0.1344,24.03,0,0
106.16,3,0.1342,39.28,1,0
88.83,20,0.1096,0.84,0,0
35.86,12,0.3104,5.95,0,0
69.92,20,0.2656,25.13,0,0
125.48,15,0.2493,6.66,0,0
182.91,0,0.3768,4.32,0,0
130.35,19,0.1122,38.24,0,0
24.12,6,0.3609,11.55,0,0
42.26,23,0.1764,16.12,0,0
30.84,8,0.2682,35.86,0,0
21.36,13,0.0586,3.69,1,0
46.59,0,0.2218,1.44,0,0
113.75,3,0.4522,15.91,0,0
103.04,1,0.0786,37.65,0,0
58.78,8,0.1684,0.59,0,0
75.2,5,0.0784,16.48,0,0
23.99,2,0.1824,45.13,0,0
42.85,16,0.2166,11.14,0,0
33.93,11,0.119,2.3,0,0
17.83,23,0.0568,3.92,0,0
55.3,14,0.1622,6.25,1,0
156.79,8,0.1408,5.44,0,0
79.44,9,0.0424,20.63,0,0
85.04,10,0.2754,12.16,0,0
42.2,9,0.1949,15.71,0,0
15.77,10,0.274,4.07,0,0
34.94,4,0.1246,28.83,0,0
37.96,22,0.2505,1.62,1,0
38.84,14,0.2811,12.21,1,0
34.44,14,0.159,5.02,0,0
29.98,12,0.1013,40.87,0,0
57.09,16,0.2313,13.2,0,0
115.27,9,0.2256,3.81,0,0
25.49,18,0.0901,1.23,0,0
99.81,14,0.2693,47.15,0,0
27.05,7,0.3545,25.68,0,0
71.59,0,0.5493,27.91,0,0
23.39,15,0.1975,28.57,0,0
52.55,11,0.0525,6.3,0,0
93.15,9,0.1684,5.35,0,0
183.98,18,0.0728,11.26,0,0
125.26,1,0.1552,22.55,0,0
36.4,4,0.0343,8.46,1,0
24.74,2,0.241,8.96,0,0
49.49,10,0.2723,51.91,1,0
96.08,9,0.1855,9.74,0,0
20.7,7,0.0666,3.22,0,0
17.98,11,0.1836,44.02,1,0
86.89,2,0.0856,1.15,0,0
51.1,14,0.1758,17.88,0,0
28.06,4,0.2106,1.81,0,0
50.02,22,0.2257,6.02,0,0
50.54,9,0.4027,4.18,0,0
42.3,9,0.2014,25.16,0,0
43.46,7,0.2868,18.46,0,0
48.09,0,0.1853,10.15,0,0
34.41,20,0.1876,9.63,0,0
36.27,4,0.203,5.69,0,0
31.05,9,0.259,21.87,0,0
51.95,16,0.1947,7.93,0,0
35.73,10,0.2401,27.93,0,0
100.98,2,0.187,3.0,0,0
28.97,16,0.2191,5.11,0,0
34.32,13,0.2929,3.08,0,0
73.53,8,0.1075,34.2,0,0
66.26,12,0.2991,7.16,1,0
34.51,7,0.1072,33.39,0,0
48.21,12,0.2762,3.29,0,0
38.01,15,0.1743,5.54,0,0
184.99,6,0.0966,41.3,0,0
157.5,2,0.1315,13.71,0,0
21.07,10,0.0337,13.43,0,0
18.18,8,0.3433,9.34,0,0
47.58,2,0.5551,2.43,0,0
32.39,11,0.7991,380.92,1,1
81.64,3,0.0915,45.35,0,0
85.99,1,0.2034,3.38,0,0
66.91,19,0.286,4.73,1,0
65.61,17,0.2236,15.36,0,0
103.41,17,0.193,11.33,0,0
34.6,17,0.3983,16.08,0,0
90.07,15,0.1353,16.87,0,0
58.29,21,0.1067,8.21,0,0
36.31,9,0.0154,0.09,0,0
76.03,10,0.1674,19.5,0,0
62.29,18,0.303,0.91,0,0
101.81,14,0.2181,36.87,0,0
38.48,13,0.2898,20.92,0,0
25.97,11,0.2538,10.46,1,0
86.18,2,0.2275,10.88,0,0
8.25,12,0.1545,13.31,0,0
51.1,12,0.3926,0.17,0,0
16.76,23,0.4602,2.91,0,0
51.57,5,0.1842,9.58,0,0
21.05,7,0.1942,17.76,1,0
42.71,20,0.2929,13.4,0,0
60.17,7,0.132,0.49,0,0
102.69,3,0.2709,26.38,0,0
49.35,4,0.0945,2.88,1,0
42.96,13,0.4086,17.37,0,0
19.59,19,0.1601,8.19,0,0
56.26,2,0.4268,3.22,0,0
37.38,16,0.1927,24.26,0,0
19.88,0,0.4448,22.35,0,0
29.53,21,0.0869,3.21,0,0
33.99,17,0.3693,1.52,1,0
37.6,21,0.2509,17.96,0,0
69.71,20,0.4818,33.59,0,0
14.38,2,0.2508,6.52,0,0
55.04,3,0.2801,1.69,0,0
52.17,13,0.212,18.79,0,0
114.04,23,0.2106,11.81,0,0
49.46,9,0.1467,17.57,0,0
39.61,23,0.0725,16.68,0,0
127.51,15,0.0668,8.29,0,0
93.73,15,0.1208,1.94,0,0
22.47,15,0.3753,1.67,1,0
97.34,19,0.0565,17.62,0,0
112.28,14,0.0164,35.57,1,0
53.03,12,0.1678,55.79,0,0
164.81,4,0.252,12.45,0,0
112.74,23,0.1037,9.07,0,0
18.76,10,0.0647,8.53,0,0
43.92,20,0.1443,16.34,0,0
24.86,21,0.5094,2.13,0,0
18.13,2,0.1911,5.77,0,0
28.17,23,0.264,2.39,0,0
124.42,14,0.0869,21.26,0,0
38.01,5,0.6101,20.99,0,0
20.37,3,0.1882,5.58,0,0
98.95,19,0.2419,4.49,0,0
28.28,10,0.3511,29.35,0,0
27.11,10,0.6079,18.0,1,0
35.96,11,0.0786,68.92,0,0
72.93,15,0.1486,5.13,0,0
49.5,10,0.1655,4.48,0,0
15.02,23,0.1716,5.5,0,0
84.81,0,0.0449,23.52,1,0
47.4,5,0.3074,55.39,0,0
77.13,6,0.1124,20.0,0,0
32.14,17,0.3682,32.12,0,0
58.83,7,0.196,12.84,0,0
54.59,10,0.328,10.17,0,0
32.31,13,0.1144,18.61,0,0
18.31,6,0.288,30.37,0,0
61.06,7,0.1048,40.63,0,0
74.67,8,0.0976,13.03,0,0
22.92,1,0.2408,23.36,0,0
36.27,7,0.2319,31.35,0,0
105.51,12,0.0237,20.98,0,0
58.04,19,0.0966,3.0,0,0
24.75,19,0.2277,1.75,0,0
107.83,4,0.0047,6.12,0,0
67.0,9,0.2666,19.19,0,0
39.23,22,0.2876,13.84,0,0
95.72,22,0.3346,50.41,0,0
67.81,16,0.2001,35.17,0,0
20.1,14,0.1569,3.45,0,0
24.64,7,0.1125,0.78,0,0
13.21,12,0.0745,12.44,1,0
47.27,7,0.2899,4.75,0,0
22.53,22,0.1823,10.65,0,0
127.13,3,0.0646,6.48,0,0
22.31,14,0.1558,3.83,0,0
36.45,11,0.3543,0.79,0,0
17.66,17,0.0841,16.4,0,0
76.59,16,0.1398,12.7,0,0
57.01,13,0.0809,1.35,0,0
97.34,8,0.4069,5.42,0,0
107.5,2,0.1559,40.2,0,0
15.8,8,0.2196,15.2,0,0
38.06,15,0.1562,24.62,0,0
12.14,8,0.3441,16.97,0,0
258.4,9,0.2427,41.78,0,0
59.08,1,0.2036,1.72,0,0
48.1,23,0.2078,7.19,0,0
67.69,10,0.1069,21.69,0,0
23.46,18,0.1003,0.77,0,0
71.58,19,0.3905,17.03,0,0
141.84,7,0.0901,3.61,0,0
153.0,19,0.0407,12.4,0,0
102.73,9,0.2542,8.88,0,0
91.02,14,0.2555,7.55,1,0
34.08,21,0.1244,21.34,0,0
33.8,22,0.0594,7.94,0,0
47.65,19,0.5892,16.59,0,0
119.5,2,0.1201,9.74,0,0
54.92,17,0.1035,16.51,0,0
17.9,13,0.1687,20.58,0,0
59.88,10,0.0966,15.82,0,0
48.87,16,0.1504,3.68,1,0
257.16,23,0.5892,2.03,0,0
51.8,10,0.1338,23.66,0,0
19.74,7,0.1435,14.45,0,0
49.56,12,0.1173,9.41,0,0
33.4,10,0.2902,16.35,0,0
52.26,14,0.1765,14.57,0,0
65.97,12,0.1854,10.95,0,0
67.22,18,0.1465,25.61,0,0
26.54,19,0.3951,3.72,0,0
41.25,21,0.3452,24.39,1,0
177.66,14,0.0671,22.11,0,0
93.61,0,0.1469,4.44,0,0
10.48,14,0.091,11.52,1,0
56.95,12,0.4002,8.66,0,0
117.34,13,0.1181,37.08,1,0
28.32,16,0.2004,3.12,0,0
27.79,16,0.0827,17.21,0,0
12.85,10,0.1302,7.33,0,0
133.87,23,0.0993,10.38,0,0
29.88,13,0.2341,1.0,0,0
30.71,1,0.3157,27.89,0,0
44.15,13,0.2955,9.43,0,0
152.92,17,0.1876,10.91,0,0
46.21,15,0.1932,0.6,0,0
60.71,1,0.1107,16.1,0,0
62.94,19,0.1986,0.14,0,0
46.39,22,0.1877,4.92,0,0
98.37,7,0.257,6.44,0,0
62.19,14,0.0923,3.64,0,0
50.12,3,0.407,22.69,0,0
54.27,23,0.293,3.84,1,0
24.16,19,0.2381,8.13,0,0
30.65,10,0.2392,10.09,0,0
52.42,6,0.2824,15.77,0,0
92.51,13,0.0744,14.27,0,0
84.51,16,0.3195,13.37,0,0
57.24,0,0.3351,26.53,0,0
30.33,9,0.39,2.61,0,0
14.47,20,0.0742,5.29,0,0
20.24,14,0.3828,10.74,0,0
24.23,7,0.1557,26.16,0,0
65.35,17,0.2435,2.31,0,0
75.4,11,0.1314,28.15,0,0
79.74,1,0.2502,12.7,0,0
43.37,4,0.3377,4.18,0,0
22.94,7,0.0098,7.16,1,0
49.47,12,0.1494,13.46,0,0
35.17,10,0.1695,36.88,0,0
99.11,9,0.0858,9.25,0,0
56.45,10,0.1652,1.35,0,0
125.67,6,0.2899,3.15,1,0
56.07,8,0.2809,2.38,0,0
33.85,9,0.1982,13.36,0,0
64.78,17,0.1029,6.43,0,0
121.57,19,0.0622,10.11,0,0
16.11,12,0.1791,8.18,0,0
62.11,9,0.0283,14.63,0,0
59.21,0,0.2342,11.36,0,0
11.43,16,0.3678,1.95,0,0
179.37,16,0.119,3.82,0,0
34.16,21,0.0785,17.08,0,0
85.74,21,0.1143,34.74,0,0
20.19,15,0.3638,0.39,0,0
50.54,16,0.1679,0.44,0,0
83.23,21,0.3486,10.07,0,0
304.25,21,0.3178,26.45,0,0
59.55,6,0.2036,39.81,0,0
28.75,2,0.3067,3.12,0,0
117.55,21,0.172,15.61,0,0
81.38,20,0.0699,39.91,0,0
139.45,9,0.079,30.59,0,0
73.27,6,0.1844,1.43,0,0
55.84,6,0.271,3.17,0,0
22.46,23,0.1584,28.32,0,0
136.85,1,0.7162,82.69,1,1
80.38,20,0.0535,13.4,0,0
48.56,22,0.3906,1.46,1,0
111.09,4,0.2476,40.69,1,0
39.0,11,0.3818,31.42,1,0
35.04,1,0.1076,12.28,1,0
50.91,18,0.0942,4.11,1,0
54.29,21,0.0533,7.85,0,0
19.88,2,0.0495,10.86,0,0
27.56,18,0.1033,25.34,0,0
45.26,9,0.1339,48.64,0,0
30.82,14,0.0486,8.85,0,0
52.56,23,0.2712,8.76,0,0
97.06,4,0.3966,0.47,0,0
21.86,22,0.2812,5.21,1,0
71.67,5,0.055,9.31,1,0
94.58,13,0.2182,8.44,0,0
17.99,6,0.0917,27.89,0,0
13.0,3,0.1742,9.62,0,0
36.78,19,0.145,15.72,0,0
42.21,17,0.3265,12.65,0,0
18.6,19,0.0608,22.23,0,0
48.79,15,0.247,1.25,0,0
13.62,15,0.1428,2.71,0,0
54.36,4,0.2078,23.71,0,0
44.2,23,0.1112,26.22,0,0
20.12,5,0.1719,1.8,0,0
16.78,1,0.4709,14.1,0,0
44.33,10,0.0306,0.97,0,0
35.28,19,0.204,0.33,0,0
119.55,3,0.1415,7.73,0,0
60.72,5,0.2695,23.65,0,0
22.87,22,0.0786,17.12,0,0
56.18,21,0.106,16.45,0,0
62.69,10,0.0642,0.18,0,0
61.47,22,0.2873,72.93,0,0
130.04,17,0.0772,8.18,0,0
34.1,4,0.2301,20.4,0,0
27.92,20,0.2672,8.59,0,0
46.03,17,0.1229,1.49,0,0
23.7,9,0.0663,2.25,0,0
46.52,15,0.1054,4.33,0,0
39.8,22,0.4138,3.64,0,0
46.3,20,0.1242,33.68,0,0
35.68,17,0.1329,70.98,0,0
22.35,12,0.0675,30.15,0,0
33.38,2,0.1606,55.23,0,0
54.39,8,0.5798,10.31,0,0
31.68,3,0.2261,9.39,0,0
19.86,23,0.2862,12.85,0,0
39.99,20,0.1688,16.09,0,0
16.29,3,0.114,20.55,1,0
80.51,3,0.1349,22.94,0,0
108.81,14,0.2063,28.21,0,0
20.4,17,0.1295,27.77,0,0
98.85,23,0.244,26.84,0,0
98.69,11,0.207,4.58,0,0
19.54,12,0.332,2.1,0,0
43.11,19,0.2772,15.65,0,0
118.53,11,0.099,7.76,0,0
25.6,22,0.4966,7.61,0,0
27.41,17,0.0637,1.76,0,0
20.67,16,0.539,73.04,0,0
50.43,10,0.468,6.67,1,0
36.2,4,0.2882,5.38,0,0
28.07,14,0.0635,43.94,0,0
39.64,13,0.2663,7.41,0,0
63.37,12,0.1207,3.43,0,0
35.26,13,0.2531,0.98,0,0
51.89,4,0.4667,0.47,0,0
35.3,13,0.1763,18.72,0,0
36.8,20,0.3296,10.18,0,0
56.95,11,0.2478,15.52,0,0
23.96,6,0.1651,2.24,0,0
64.78,18,0.0526,11.61,0,0
22.04,19,0.2435,1.98,0,0
36.44,17,0.1418,25.43,0,0
52.58,21,0.0539,0.42,0,0
69.39,18,0.0699,18.45,0,0
31.37,20,0.0704,4.66,0,0
60.52,11,0.319,3.59,0,0
96.29,6,0.3689,48.23,0,0
80.92,18,0.2096,37.53,0,0
105.79,18,0.0979,11.36,0,0
24.53,12,0.0412,11.29,0,0
76.32,23,0.3877,29.78,0,0
99.07,6,0.4176,18.75,1,0
65.79,21,0.1885,7.41,0,0
54.67,20,0.263,8.42,0,0
40.21,17,0.1759,1.42,0,0
30.76,16,0.2441,36.49,1,0
120.11,17,0.1799,8.15,0,0
24.34,7,0.1616,9.27,0,0
96.55,3,0.1045,10.58,1,0
35.22,8,0.1307,5.01,1,0
83.78,16,0.0665,6.98,0,0
44.46,0,0.1732,15.87,0,0
37.0,20,0.1732,4.14,0,0
104.24,13,0.294,2.57,0,0
36.13,18,0.4776,15.04,0,0
94.48,21,0.1754,7.56,0,0
34.25,1,0.0721,23.75,0,0
56.16,11,0.1207,1.08,0,0
14.82,10,0.1469,0.99,0,0
20.44,8,0.079,15.12,0,0
13.21,8,0.088,17.43,1,0
48.93,0,0.2863,2.13,0,0
42.11,10,0.0874,10.67,0,0
35.04,23,0.276,3.69,0,0
85.36,7,0.2619,9.03,0,0
20.27,20,0.3011,7.8,0,0
57.22,17,0.2145,0.85,0,0
69.25,0,0.0364,2.55,0,0
57.06,20,0.3654,17.42,0,0
24.74,18,0.2868,9.39,1,0
82.96,17,0.2079,21.37,0,0
13.2,20,0.2352,15.98,0,0
54.32,10,0.1987,3.25,0,0
48.05,13,0.0435,20.57,0,0
19.37,23,0.3943,2.68,0,0
111.83,1,0.0903,20.39,0,0
67.08,11,0.3624,7.74,0,0
11.2,11,0.5398,11.24,0,0
119.96,23,0.082,5.67,0,0
54.66,7,0.3546,19.08,0,0
59.7,23,0.0682,15.51,0,0
30.81,7,0.1504,28.53,0,0
38.01,7,0.0413,7.69,0,0
27.29,7,0.1354,20.26,0,0
85.01,9,0.0959,21.9,1,0
39.01,7,0.3579,6.92,0,0
38.52,20,0.2864,20.9,0,0
20.11,23,0.2509,9.72,0,0
131.92,18,0.2229,18.56,0,0
47.19,13,0.1034,0.08,0,0
42.1,22,0.117,12.21,0,0
63.14,9,0.1931,10.16,0,0
81.66,18,0.0923,2.66,0,0
56.52,20,0.3804,22.96,0,0
70.71,15,0.3729,9.25,0,0
24.92,2,0.4376,3.05,0,0
100.51,0,0.3392,30.86,1,0
12.12,10,0.3961,13.58,0,0
34.13,22,0.3552,35.17,1,0
153.57,23,0.1618,6.79,0,0
28.5,8,0.2375,1.84,0,0
58.32,2,0.3024,32.17,0,0
70.99,0,0.1838,11.38,0,0
31.99,14,0.2449,6.04,1,0
28.3,22,0.1617,15.61,0,0
68.49,2,0.3199,11.54,0,0
75.15,6,0.3123,9.34,0,0
36.07,10,0.195,16.19,1,0
121.49,1,0.1407,9.23,0,0
68.72,17,0.0605,3.14,0,0
78.73,13,0.3009,5.28,0,0
27.86,4,0.2473,21.09,0,0
18.32,17,0.2155,7.46,0,0
52.17,22,0.1762,10.52,0,0
161.54,5,0.2102,6.87,1,0
56.19,19,0.0906,33.24,0,0
78.96,12,0.271,32.47,0,0
17.69,20,0.0861,21.52,0,0
168.07,12,0.0607,14.8,1,0
28.08,2,0.3097,14.27,0,0
70.98,23,0.0636,10.46,0,0
99.22,5,0.1412,41.0,0,0
21.14,14,0.2368,3.6,0,0
49.15,15,0.1589,11.63,0,0
30.42,11,0.2542,11.85,0,0
76.23,8,0.3031,22.45,0,0
59.68,9,0.0395,0.22,1,0
62.59,22,0.7079,18.62,0,0
7.46,7,0.2428,33.03,0,0
54.24,7,0.1451,8.05,0,0
89.33,10,0.3175,27.64,0,0
78.08,11,0.3115,1.12,0,0
69.14,18,0.5443,3.29,0,0
40.97,17,0.0723,9.21,0,0
32.03,22,0.0342,7.0,0,0
42.84,9,0.4139,16.36,1,0
76.69,14,0.1353,30.28,0,0
29.23,7,0.1866,6.07,0,0
69.29,22,0.3752,16.27,0,0
12.4,21,0.1251,2.44,0,0
43.58,19,0.2125,0.02,0,0
58.05,6,0.0714,7.43,0,0
27.44,17,0.051,5.41,0,0
42.43,10,0.072,12.51,0,0
26.85,17,0.2197,13.7,0,0
38.39,13,0.0917,1.79,1,0
66.11,1,0.2324,18.46,0,0
40.36,8,0.2253,41.56,0,0
25.41,18,0.1851,10.51,0,0
66.75,17,0.0112,2.39,0,0
174.94,9,0.0848,51.35,0,0
58.42,13,0.129,68.07,0,0
9.94,4,0.177,23.55,0,0
182.36,19,0.1869,18.14,0,0
90.48,20,0.1203,1.7,0,0
38.44,14,0.0743,16.05,0,0
40.72,4,0.2815,25.07,0,0
8.74,4,0.0265,30.11,0,0
72.07,0,0.1957,5.72,0,0
28.44,7,0.1309,24.94,1,0
29.79,22,0.122,13.43,0,0
44.17,15,0.2058,3.29,0,0
64.37,1,0.0749,5.23,0,0
187.14,6,0.2773,31.29,0,0
42.6,6,0.2102,11.03,0,0
24.86,3,0.2479,58.43,0,0
44.1,12,0.5091,22.01,0,0
188.83,3,0.1074,0.51,0,0
30.84,4,0.406,13.3,0,0
34.94,4,0.0713,3.31,0,0
47.71,1,0.454,4.25,0,0
100.83,23,0.1392,13.42,0,0
23.2,9,0.0883,5.01,1,0
58.97,2,0.2456,17.71,0,0
14.02,14,0.136,0.83,0,0
41.07,9,0.2099,21.5,0,0
37.75,12,0.3338,22.76,0,0
91.9,9,0.2699,5.12,0,0
52.14,6,0.4259,9.16,0,0
38.97,20,0.1812,1.18,0,0
97.66,17,0.3064,49.6,0,0
34.69,18,0.1583,3.48,0,0
15.81,3,0.0247,8.18,0,0
19.13,12,0.1298,36.56,0,0
55.19,13,0.0732,12.71,0,0
18.54,10,0.3885,11.17,0,0
29.08,12,0.3045,37.06,0,0
130.48,17,0.3093,7.77,0,0
32.03,5,0.2511,15.53,0,0
24.01,19,0.3955,5.08,0,0
79.6,10,0.2278,1.62,0,0
97.41,14,0.0602,1.53,0,0
72.2,10,0.0279,20.47,0,0
74.56,14,0.25,12.6,0,0
18.64,22,0.1623,24.29,0,0
29.19,1,0.1849,9.52,0,0
37.44,4,0.0928,19.36,0,0
62.82,13,0.0905,6.72,0,0
85.49,1,0.2635,19.49,0,0
25.75,21,0.0561,13.68,0,0
40.43,4,0.0078,24.73,0,0
38.24,0,0.1096,4.02,0,0
7.9,21,0.1772,0.55,0,0
17.31,18,0.1221,4.65,0,0
44.17,8,0.3399,13.7,1,0
49.11,5,0.1289,11.44,0,0
19.55,22,0.1139,6.17,0,0
9.98,20,0.2155,11.94,0,0
19.56,5,0.4361,5.08,1,0
57.34,7,0.2849,0.18,0,0
27.36,11,0.1207,2.94,0,0
57.03,21,0.25,13.41,0,0
25.49,16,0.1168,41.3,0,0
74.53,14,0.2519,10.59,0,0
22.99,2,0.1959,45.01,0,0
100.95,20,0.0858,17.79,0,0
47.57,3,0.3577,33.19,0,0
50.74,19,0.0762,24.83,1,0
11.64,7,0.1458,15.4,0,0
113.68,16,0.2596,11.48,0,0
54.01,16,0.317,10.85,0,0
75.65,7,0.0595,11.15,0,0
57.71,16,0.1267,3.39,1,0
62.89,13,0.3862,14.09,0,0
46.0,3,0.2117,3.3,1,0
40.94,6,0.2459,5.7,1,0
29.07,3,0.2902,0.72,0,0
38.82,18,0.0957,29.11,0,0
17.26,5,0.0676,28.85,0,0
59.55,20,0.3356,3.49,0,0
11.15,6,0.1222,7.62,1,0
18.69,14,0.049,2.81,0,0
50.3,20,0.2027,44.27,1,0
73.04,16,0.0995,20.9,0,0
24.68,17,0.16,35.99,0,0
80.01,12,0.1094,14.1,0,0
93.67,9,0.0264,10.96,0,0
85.82,19,0.1191,16.66,0,0
66.94,14,0.0888,0.99,0,0
12.96,6,0.0997,2.29,0,0
23.38,0,0.2306,4.9,0,0
30.35,2,0.234,53.56,0,0
102.35,13,0.1065,8.14,0,0
81.71,1,0.4917,11.77,0,0
32.91,11,0.2687,38.46,0,0
25.04,8,0.4179,13.37,0,0
210.12,2,0.0787,14.77,0,0
56.39,21,0.0468,1.4,0,0
22.65,23,0.0835,4.45,0,0
28.68,17,0.3769,9.85,0,0
10.03,3,0.0775,10.51,0,0
14.06,16,0.097,2.51,0,0
19.18,15,0.2913,18.52,1,0
211.82,6,0.102,8.04,0,0
76.06,4,0.284,25.53,0,0
94.89,17,0.1154,7.37,0,0
19.16,20,0.2905,22.2,0,0
57.26,8,0.2649,27.5,0,0
55.97,21,0.261,27.87,0,0
70.99,1,0.0785,7.25,0,0
114.24,10,0.2497,23.85,1,0
73.32,16,0.0748,24.06,0,0
46.2,17,0.1531,14.37,0,0
408.14,11,0.0381,40.34,0,0
81.8,22,0.1475,0.03,0,0
52.9,6,0.4717,0.33,0,0
24.0,18,0.3863,13.94,0,0
18.39,5,0.0319,6.53,0,0
21.28,22,0.2752,15.87,0,0
13.7,0,0.3198,3.29,0,0
57.27,1,0.1363,2.69,0,0
46.0,2,0.0829,3.84,0,0
24.87,11,0.3062,2.92,0,0
88.31,14,0.2169,14.1,0,0
35.03,21,0.2612,16.74,0,0
68.55,12,0.0869,7.72,0,0
33.66,1,0.4354,15.1,0,0
17.83,2,0.247,32.4,0,0
46.09,3,0.3565,4.39,0,0
15.98,8,0.1992,4.33,1,0
71.01,12,0.1417,3.92,0,0
61.96,16,0.1995,8.45,0,0
58.76,23,0.4077,2.11,0,0
54.64,9,0.0836,12.39,0,0
80.49,10,0.045,2.44,1,0
14.02,1,0.1686,4.73,0,0
49.98,12,0.0662,0.92,0,0
63.54,3,0.3025,2.06,0,0
27.18,3,0.0429,13.9,0,0
116.67,6,0.0333,15.07,0,0
34.33,22,0.0565,38.29,1,0
56.3,12,0.0565,27.44,0,0
39.27,10,0.1681,30.16,0,0
42.32,4,0.1477,3.68,1,0
28.21,6,0.3412,1.74,0,0
29.19,10,0.4304,5.38,0,0
39.04,12,0.1229,10.02,0,0
38.88,12,0.03,6.98,0,0
78.66,1,0.1571,5.31,0,0
201.22,21,0.1507,0.75,0,0
53.31,8,0.4605,24.81,0,0
85.84,3,0.0574,6.84,0,0
79.94,7,0.2185,8.14,0,0
65.51,11,0.1942,5.37,0,0
74.49,3,0.0504,13.07,0,0
17.07,12,0.1777,0.53,0,0
9.36,19,0.0363,19.69,1,0
49.01,11,0.1895,0.71,0,0
12.33,11,0.097,8.43,0,0
171.22,5,0.3046,7.27,0,0
170.52,3,0.1496,8.51,1,0
70.82,0,0.2287,13.49,1,0
48.66,12,0.028,16.46,0,0
31.33,0,0.1133,1.08,0,0
17.19,4,0.2265,32.79,0,0
19.47,3,0.1926,23.5,0,0
9.88,7,0.1392,57.36,0,0
56.48,20,0.3225,10.81,1,0
70.46,0,0.0764,10.89,0,0
236.11,9,0.1746,4.0,0,0
85.41,2,0.0261,3.84,0,0
26.39,12,0.1543,0.43,0,0
71.88,11,0.1906,0.39,0,0
34.01,5,0.1262,37.6,0,0
33.7,20,0.4272,5.53,0,0
23.48,21,0.2187,23.8,0,0
38.75,3,0.3259,7.75,0,0
33.67,3,0.365,2.53,0,0
141.84,15,0.0795,27.35,0,0
37.73,19,0.1374,7.16,0,0
33.29,0,0.3747,10.41,0,0
55.92,17,0.1636,62.44,0,0
92.32,23,0.1079,28.6,0,0
56.89,11,0.27,90.26,1,0
34.32,17,0.3088,3.46,0,0
49.87,6,0.1988,42.43,0,0
99.82,15,0.4057,2.36,0,0
46.4,14,0.293,14.61,0,0
19.78,13,0.2045,18.23,0,0
13.94,13,0.4522,11.39,0,0
39.07,15,0.2698,17.16,0,0
36.62,14,0.0842,25.83,0,0
38.45,5,0.0385,13.82,0,0
34.14,22,0.1145,4.33,0,0
32.6,22,0.1807,3.41,0,0
61.96,8,0.1611,16.5,0,0
17.52,12,0.1141,5.57,1,0
132.97,4,0.1921,16.05,0,0
65.62,10,0.2957,6.78,0,0
55.49,22,0.1057,59.05,0,0
31.28,14,0.3559,5.93,0,0
22.47,23,0.3455,19.85,0,0
70.56,23,0.0339,36.6,1,0
53.95,23,0.1588,20.11,0,0
35.45,18,0.1152,0.3,0,0
55.33,22,0.1918,4.07,1,0
22.75,4,0.222,13.22,0,0
30.45,11,0.1692,4.4,0,0
58.55,22,0.0938,42.47,0,0
50.41,17,0.6523,17.46,1,0
35.67,1,0.3366,11.91,0,0
28.31,16,0.101,42.67,0,0
71.37,13,0.0884,1.12,0,0
58.04,10,0.4649,0.24,0,0
78.38,10,0.1519,34.74,0,0
29.81,0,0.22,5.52,0,0
73.14,22,0.2051,9.23,0,0
29.92,18,0.0805,13.55,1,0
42.01,0,0.0353,7.45,1,0
48.01,0,0.3362,2.26,0,0
77.7,11,0.2409,8.19,0,0
13.82,5,0.123,7.48,0,0
26.5,11,0.2702,3.34,0,0
38.05,13,0.2021,27.3,0,0
72.99,12,0.0721,3.07,0,0
44.93,0,0.2536,4.76,1,0
52.7,9,0.0384,2.47,0,0
101.23,8,0.0415,19.4,0,0
113.49,10,0.1081,61.11,0,0
91.81,7,0.4086,4.45,0,0
47.64,5,0.5083,20.74,0,0
106.05,20,0.1396,13.18,0,0
69.98,21,0.0196,26.86,0,0
51.81,7,0.1998,17.84,0,0
65.67,22,0.134,5.61,0,0
83.66,0,0.0964,6.57,0,0
21.63,4,0.0394,2.03,0,0
100.67,12,0.1706,5.26,0,0
58.9,14,0.2459,3.55,0,0
22.13,17,0.0788,19.42,0,0
32.02,1,0.142,0.69,0,0
77.16,16,0.0876,15.1,0,0
62.97,22,0.0493,5.6,1,0
40.63,17,0.2626,1.87,0,0
20.7,4,0.3158,3.14,0,0
44.56,16,0.0937,26.25,1,0
16.8,17,0.4458,14.38,0,0
69.96,16,0.2395,45.68,0,0
39.22,15,0.0447,8.82,0,0
20.1,19,0.072,1.06,1,0
181.47,6,0.1003,16.26,0,0
59.31,11,0.1464,71.68,0,0
35.74,21,0.0938,4.63,0,0
154.78,16,0.089,17.59,1,0
21.1,4,0.35,13.11,1,0
63.21,20,0.5139,3.98,0,0
160.46,16,0.388,9.26,0,0
109.08,18,0.3474,19.88,0,0
54.55,23,0.0723,9.27,0,0
96.59,15,0.1554,17.37,0,0
52.32,15,0.2104,1.18,0,0
87.03,10,0.0331,7.93,0,0
23.81,0,0.1836,2.97,0,0
27.43,0,0.1964,13.19,0,0
43.44,2,0.1937,11.23,0,0
26.44,21,0.3114,16.51,0,0
19.91,16,0.0638,11.88,0,0
36.57,8,0.337,9.95,0,0
38.87,4,0.206,2.51,1,0
34.42,10,0.1238,14.02,0,0
22.1,4,0.0319,37.23,0,0
18.24,13,0.2082,12.12,0,0
129.5,19,0.2201,0.43,0,0
7.94,17,0.1006,2.58,0,0
35.85,23,0.1192,18.46,0,0
49.4,1,0.215,0.9,0,0
47.77,11,0.1115,14.03,0,0
38.97,15,0.1371,10.35,0,0
20.98,13,0.1055,12.35,0,0
69.43,18,0.1162,5.32,1,0
40.85,6,0.3306,2.04,0,0
31.4,2,0.6082,6.42,0,0
47.02,23,0.2254,35.03,0,0
96.49,15,0.3898,19.18,0,0
154.09,17,0.2177,0.27,0,0
103.71,19,0.1674,24.81,0,0
31.64,17,0.3051,53.96,0,0
31.12,22,0.2185,13.02,0,0
34.81,5,0.2836,5.64,0,0
58.15,5,0.3162,1.67,0,0
56.08,14,0.423,4.4,1,0
4.66,7,0.0788,21.69,0,0
40.15,8,0.1718,8.02,0,0
19.05,13,0.2263,29.39,0,0
31.96,20,0.2064,8.35,0,0
25.95,19,0.0649,4.28,0,0
93.85,6,0.1947,21.31,0,0
26.83,9,0.115,6.74,0,0
17.05,17,0.1855,29.57,0,0
39.29,23,0.5974,0.64,0,0
111.37,4,0.3287,6.05,0,0
43.4,3,0.1036,17.21,0,0
50.52,21,0.2197,1.33,0,0
21.57,1,0.0276,10.51,0,0
81.77,19,0.0526,5.46,0,0
52.9,15,0.074,31.31,0,0
37.69,18,0.1182,7.03,0,0
86.93,2,0.3071,16.57,0,0
30.3,13,0.1287,14.37,0,0
75.42,6,0.105,8.42,0,0
68.13,9,0.1724,21.48,0,0
60.63,10,0.1568,10.06,0,0
79.02,2,0.2133,4.84,0,0
98.14,21,0.1747,2.39,0,0
86.06,2,0.1148,2.0,1,0
20.79,9,0.0946,27.56,0,0
9.7,20,0.0545,66.99,0,0
18.68,18,0.4746,15.86,0,0
16.38,22,0.4601,4.96,0,0
67.31,4,0.1522,13.02,0,0
46.83,13,0.0091,4.9,0,0
127.09,5,0.2379,9.47,0,0
35.06,9,0.1377,18.55,0,0
126.61,20,0.3116,14.71,0,0
27.25,22,0.2989,81.55,0,0
29.65,22,0.1441,14.62,0,0
19.45,15,0.0383,31.84,0,0
117.34,12,0.1098,49.31,0,0
24.33,0,0.0603,18.03,0,0
31.55,7,0.1741,13.56,0,0
213.21,13,0.0435,2.31,0,0
195.95,19,0.2001,8.77,0,0
26.57,12,0.0648,19.41,0,0
36.0,23,0.0828,21.51,0,0
43.97,7,0.2228,7.52,0,0
14.39,0,0.1703,7.47,0,0
93.07,4,0.2619,16.94,1,0
31.55,3,0.1313,2.08,0,0
29.12,7,0.4137,65.14,0,0
109.5,2,0.3295,1.54,0,0
33.73,22,0.1084,9.17,0,0
195.41,16,0.0883,72.41,0,0
29.13,14,0.2701,5.45,0,0
108.03,7,0.1992,50.28,0,0
52.09,1,0.2728,11.0,0,0
25.76,23,0.3817,4.35,0,0
59.42,19,0.5145,8.33,0,0
68.31,22,0.1671,5.93,1,0
56.35,20,0.1072,6.48,0,0
41.2,17,0.3034,4.87,1,0
159.69,21,0.1493,45.44,1,0
27.71,17,0.204,11.04,0,0
48.22,20,0.1237,4.53,0,0
63.24,2,0.2682,5.01,0,0
9.87,23,0.2309,50.44,0,0
93.72,14,0.1373,14.44,1,0
45.56,7,0.2199,10.48,1,0
163.52,9,0.0855,0.92,1,0
31.16,10,0.0808,28.58,0,0
46.73,1,0.0532,12.88,0,0
72.55,22,0.0695,10.21,0,0
40.27,9,0.1117,45.72,0,0
29.96,11,0.0622,2.68,0,0
73.41,18,0.3517,72.06,0,0
23.63,20,0.0826,7.97,0,0
56.17,17,0.1226,11.55,0,0
23.88,5,0.1106,9.76,0,0
22.58,6,0.056,8.28,1,0
13.83,22,0.1924,6.72,0,0
30.55,10,0.2795,11.39,0,0
27.21,3,0.0731,13.92,0,0
12.39,11,0.0987,41.31,0,0
173.04,13,0.0401,5.48,0,0
69.2,13,0.2843,7.18,0,0
105.38,13,0.1387,9.9,1,0
78.93,21,0.3115,12.72,0,0
12.38,10,0.2381,18.88,0,0
31.62,15,0.3196,41.16,0,0
88.45,15,0.2239,1.43,0,0
20.17,22,0.085,9.36,0,0
153.53,4,0.1267,44.66,0,0
30.25,12,0.4281,1.58,0,0
42.0,16,0.1489,10.8,0,0
57.71,21,0.2188,1.31,0,0
72.13,17,0.3955,9.81,0,0
78.89,11,0.1057,4.98,0,0
68.78,23,0.0444,8.19,0,0
67.7,4,0.1117,8.73,0,0
22.48,19,0.154,0.62,0,0
55.03,18,0.2267,7.45,1,0
94.75,13,0.276,24.05,0,0
95.67,12,0.1615,4.82,0,0
51.37,15,0.1742,8.96,1,0
15.47,5,0.4344,34.02,0,0
16.59,23,0.3547,26.49,0,0
73.47,1,0.1532,17.01,0,0
73.87,17,0.3868,11.3,0,0
152.13,11,0.1994,6.73,0,0
40.11,2,0.4146,36.29,0,0
35.51,8,0.3402,16.97,0,0
75.74,18,0.0121,42.26,0,0
41.87,14,0.1664,17.28,1,0
56.12,11,0.1435,10.09,0,0
63.83,7,0.0298,22.29,0,0
55.6,17,0.202,4.66,0,0
60.38,9,0.2348,5.32,0,0
48.48,20,0.1959,7.04,0,0
55.48,2,0.2677,8.88,0,0
63.22,23,0.1549,7.94,0,0
50.13,22,0.4897,4.88,0,0
18.42,7,0.2486,12.59,0,0
143.89,13,0.2088,25.84,0,0
26.59,7,0.278,3.28,0,0
32.76,15,0.2671,22.49,0,0
69.3,23,0.2414,6.3,0,0
28.37,22,0.0969,40.75,0,0
28.68,17,0.0725,43.66,0,0
34.24,6,0.0575,26.91,1,0
32.6,10,0.284,5.17,0,0
15.71,13,0.3324,40.8,0,0
153.95,3,0.112,29.81,0,0
114.82,16,0.1271,26.9,0,0
58.48,9,0.1594,23.53,0,0
58.71,2,0.1896,32.64,0,0
65.67,17,0.0997,5.25,0,0
124.31,0,0.1787,7.76,0,0
29.68,3,0.3095,0.51,0,0
132.1,2,0.0307,1.88,0,0
96.22,8,0.0909,14.99,1,0
32.86,9,0.1979,29.3,0,0
105.37,10,0.2714,13.69,0,0
84.28,16,0.0171,6.54,0,0
34.75,7,0.2015,0.09,0,0
67.57,13,0.1858,3.77,0,0
24.09,3,0.1766,1.57,1,0
19.32,21,0.3537,19.63,0,0
65.29,23,0.4679,10.22,0,0
78.63,7,0.1903,18.92,0,0
84.3,1,0.0901,0.28,0,0
16.86,12,0.1655,3.38,0,0
37.93,17,0.4928,17.05,0,0
62.06,9,0.1695,1.34,0,0
5.38,20,0.0785,13.18,0,0
70.99,1,0.0951,30.44,1,0
80.53,10,0.2974,10.44,1,0
30.4,2,0.2852,3.69,0,0
27.45,11,0.1509,25.41,0,0
89.47,15,0.0935,10.14,1,0
17.82,22,0.1134,1.03,0,0
95.61,15,0.1673,1.81,0,0
102.93,14,0.1594,35.34,0,0
28.26,9,0.3912,2.4,0,0
21.9,3,0.0929,16.26,0,0
27.47,12,0.3479,25.81,0,0
35.84,22,0.173,26.77,0,0
48.17,20,0.0924,7.36,0,0
38.77,0,0.0469,33.1,0,0
63.46,4,0.0602,1.57,1,0
22.59,18,0.1588,1.06,0,0
17.28,19,0.1596,25.4,0,0
112.24,22,0.1511,6.46,0,0
116.91,17,0.3818,2.31,0,0
17.94,20,0.1839,0.03,0,0
75.12,10,0.3696,2.29,0,0
17.45,4,0.3689,9.52,0,0
24.99,22,0.0287,10.83,0,0
16.57,1,0.0355,50.82,0,0
26.64,11,0.0665,25.79,0,0
92.96,16,0.1552,13.65,1,0
34.72,5,0.338,23.44,0,0
42.4,16,0.342,2.52,0,0
53.82,13,0.1835,1.98,0,0
122.78,5,0.0306,70.68,0,0
109.89,5,0.1437,11.27,0,0
17.79,9,0.2101,20.43,1,0
13.48,9,0.0552,1.61,0,0
17.91,14,0.487,1.98,1,0
52.23,3,0.1609,22.26,0,0
87.64,3,0.3123,21.53,1,0
90.6,19,0.1178,0.03,0,0
39.73,23,0.333,12.58,0,0
150.12,4,0.2231,10.08,0,0
21.4,22,0.1343,23.77,1,0
12.29,20,0.2658,1.2,0,0
108.64,0,0.5749,13.87,0,0
850.02,19,0.8872,221.95,1,1
56.6,11,0.349,6.17,1,0
82.52,19,0.0538,23.49,0,0
40.64,13,0.225,1.22,0,0
26.88,19,0.2535,3.05,0,0
89.54,22,0.1804,30.04,0,0
229.23,2,0.1826,3.28,1,0
23.9,2,0.0862,7.13,0,0
52.58,11,0.0928,11.55,0,0
196.73,8,0.0859,4.9,0,0
71.38,11,0.1856,23.17,0,0
21.81,9,0.1161,3.61,0,0
31.48,4,0.1823,43.83,1,0
50.88,23,0.0509,58.54,0,0
116.14,23,0.0419,9.57,0,0
15.03,10,0.5361,2.6,0,0
6.4,19,0.2683,15.36,0,0
15.63,9,0.176,0.06,0,0
28.92,9,0.132,20.65,0,0
58.34,8,0.0816,2.32,0,0
14.93,17,0.2388,6.86,0,0
24.16,15,0.1887,22.95,0,0
67.13,12,0.0535,16.28,0,0
46.2,22,0.1214,5.4,0,0
56.45,2,0.1219,3.92,0,0
34.46,8,0.1257,22.11,0,0
88.37,15,0.1255,61.34,0,0
35.28,19,0.1002,19.48,0,0
32.86,16,0.2605,7.79,0,0
37.05,17,0.3721,15.01,0,0
42.62,6,0.2762,15.24,0,0
50.6,15,0.4761,4.84,0,0
65.25,18,0.1943,6.02,0,0
58.56,21,0.1978,14.18,1,0
106.01,1,0.1004,8.85,0,0
66.28,2,0.1507,19.15,0,0
75.2,10,0.1608,11.37,0,0
34.67,21,0.1588,5.67,0,0
12.7,12,0.1185,8.75,0,0
491.79,6,0.0701,1.01,0,0
109.83,18,0.1146,3.27,1,0
33.88,4,0.0531,9.48,0,0
131.88,20,0.0655,23.34,0,0
99.2,22,0.218,23.62,0,0
63.06,0,0.0954,3.24,0,0
59.03,23,0.0514,22.48,0,0
30.89,15,0.197,26.77,0,0
55.59,11,0.3108,7.71,1,0
30.24,17,0.0989,19.12,0,0
43.65,22,0.1676,14.78,0,0
29.1,19,0.1291,10.41,0,0
150.07,15,0.2133,4.14,0,0
74.34,16,0.4861,1.76,0,0
251.28,23,0.1975,39.82,0,0
40.28,18,0.1896,21.94,0,0
45.7,6,0.1021,42.69,1,0
13.7,18,0.1594,104.33,0,0
47.91,0,0.0417,9.54,0,0
12.17,16,0.2371,35.22,1,0
56.85,11,0.3752,8.69,0,0
22.07,13,0.3016,23.25,0,0
117.93,3,0.1576,63.84,0,0
216.57,5,0.2806,0.48,0,0
66.77,0,0.0384,0.91,1,0
91.53,15,0.0754,0.95,0,0
242.63,12,0.1463,14.62,0,0
98.12,6,0.1244,8.62,0,0
40.33,8,0.1808,8.01,0,0
81.41,1,0.1229,22.13,0,0
18.85,8,0.4067,10.86,0,0
48.38,6,0.1267,16.3,1,0
27.71,18,0.1326,20.87,0,0
72.03,1,0.4786,18.51,0,0
54.16,13,0.1904,22.82,1,0
22.48,5,0.1744,2.2,0,0
146.82,12,0.0925,37.88,1,0
47.38,21,0.1866,55.18,1,0
33.77,18,0.2258,6.95,1,0
38.35,4,0.1879,41.95,1,0
211.79,18,0.1671,32.59,0,0
70.08,18,0.1422,28.69,0,0
33.29,17,0.1985,17.68,0,0
179.98,23,0.836,129.36,1,1
39.08,23,0.0827,29.05,0,0
58.83,13,0.1647,1.24,0,0
58.59,14,0.1447,84.83,0,0
19.13,11,0.3072,9.99,0,0
93.57,7,0.1031,15.36,0,0
26.21,7,0.2312,5.56,0,0
42.12,19,0.1751,12.87,0,0
21.62,5,0.3147,2.69,0,0
78.28,9,0.1844,5.03,0,0
95.93,16,0.2217,63.5,0,0
51.14,21,0.1821,18.04,0,0
17.18,13,0.2911,17.47,0,0
36.98,15,0.4491,15.77,0,0
27.05,10,0.0545,12.15,1,0
206.49,13,0.1668,3.82,0,0
205.25,10,0.8125,187.1,1,1
58.75,23,0.3829,3.59,0,0
49.69,10,0.1056,12.12,0,0
38.61,11,0.1291,6.27,0,0
28.34,13,0.2296,4.16,0,0
26.58,20,0.2836,57.12,1,0
30.29,17,0.0895,1.34,0,0
26.33,20,0.313,4.84,0,0
29.43,15,0.1974,7.05,0,0
15.9,4,0.0437,8.52,0,0
27.59,16,0.074,43.04,0,0
14.43,19,0.1169,20.17,0,0
43.94,7,0.3361,28.91,0,0
16.86,0,0.2047,1.75,0,0
60.84,23,0.2573,12.89,0,0
44.13,12,0.563,8.49,0,0
128.1,19,0.1589,1.37,0,0
65.08,2,0.292,5.81,0,0
54.65,17,0.1426,21.03,0,0
16.97,16,0.2541,12.17,0,0
19.99,23,0.2059,10.4,0,0
175.37,8,0.0877,35.17,1,0
20.44,5,0.0606,29.9,0,0
58.55,20,0.5317,15.3,0,0
32.01,6,0.2156,6.3,0,0
11.87,9,0.1408,17.92,0,0
126.5,21,0.2539,19.57,0,0
74.98,2,0.1488,7.24,0,0
28.16,11,0.0476,0.33,0,0
78.36,9,0.313,14.63,0,0
12.46,6,0.2953,38.64,0,0
41.48,16,0.2455,7.71,0,0
20.69,10,0.1884,20.79,0,0
127.17,20,0.3177,1.64,0,0
168.23,20,0.3207,4.03,0,0
20.19,4,0.1326,15.97,0,0
144.43,23,0.3885,3.12,0,0
81.9,12,0.2104,41.5,0,0
48.8,1,0.1688,66.7,0,0
12.42,9,0.1436,2.66,0,0
24.28,20,0.1385,1.42,0,0
115.11,18,0.2427,46.87,0,0
21.98,9,0.2006,0.43,1,0
76.83,20,0.2305,56.81,0,0
9.17,19,0.1222,9.24,0,0
22.36,22,0.5426,19.55,0,0
86.41,14,0.0816,11.08,0,0
17.78,1,0.2307,8.34,0,0
87.18,17,0.2755,19.38,1,0
10.44,10,0.0967,11.17,0,0
56.77,5,0.0483,0.24,1,0
89.33,14,0.4935,4.74,0,0
60.67,3,0.2651,6.76,0,0
57.38,10,0.0438,10.99,0,0
86.77,11,0.2398,5.95,0,0
24.5,12,0.0289,2.39,1,0
41.25,6,0.2,8.58,0,0
14.19,14,0.2978,52.32,1,0
58.15,23,0.2518,12.28,1,0
58.27,7,0.2,5.39,0,0
75.29,17,0.2378,24.4,0,0
90.52,19,0.2246,16.86,0,0
23.2,18,0.0741,28.14,0,0
30.67,19,0.0325,7.42,0,0
48.34,17,0.2051,39.11,1,0
17.21,2,0.1579,29.0,0,0
32.34,23,0.4916,4.28,1,0
24.83,4,0.1061,7.16,0,0
11.63,14,0.1128,63.02,0,0
155.99,2,0.1191,18.14,0,0
19.75,16,0.13,1.03,0,0
9.52,10,0.3009,8.96,0,0
35.57,3,0.5067,1.01,0,0
42.63,6,0.2699,6.94,0,0
28.03,3,0.1544,40.93,0,0
29.25,16,0.1149,11.87,0,0
33.48,10,0.1635,15.18,0,0
167.96,15,0.3833,6.96,1,0
61.82,22,0.192,1.28,0,0
54.53,16,0.0067,22.52,0,0
15.81,23,0.2242,18.67,0,0
54.33,11,0.2229,5.15,0,0
13.15,13,0.1253,1.18,0,0
41.2,13,0.0726,2.16,0,0
34.02,17,0.1538,24.55,0,0
20.45,1,0.0524,17.72,0,0
29.34,14,0.1578,15.25,1,0
40.58,8,0.2702,4.92,0,0
158.61,3,0.2845,28.05,0,0
30.48,20,0.0169,13.34,0,0
30.55,20,0.1729,2.22,0,0
41.03,12,0.2973,9.88,0,0
26.4,0,0.3467,2.96,0,0
138.28,13,0.213,0.81,0,0
13.82,10,0.1801,4.31,1,0
60.31,3,0.1184,2.59,0,0
20.7,3,0.1652,2.24,0,0
42.79,23,0.136,5.24,0,0
19.68,9,0.2081,21.49,0,0
104.41,17,0.4918,2.59,0,0
125.39,0,0.0831,1.67,0,0
64.33,15,0.1106,42.26,0,0
71.54,4,0.2713,5.59,0,0
74.56,2,0.1177,11.64,0,0
18.95,3,0.0904,15.58,1,0
55.09,14,0.2089,30.88,0,0
19.03,14,0.154,3.71,0,0
22.08,15,0.157,13.05,0,0
33.18,20,0.0386,43.02,0,0
46.24,14,0.152,16.39,0,0
16.59,23,0.0984,1.44,1,0
37.98,10,0.3267,3.58,0,0
30.49,5,0.3938,10.38,0,0
16.38,19,0.091,7.79,0,0
35.54,3,0.0648,3.33,0,0
40.76,19,0.2544,9.05,0,0
93.16,1,0.3252,3.87,0,0
45.87,12,0.4513,0.17,1,0
57.11,10,0.2619,28.87,0,0
96.42,14,0.0247,47.3,1,0
24.91,11,0.1146,41.33,0,0
24.71,9,0.1477,4.38,0,0
71.66,9,0.1761,9.6,0,0
127.06,22,0.0584,1.65,0,0
47.67,7,0.2468,18.56,0,0
120.86,3,0.0988,2.39,0,0
46.98,12,0.1531,8.45,0,0
21.31,8,0.6708,8.63,0,0
18.78,13,0.061,33.13,0,0
37.74,6,0.149,42.96,0,0
140.73,14,0.3259,5.84,0,0
32.16,16,0.0632,2.74,0,0
27.55,18,0.296,7.98,0,0
16.74,3,0.4217,11.19,0,0
23.84,10,0.0712,1.53,0,0
23.91,5,0.1282,15.41,0,0
43.26,5,0.0332,29.86,0,0
27.71,9,0.2929,14.58,1,0
54.65,13,0.1651,36.71,0,0
44.43,8,0.187,47.74,0,0
52.23,23,0.337,2.95,0,0
72.52,17,0.1639,1.58,0,0
38.73,22,0.2269,2.03,0,0
30.02,1,0.459,3.24,0,0
70.45,10,0.1081,5.53,0,0
66.6,15,0.1606,8.52,0,0
13.46,9,0.2217,12.93,0,0
42.18,4,0.3184,23.14,0,0
22.03,15,0.1822,7.38,0,0
24.66,9,0.1791,29.84,0,0
26.47,4,0.2953,13.82,0,0
88.61,4,0.2786,48.04,0,0
39.62,14,0.4306,36.1,0,0
31.45,22,0.0647,27.37,0,0
99.42,13,0.1659,25.63,0,0
78.89,9,0.0136,30.39,0,0
37.33,2,0.0845,14.46,0,0
27.14,22,0.1809,6.94,0,0
37.94,4,0.1456,12.07,0,0
42.98,9,0.0667,17.24,0,0
31.97,19,0.0664,42.21,0,0
44.28,11,0.2503,13.78,0,0
31.83,19,0.3707,5.53,0,0
162.23,11,0.1717,24.67,0,0
54.27,17,0.1413,0.04,0,0
13.93,4,0.2122,24.66,0,0
3.67,23,0.2865,1.74,0,0
59.19,1,0.139,15.64,0,0
37.98,16,0.002,75.8,0,0
74.45,20,0.2387,10.32,0,0
88.07,2,0.0393,18.65,1,0
82.39,11,0.4559,40.79,0,0
64.99,14,0.2497,24.54,0,0
16.51,22,0.2592,14.38,0,0
26.34,16,0.0642,34.54,0,0
143.61,1,0.0507,5.02,0,0
32.54,20,0.2947,3.4,0,0
69.64,19,0.1969,12.26,0,0
58.4,17,0.164,0.26,0,0
31.72,3,0.1071,8.53,0,0
61.22,14,0.2635,20.64,0,0
41.14,19,0.0586,11.86,0,0
29.49,9,0.0687,21.65,0,0
24.97,16,0.5087,3.41,0,0
12.38,5,0.2284,0.46,0,0
71.38,7,0.2024,24.21,1,0
48.36,17,0.1746,16.49,0,0
83.08,20,0.1646,51.44,1,0
33.68,12,0.1057,9.21,0,0
72.83,20,0.2707,0.06,0,0
80.08,20,0.0448,14.06,0,0
103.02,19,0.2902,10.89,0,0
25.0,17,0.1476,37.31,0,0
7.9,19,0.2003,3.26,0,0
99.21,20,0.1196,14.96,0,0
50.44,19,0.2002,23.73,0,0
20.45,1,0.1044,18.71,0,0
107.64,23,0.1684,17.49,0,0
54.66,15,0.1193,13.95,0,0
105.48,18,0.2946,14.11,0,0
106.97,4,0.1058,10.83,0,0
12.56,3,0.1377,25.27,0,0
9.21,2,0.1647,0.3,0,0
68.3,2,0.2594,1.33,0,0
59.96,21,0.2404,6.11,0,0
51.57,13,0.083,6.33,0,0
9.63,0,0.1495,2.35,0,0
50.8,5,0.1591,12.84,1,0
34.24,4,0.5181,1.85,0,0
25.37,16,0.1258,16.76,0,0
65.44,5,0.1481,0.44,0,0
163.4,12,0.1541,2.05,0,0
44.31,1,0.4068,2.17,1,0
89.5,2,0.1753,22.63,0,0
118.53,20,0.3395,19.44,0,0
26.15,4,0.2416,12.31,0,0
67.34,2,0.1092,6.95,1,0
111.92,20,0.3825,5.2,0,0
60.82,2,0.1819,12.55,1,0
91.69,14,0.0952,27.72,1,0
15.66,15,0.1802,3.7,0,0
26.75,21,0.1475,2.39,0,0
40.68,8,0.2088,61.53,0,0
38.31,1,0.2457,29.73,1,0
32.11,4,0.1649,3.59,0,0
20.13,20,0.2799,13.19,0,0
21.61,22,0.2876,3.7,0,0
25.61,18,0.3496,14.19,1,0
90.61,11,0.0456,2.65,1,0
30.39,17,0.2817,5.86,0,0
88.61,10,0.1796,5.71,0,0
43.13,20,0.1919,7.63,0,0
44.26,18,0.2953,30.79,0,0
48.52,19,0.3675,122.86,0,0
22.16,16,0.2145,17.87,0,0
52.13,1,0.1759,9.48,1,0
32.15,9,0.2001,4.73,0,0
208.95,4,0.2314,12.41,0,0
30.25,12,0.2623,38.06,1,0
21.55,4,0.3522,21.87,0,0
132.95,17,0.2107,6.23,1,0
11.58,11,0.0878,37.29,0,0
112.83,6,0.1087,19.96,1,0
74.01,22,0.195,76.84,0,0
60.64,8,0.6,3.73,0,0
64.78,5,0.4268,31.92,0,0
14.18,16,0.1647,41.57,1,0
112.63,1,0.2074,1.39,0,0
32.26,14,0.2508,1.84,0,0
33.92,17,0.3088,23.68,0,0
45.35,2,0.1229,37.85,0,0
100.65,10,0.2778,9.01,0,0
29.66,12,0.3395,6.1,0,0
35.77,11,0.1306,16.32,0,0
54.49,6,0.1347,2.28,0,0
39.53,2,0.3386,12.36,1,0
49.23,6,0.2767,5.48,0,0
94.88,2,0.2239,2.09,0,0
30.43,20,0.1273,2.47,0,0
38.54,3,0.2557,31.71,0,0
116.04,12,0.1001,76.74,0,0
35.76,0,0.2017,15.6,0,0
18.65,12,0.0806,9.65,1,0
17.97,18,0.1219,0.79,0,0
32.94,7,0.1533,17.22,0,0
25.57,4,0.2343,27.93,0,0
49.33,13,0.3128,6.82,0,0
49.32,2,0.0947,1.3,0,0
29.61,7,0.1227,14.02,1,0
19.13,9,0.2046,16.03,0,0
260.13,12,0.1052,10.51,0,0
29.96,9,0.1654,30.85,0,0
192.24,0,0.1838,38.17,0,0
110.07,10,0.7316,25.74,0,0
33.89,13,0.3364,19.2,0,0
145.38,19,0.1397,18.66,0,0
62.06,1,0.3431,17.45,0,0
25.28,10,0.4566,11.94,0,0
99.1,15,0.1457,9.66,0,0
21.71,12,0.152,22.41,0,0
33.73,19,0.3971,1.31,0,0
39.15,20,0.3151,27.91,1,0
51.67,3,0.1259,3.49,0,0
30.78,1,0.2132,15.43,0,0
238.72,8,0.0773,15.76,0,0
40.49,2,0.1714,24.43,0,0
122.74,9,0.1821,0.47,1,0
14.14,4,0.1512,9.63,0,0
44.35,6,0.0861,18.06,1,0
401.78,4,0.2452,1.02,1,0
29.19,0,0.0576,43.09,1,0
14.72,7,0.1396,11.54,0,0
13.42,8,0.1478,56.24,0,0
9.8,10,0.1294,11.51,1,0
46.05,8,0.0665,8.5,0,0
38.78,2,0.3358,26.47,0,0
29.34,10,0.3436,1.74,0,0
20.17,6,0.0383,3.12,0,0
26.12,9,0.2251,40.71,0,0
28.81,7,0.103,15.45,1,0
97.44,10,0.1499,18.35,0,0
15.03,1,0.0706,16.77,0,0
61.91,13,0.1408,3.3,0,0
26.19,21,0.0251,11.02,0,0
32.06,12,0.2561,13.99,0,0
108.84,22,0.041,23.77,0,0
25.23,10,0.0392,9.66,0,0
253.18,1,0.0538,11.16,0,0
56.03,8,0.4493,11.46,0,0
26.85,14,0.0525,8.59,0,0
27.53,21,0.1344,40.82,0,0
59.3,21,0.3437,4.04,0,0
24.08,19,0.081,11.18,0,0
37.75,10,0.1095,36.07,0,0
42.87,1,0.061,33.9,0,0
45.31,22,0.2613,1.77,0,0
44.04,16,0.1211,8.73,0,0
77.6,1,0.0525,3.28,1,0
50.01,8,0.2246,47.81,0,0
15.83,14,0.2017,7.75,0,0
29.99,8,0.0469,5.35,0,0
38.55,7,0.0843,9.25,1,0
186.06,18,0.0912,25.53,0,0
41.56,16,0.1653,13.12,0,0
98.79,13,0.1459,1.01,0,0
18.68,11,0.0971,30.33,0,0
65.94,9,0.1977,3.68,1,0
24.21,2,0.2095,13.18,0,0
25.42,15,0.3862,25.64,0,0
45.15,22,0.2908,41.84,0,0
52.47,1,0.1585,34.8,0,0
23.82,8,0.452,1.46,0,0
94.82,5,0.0252,13.15,0,0
33.43,2,0.2706,11.69,0,0
24.12,20,0.1507,7.78,0,0
223.99,13,0.1028,2.8,0,0
13.53,13,0.255,2.27,0,0
55.64,1,0.2183,3.57,0,0
13.91,1,0.3503,6.15,0,0
187.13,9,0.3412,40.84,0,0
44.33,3,0.2355,24.28,1,0
48.47,9,0.1226,1.04,0,0
38.15,22,0.2161,20.55,0,0
26.07,9,0.4077,7.64,0,0
47.25,20,0.1972,10.21,0,0
66.92,12,0.1989,2.04,0,0
87.33,21,0.1243,11.1,0,0
68.93,16,0.0999,9.79,1,0
99.25,13,0.1984,17.97,0,0
76.71,17,0.1593,0.96,0,0
15.42,5,0.0664,14.27,0,0
98.41,5,0.0249,10.34,0,0
88.75,19,0.1455,13.11,0,0
32.58,4,0.2403,1.63,0,0
30.4,19,0.2132,10.05,0,0
66.32,13,0.4328,13.75,1,0
57.29,21,0.3793,14.1,0,0
12.86,11,0.2103,10.19,0,0
48.39,7,0.0863,32.23,0,0
19.18,6,0.1593,12.54,0,0
39.11,9,0.1906,1.4,0,0
45.43,23,0.1402,17.7,0,0
72.34,1,0.1507,26.0,0,0
69.03,6,0.1436,8.57,0,0
71.66,5,0.2414,24.96,0,0
16.81,0,0.194,0.72,0,0
29.16,6,0.1778,9.3,0,0
52.87,6,0.1588,126.8,0,0
29.66,1,0.2876,20.82,1,0
48.49,23,0.1283,10.98,0,0
17.1,2,0.1796,4.48,0,0
114.84,15,0.0603,2.61,0,0
262.2,5,0.0386,3.85,0,0
30.01,21,0.2054,8.42,0,0
28.03,17,0.1416,25.34,0,0
37.89,5,0.1504,13.55,0,0
86.67,4,0.2412,2.54,0,0
48.82,2,0.135,11.19,0,0
74.41,17,0.1881,50.3,1,0
50.3,7,0.2488,14.77,0,0
78.34,6,0.3452,40.58,0,0
32.32,1,0.1095,29.89,0,0
43.98,16,0.3004,20.9,0,0
112.89,20,0.2474,3.48,0,0
58.8,4,0.0803,37.54,0,0
61.49,0,0.2932,2.96,0,0
165.85,21,0.1338,22.77,0,0
40.87,21,0.4795,25.52,0,0
27.77,1,0.1046,36.76,0,0
17.96,20,0.3124,20.03,1,0
33.8,4,0.3039,11.05,0,0
30.3,9,0.2221,26.68,0,0
33.32,19,0.2438,32.74,0,0
16.82,20,0.1884,27.63,0,0
21.83,14,0.3082,3.25,0,0
26.61,22,0.6037,581.79,1,1
32.29,23,0.4362,12.3,0,0
75.74,11,0.2557,4.93,0,0
131.46,17,0.1998,7.97,0,0
29.62,17,0.2692,18.22,0,0
329.91,2,0.4103,16.81,0,0
9.78,7,0.231,15.76,0,0
51.33,10,0.0671,20.07,0,0
40.91,17,0.1778,6.28,0,0
53.69,11,0.304,23.12,0,0
45.21,2,0.3574,9.24,0,0
18.63,3,0.2841,15.35,0,0
141.95,20,0.2342,0.56,0,0
31.77,3,0.2363,14.05,0,0
257.66,22,0.3791,43.51,0,0
90.28,2,0.2214,20.56,0,0
100.18,15,0.3825,13.18,0,0
12.24,2,0.3344,9.24,0,0
59.94,5,0.1396,6.33,0,0
84.33,13,0.2157,55.61,0,0
16.57,7,0.2512,1.57,0,0
20.95,3,0.2844,0.17,0,0
34.34,20,0.3432,19.57,1,0
45.97,18,0.3074,10.78,0,0
18.95,23,0.1002,1.38,0,0
14.3,3,0.4075,9.5,0,0
39.73,11,0.292,38.33,0,0
74.49,19,0.4601,21.74,0,0
34.14,15,0.1405,10.47,0,0
34.19,11,0.4525,10.34,0,0
51.39,14,0.3991,11.09,0,0
63.64,1,0.0924,18.37,0,0
51.12,23,0.1484,5.23,0,0
88.07,14,0.1392,9.07,1,0
72.61,7,0.2153,2.46,0,0
73.94,17,0.1371,5.86,0,0
129.28,8,0.381,10.14,0,0
246.29,19,0.1329,27.7,1,0
38.5,22,0.2758,17.88,0,0
20.26,8,0.2055,6.23,0,0
19.08,12,0.0164,46.2,0,0
91.29,8,0.0442,2.84,0,0
75.43,14,0.1094,9.36,0,0
91.02,17,0.0192,11.79,0,0
15.84,19,0.3267,3.63,0,0
101.19,13,0.0816,11.73,1,0
35.17,23,0.0442,24.2,0,0
86.22,13,0.165,0.29,0,0
34.3,4,0.4671,1.42,0,0
66.04,12,0.1497,32.58,0,0
102.09,21,0.2053,8.8,0,0
94.18,15,0.0104,5.14,0,0
36.2,23,0.2778,12.96,0,0
37.04,0,0.3168,11.24,0,0
74.29,6,0.5508,24.89,0,0
101.48,10,0.0312,17.03,0,0
41.76,23,0.2958,6.53,0,0
26.57,15,0.3996,48.43,0,0
46.72,22,0.1452,6.5,0,0
24.67,2,0.1089,13.68,0,0
8.29,11,0.0778,21.76,0,0
57.36,9,0.1548,13.95,0,0
69.98,6,0.031,1.74,0,0
17.36,13,0.2983,5.72,0,0
27.3,23,0.2042,0.92,0,0
89.3,22,0.2252,6.94,0,0
107.65,0,0.1932,12.03,0,0
13.39,6,0.2358,9.16,1,0
56.47,22,0.4561,1.11,0,0
71.25,0,0.0606,13.64,0,0
16.33,15,0.0963,47.05,0,0
36.62,13,0.1476,9.4,0,0
49.29,9,0.2277,6.91,0,0
83.39,15,0.0863,5.16,0,0
19.11,17,0.2838,17.98,0,0
14.15,3,0.1876,8.69,0,0
25.6,18,0.4086,2.32,0,0
52.46,8,0.0931,4.71,0,0
70.89,3,0.3574,0.26,0,0
43.76,16,0.3539,1.0,0,0
126.01,21,0.1057,20.95,0,0
35.82,5,0.2504,0.79,1,0
30.17,11,0.3007,16.91,1,0
68.58,14,0.2219,5.24,0,0
24.48,20,0.4246,7.09,0,0
71.43,2,0.4032,4.9,1,0
14.82,12,0.1687,39.85,0,0
94.49,16,0.5778,9.75,0,0
29.17,0,0.1024,5.92,0,0
42.19,7,0.1037,37.62,0,0
180.21,2,0.1575,24.95,0,0
76.86,18,0.1965,18.7,0,0
32.16,21,0.4294,1.33,0,0
53.67,7,0.0143,14.6,0,0
71.96,20,0.162,0.44,0,0
32.26,15,0.1551,0.56,0,0
17.47,20,0.0699,53.61,0,0
58.63,0,0.1598,2.56,0,0
26.95,13,0.1392,12.53,0,0
86.8,15,0.0938,6.63,0,0
80.32,15,0.045,17.09,0,0
117.49,11,0.1787,16.6,0,0
41.2,0,0.3557,2.41,0,0
44.71,2,0.1723,8.11,0,0
91.09,11,0.1576,12.12,0,0
47.45,20,0.1904,0.69,0,0
33.64,3,0.1379,34.98,0,0
64.23,22,0.3613,37.02,0,0
31.32,11,0.1692,13.24,0,0
12.74,8,0.4593,20.07,1,0
62.56,19,0.1751,57.93,1,0
35.36,12,0.0884,22.24,0,0
113.63,17,0.0742,4.15,0,0
47.96,22,0.2131,3.25,0,0
111.13,13,0.084,33.07,0,0
88.4,23,0.0741,13.61,0,0
60.77,23,0.2562,39.6,0,0
44.76,21,0.1027,18.54,0,0
66.9,6,0.0357,7.46,0,0
81.56,3,0.1557,8.98,0,0
188.55,6,0.0453,10.43,0,0
23.98,16,0.2707,10.97,0,0
53.62,13,0.1755,3.05,0,0
40.25,2,0.1601,34.31,0,0
51.97,23,0.0715,0.52,0,0
55.45,13,0.1496,34.58,0,0
32.75,7,0.1262,25.54,0,0
35.18,21,0.1949,1.82,0,0
23.7,14,0.196,8.53,1,0
132.2,15,0.0699,0.88,0,0
85.22,4,0.0363,3.05,0,0
128.64,11,0.3224,7.26,0,0
113.38,19,0.0842,13.97,0,0
32.37,3,0.2347,1.96,0,0
40.54,7,0.0679,13.21,0,0
117.24,8,0.1818,18.84,0,0
89.25,10,0.1871,8.52,1,0
47.55,9,0.1166,10.35,0,0
30.72,0,0.4392,30.01,0,0
76.85,22,0.0562,17.96,0,0
11.33,11,0.1118,15.79,0,0
28.16,14,0.4209,14.49,0,0
24.68,9,0.0289,13.25,1,0
21.45,21,0.1216,3.66,0,0
30.26,23,0.2011,0.37,0,0
65.78,22,0.1878,4.82,0,0
93.12,0,0.0959,22.6,0,0
61.9,7,0.2752,4.71,0,0
31.16,2,0.3249,8.96,0,0
77.08,13,0.1188,52.38,0,0
52.55,2,0.1106,13.71,0,0
24.01,13,0.2042,12.37,0,0
41.53,19,0.1103,9.27,0,0
36.02,8,0.3026,24.99,0,0
10.65,23,0.0543,15.54,0,0
49.03,18,0.0515,1.48,1,0
31.8,0,0.3926,4.41,0,0
80.97,20,0.064,36.9,0,0
111.34,11,0.063,19.43,0,0
28.53,17,0.0499,38.28,1,0
45.36,2,0.1479,31.5,1,0
52.74,13,0.1932,56.06,1,0
27.33,2,0.1605,14.67,0,0
31.78,18,0.2791,30.51,0,0
50.78,3,0.1144,17.27,0,0
20.88,12,0.2656,2.93,1,0
44.38,5,0.2487,18.38,0,0
39.93,3,0.157,33.36,0,0
59.32,16,0.1331,2.25,0,0
51.32,22,0.0486,8.12,0,0
75.03,9,0.4671,16.28,0,0
50.44,10,0.3837,29.38,0,0
60.43,3,0.0987,2.98,1,0
20.82,5,0.079,0.71,0,0
31.83,7,0.4435,2.29,0,0
15.22,9,0.058,25.78,0,0
33.66,4,0.0506,12.9,0,0
46.71,3,0.1109,10.17,0,0
17.59,14,0.1601,12.83,0,0
12.28,22,0.2833,10.12,0,0
60.97,13,0.3257,1.79,1,0
6.32,11,0.4081,3.99,0,0
16.35,8,0.1849,0.78,1,0
74.06,11,0.2197,18.66,0,0
38.28,6,0.1626,20.32,0,0
39.31,7,0.0793,21.75,0,0
84.92,10,0.2896,37.05,0,0
19.89,6,0.1922,3.26,1,0
31.04,8,0.2119,21.51,0,0
26.82,0,0.0902,16.76,0,0
90.25,15,0.3206,14.65,0,0
81.56,9,0.1565,47.8,0,0
19.46,20,0.0269,0.33,0,0
37.91,12,0.1045,15.41,0,0
35.51,15,0.0851,0.76,0,0
28.94,5,0.1752,8.46,0,0
72.57,17,0.1017,6.2,0,0
57.83,1,0.2974,1.75,1,0
71.98,1,0.0889,1.42,1,0
63.91,18,0.1331,63.22,0,0
55.47,0,0.2115,4.74,0,0
67.66,12,0.1017,3.34,0,0
258.11,8,0.073,47.92,0,0
56.7,15,0.1915,20.87,1,0
229.28,4,0.1086,46.56,0,0
24.89,15,0.3989,14.88,0,0
60.14,7,0.1132,2.15,0,0
25.92,8,0.0683,25.16,0,0
66.96,5,0.1159,46.94,1,0
25.5,23,0.1652,17.74,0,0
59.88,4,0.2767,28.82,0,0
93.04,7,0.1387,4.37,0,0
162.87,10,0.3904,11.49,0,0
22.84,20,0.1924,52.78,1,0
60.88,12,0.1273,24.22,0,0
20.62,11,0.0806,1.11,0,0
115.84,23,0.4725,28.55,0,0
61.08,8,0.1644,86.63,0,0
16.93,10,0.0386,19.18,0,0
23.81,3,0.087,3.64,1,0
33.65,20,0.2124,21.64,0,0
41.62,6,0.2861,19.32,1,0
213.48,21,0.2118,12.05,0,0
37.54,19,0.1547,0.64,0,0
42.19,19,0.1652,21.26,0,0
38.73,3,0.2084,4.61,0,0
37.78,0,0.0319,3.51,1,0
8.51,3,0.2533,18.86,0,0
14.16,5,0.362,7.78,0,0
21.35,14,0.1898,4.51,0,0
63.79,20,0.5436,5.49,0,0
99.88,5,0.204,4.45,0,0
116.84,5,0.147,17.8,0,0
50.64,13,0.1905,9.56,0,0
134.03,18,0.0522,5.55,0,0
69.9,21,0.2914,18.05,1,0
66.5,0,0.2184,5.66,0,0
15.89,5,0.0727,4.09,0,0
26.75,11,0.1163,8.24,0,0
52.7,22,0.0726,11.55,0,0
9.35,20,0.1632,17.85,0,0
30.15,9,0.4018,2.69,0,0
45.03,13,0.0479,4.92,1,0
113.43,4,0.3876,2.01,0,0
151.7,11,0.0867,9.82,0,0
179.47,2,0.0701,17.44,0,0
30.89,14,0.0576,14.72,0,0
34.62,1,0.4262,0.04,0,0
65.31,1,0.1297,8.52,0,0
63.17,17,0.3442,5.57,0,0
56.72,13,0.1641,48.84,0,0
56.35,20,0.0983,3.43,0,0
500.0,14,0.212,15.94,0,0
41.94,5,0.1824,23.97,0,0
30.92,14,0.1706,9.75,0,0
16.64,8,0.0592,3.22,0,0
43.57,10,0.16,7.56,1,0
140.29,8,0.2247,4.21,0,0
48.9,4,0.1792,53.2,0,0
20.59,21,0.3118,10.66,0,0
10.16,4,0.125,6.63,1,0
39.44,3,0.1756,1.09,0,0
192.44,18,0.2499,1.52,0,0
17.31,18,0.4072,12.04,0,0
56.93,12,0.0943,12.47,1,0
16.93,14,0.3485,1.48,0,0
57.48,4,0.1835,21.62,0,0
18.26,11,0.1747,7.43,0,0
70.1,21,0.3636,7.39,0,0
39.26,7,0.0479,1.67,0,0
102.62,1,0.0332,1.23,0,0
43.52,6,0.2829,13.92,0,0
20.19,9,0.219,8.31,0,0
29.04,13,0.1929,0.36,0,0
42.66,2,0.1615,15.73,0,0
79.58,14,0.2935,18.11,0,0
102.59,19,0.2061,10.25,0,0
105.19,19,0.1914,15.75,0,0
75.41,5,0.3973,17.86,0,0
196.83,18,0.1685,9.39,0,0
50.37,0,0.3648,31.4,0,0
36.58,2,0.208,4.63,0,0
45.63,12,0.2927,5.85,0,0
76.1,8,0.3804,9.63,0,0
41.27,5,0.4708,11.93,0,0
32.9,3,0.299,8.1,1,0
33.5,14,0.1747,16.25,0,0
31.62,12,0.1989,37.32,0,0
25.33,17,0.0992,4.49,0,0
33.44,16,0.326,23.78,0,0
57.12,1,0.0534,2.12,0,0
79.39,5,0.0582,0.26,0,0
14.26,6,0.0887,6.4,0,0
7.81,3,0.1334,29.3,0,0
97.73,19,0.3466,28.72,0,0
37.04,0,0.1363,2.11,0,0
44.23,0,0.0728,8.46,0,0
52.78,23,0.2667,2.47,0,0
181.96,13,0.0605,2.97,0,0
34.78,6,0.2089,29.51,0,0
165.42,3,0.2606,9.59,0,0
41.59,3,0.1766,9.87,0,0
38.95,13,0.2661,5.57,0,0
21.39,1,0.1378,19.88,0,0
65.6,12,0.0827,2.24,0,0
56.82,22,0.0535,15.66,0,0
44.95,5,0.1736,0.57,1,0
92.03,7,0.2928,3.01,0,0
144.62,6,0.2181,4.21,0,0
68.7,16,0.2309,19.1,0,0
60.73,14,0.1598,76.55,0,0
23.11,15,0.1406,46.53,0,0
13.66,5,0.366,11.36,0,0
41.4,18,0.0833,8.89,0,0
37.8,10,0.0147,53.03,1,0
34.72,16,0.0608,0.74,0,0
30.07,6,0.2219,7.55,0,0
38.19,7,0.0453,1.32,0,0
15.49,11,0.2092,15.64,0,0
23.41,10,0.2273,7.29,0,0
15.13,15,0.1283,6.59,0,0
61.94,16,0.1439,13.42,0,0
63.84,20,0.212,4.23,0,0
19.94,18,0.2422,3.04,0,0
51.99,0,0.145,7.07,1,0
34.8,10,0.2777,2.59,0,0
32.41,0,0.1968,9.1,0,0
28.57,19,0.1906,59.27,0,0
33.28,4,0.0577,13.34,0,0
68.43,9,0.2536,4.04,1,0
20.49,1,0.2328,6.23,0,0
131.43,15,0.209,10.86,0,0
15.65,22,0.1539,12.31,0,0
24.73,21,0.1342,4.79,0,0
66.57,20,0.1428,19.49,0,0
114.73,12,0.0564,55.87,0,0
27.77,13,0.1044,12.37,0,0
91.23,6,0.0388,8.48,0,0
54.66,2,0.0839,19.86,0,0
29.05,18,0.136,4.38,0,0
27.02,1,0.5505,24.06,0,0
38.65,15,0.0125,6.45,0,0
12.95,0,0.1474,4.7,0,0
90.08,0,0.3927,10.37,1,0
46.0,10,0.1137,2.81,0,0
79.03,18,0.2903,5.17,0,0
43.41,0,0.2092,9.3,0,0
60.15,3,0.5149,4.52,0,0
48.99,3,0.0663,62.5,0,0
114.52,10,0.1459,6.38,0,0
20.65,6,0.2077,0.95,0,0
74.7,1,0.427,10.33,0,0
71.1,14,0.0906,0.93,0,0
56.92,0,0.2038,9.86,0,0
12.83,22,0.1796,1.72,0,0
9.17,6,0.3086,6.53,0,0
46.45,5,0.1181,21.17,0,0
46.02,15,0.1105,18.54,0,0
98.16,18,0.1961,6.68,1,0
62.74,1,0.4644,8.51,0,0
9.89,23,0.1322,23.8,0,0
51.94,8,0.1855,16.6,0,0
41.67,20,0.3114,20.02,0,0
12.04,11,0.0793,9.74,0,0
57.38,4,0.0778,31.18,0,0
24.72,2,0.104,19.34,0,0
40.65,22,0.04,5.21,0,0
9.88,7,0.3667,8.35,0,0
58.82,22,0.1036,8.01,1,0
92.47,1,0.1047,25.75,0,0
68.76,4,0.1458,18.48,0,0
88.12,2,0.0624,51.28,0,0
19.68,21,0.2023,10.41,0,0
23.67,2,0.9229,82.11,1,1
19.69,23,0.1623,17.12,0,0
80.32,11,0.1929,40.38,0,0
36.23,17,0.112,10.33,1,0
45.28,8,0.0397,2.08,1,0
40.83,4,0.1482,9.4,0,0
17.06,4,0.1535,1.78,0,0
178.84,3,0.1982,13.29,0,0
10.21,20,0.4631,3.07,0,0
24.05,5,0.165,18.97,0,0
64.89,9,0.1082,5.57,0,0
19.91,21,0.1333,21.71,0,0
51.03,6,0.2513,1.14,0,0
72.65,23,0.1245,28.55,0,0
8.2,5,0.5676,4.4,0,0
246.06,0,0.9448,91.62,0,1
95.29,3,0.1838,11.92,0,0
87.62,10,0.3516,2.33,0,0
56.45,15,0.2372,11.17,0,0
28.27,11,0.1252,7.82,0,0
27.2,1,0.11,10.82,0,0
24.34,23,0.1975,10.3,1,0
28.9,13,0.334,27.63,0,0
59.05,7,0.1115,2.6,0,0
83.43,6,0.3297,3.21,0,0
28.7,21,0.1385,8.27,0,0
107.59,5,0.1781,20.93,1,0
66.2,18,0.4274,14.31,1,0
37.49,15,0.0253,11.09,1,0
116.4,0,0.0799,21.48,0,0
41.45,5,0.1907,10.29,0,0
36.1,17,0.3321,4.76,0,0
62.76,21,0.2643,12.11,0,0
33.9,9,0.2218,14.78,0,0
50.7,5,0.0607,10.5,0,0
52.55,20,0.0869,2.32,0,0
42.76,2,0.1449,3.81,0,0
24.9,6,0.0273,47.35,0,0
29.76,16,0.1471,12.33,0,0
40.62,10,0.1968,10.33,1,0
71.78,4,0.1984,24.76,0,0
18.31,2,0.061,2.99,0,0
102.18,12,0.6441,39.85,0,0
34.46,5,0.0392,9.05,0,0
30.34,15,0.1117,32.88,0,0
49.85,13,0.2478,21.78,0,0
102.56,2,0.1236,33.37,0,0
36.26,9,0.1953,5.08,0,0
72.33,0,0.1821,17.77,0,0
130.17,5,0.3984,11.44,0,0
28.61,18,0.2909,2.72,1,0
46.85,4,0.2176,2.84,0,0
40.73,2,0.2124,6.28,0,0
40.54,21,0.1968,21.12,0,0
30.0,15,0.2804,11.8,0,0
89.64,7,0.1949,49.31,0,0
79.0,14,0.3688,34.53,1,0
29.44,14,0.1314,7.4,0,0
52.27,8,0.0833,6.79,1,0
20.07,21,0.0645,25.57,0,0
36.68,13,0.1358,56.48,0,0
68.21,10,0.1947,43.19,0,0
13.36,19,0.2376,29.67,0,0
10.84,13,0.1583,15.27,0,0
19.86,12,0.1189,0.77,0,0
133.98,9,0.1804,0.87,0,0
35.69,18,0.22,15.57,0,0
25.38,7,0.0967,21.44,0,0
21.69,11,0.2755,2.72,0,0
12.62,20,0.2252,8.24,0,0
58.34,5,0.2092,10.71,0,0
54.06,21,0.0781,28.04,1,0
123.72,5,0.1398,15.22,0,0
54.73,8,0.0296,14.43,0,0
30.01,22,0.0976,8.42,0,0
38.74,20,0.1353,7.82,0,0
280.45,4,0.1574,91.84,0,0
41.78,20,0.0794,11.47,0,0
71.53,17,0.0285,0.72,0,0
36.35,3,0.1737,43.31,0,0
20.69,15,0.0275,32.39,0,0
22.9,9,0.2549,14.86,0,0
37.52,23,0.2188,9.45,0,0
29.75,0,0.1997,42.13,0,0
61.14,8,0.1433,6.0,0,0
13.36,6,0.2586,3.53,0,0
122.59,7,0.0869,8.52,0,0
26.73,22,0.0594,18.92,0,0
99.32,18,0.3129,5.4,0,0
60.32,20,0.03,9.7,0,0
14.05,8,0.0456,8.93,1,0
15.83,14,0.3675,24.0,0,0
17.45,6,0.158,35.26,0,0
14.34,2,0.0632,0.66,0,0
27.11,11,0.0782,16.19,0,0
239.41,15,0.3741,9.56,0,0
242.5,13,0.1863,0.21,1,0
151.11,4,0.4972,11.02,0,0
56.66,14,0.1906,7.18,0,0
9.46,10,0.0597,2.03,1,0
91.87,11,0.3257,2.28,0,0
24.99,5,0.5013,9.02,0,0
16.63,6,0.0994,21.0,0,0
47.62,23,0.466,20.06,1,0
35.92,14,0.2846,7.29,1,0
46.19,10,0.1438,5.33,0,0
118.12,2,0.3363,8.99,0,0
87.22,8,0.1974,3.22,0,0
37.58,10,0.202,11.79,0,0
57.1,2,0.355,61.91,0,0
107.98,4,0.148,45.06,0,0
35.1,8,0.4165,11.64,0,0
107.13,14,0.1734,12.12,0,0
45.45,19,0.2079,4.1,0,0
37.17,21,0.2873,11.45,0,0
22.04,15,0.2164,9.35,0,0
62.08,6,0.0899,5.82,0,0
106.42,3,0.3409,87.21,0,0
64.23,12,0.1546,52.56,0,0
74.18,3,0.2315,9.08,0,0
44.55,6,0.0968,9.52,1,0
41.77,15,0.2627,5.61,0,0
14.22,8,0.2175,9.49,0,0
28.46,13,0.0959,21.68,0,0
13.5,3,0.2848,8.2,0,0
44.39,9,0.1989,0.93,0,0
79.25,20,0.1471,9.6,0,0
65.1,7,0.1596,1.35,0,0
66.5,1,0.0326,1.45,0,0
10.07,22,0.3275,3.93,0,0
102.35,22,0.1926,20.57,0,0
47.58,20,0.0635,12.91,0,0
43.25,0,0.0617,12.28,0,0
57.6,8,0.1889,0.87,0,0
120.94,4,0.1661,8.44,0,0
25.12,23,0.1995,6.37,0,0
19.08,0,0.2914,7.08,0,0
79.15,8,0.2518,0.76,0,0
40.38,21,0.4021,11.91,0,0
52.47,13,0.0839,0.57,0,0
154.67,17,0.8313,48.56,1,1
64.8,16,0.2868,4.84,0,0
5.25,6,0.25,7.22,0,0
44.68,8,0.1269,10.76,0,0
17.82,3,0.0887,3.28,0,0
40.89,4,0.0053,71.66,0,0
73.78,0,0.2515,13.34,0,0
80.45,18,0.2363,2.34,0,0
58.32,5,0.0634,7.03,0,0
21.19,1,0.0383,2.03,0,0
9.44,1,0.2014,4.64,1,0
66.48,11,0.0457,51.86,1,0
19.75,15,0.0873,1.86,0,0
24.44,23,0.0539,0.02,0,0
47.99,18,0.1102,20.85,0,0
17.76,1,0.3016,5.1,0,0
22.16,21,0.4157,9.25,0,0
13.43,7,0.1035,29.51,0,0
41.52,15,0.074,36.25,0,0
100.93,2,0.1307,10.11,0,0
10.81,21,0.3381,48.18,0,0
67.15,17,0.1757,18.27,0,0
68.9,15,0.3603,0.69,0,0
77.05,18,0.0205,11.12,0,0
28.25,19,0.1543,17.28,0,0
14.08,3,0.3037,45.95,0,0
102.6,14,0.0811,7.33,0,0
18.19,0,0.3163,21.72,0,0
32.79,6,0.3099,41.72,0,0
70.16,22,0.3609,26.07,1,0
36.16,17,0.1581,43.58,0,0
52.73,3,0.0816,17.14,1,0
22.2,5,0.5166,14.45,0,0
37.43,18,0.3461,15.36,1,0
26.52,3,0.3765,10.32,1,0
25.94,5,0.2304,12.05,0,0
15.46,3,0.2668,1.17,0,0
69.39,8,0.0677,20.36,1,0
131.37,8,0.2142,3.29,0,0
32.27,19,0.3556,17.55,0,0
11.16,1,0.082,34.05,0,0
53.35,5,0.245,8.4,1,0
19.1,15,0.1923,9.63,0,0
38.7,20,0.0589,6.19,0,0
17.15,3,0.1535,15.6,0,0
104.55,13,0.3132,1.9,0,0
90.55,2,0.2135,3.27,0,0
37.45,19,0.1132,7.61,0,0
40.53,9,0.1957,6.49,0,0
10.95,8,0.476,17.33,0,0
79.96,16,0.1462,2.86,0,0
27.36,20,0.2254,4.91,0,0
27.17,5,0.3626,21.25,0,0
13.78,7,0.1471,0.39,0,0
70.36,11,0.0567,13.68,0,0
107.31,1,0.1875,0.69,0,0
34.05,21,0.1672,13.25,0,0
29.61,11,0.1891,11.29,0,0
149.69,9,0.0158,29.44,0,0
198.31,13,0.1263,34.43,0,0
41.28,1,0.1473,14.7,0,0
72.61,14,0.072,14.78,1,0
42.94,19,0.4359,58.38,0,0
57.1,21,0.0709,5.26,0,0
50.39,10,0.2438,2.26,0,0
24.92,8,0.1673,4.12,0,0
75.26,23,0.486,6.43,0,0
47.59,8,0.0724,7.8,0,0
16.5,18,0.1384,12.03,0,0
23.9,17,0.0678,2.64,0,0
51.58,10,0.1597,14.85,0,0
17.46,15,0.0722,8.64,0,0
49.9,16,0.1198,39.8,1,0
55.1,3,0.3427,29.36,0,0
70.68,17,0.0447,4.48,0,0
105.4,22,0.2215,9.32,0,0
60.06,0,0.0818,21.35,0,0
21.75,6,0.1327,19.16,0,0
85.37,2,0.2198,8.78,0,0
42.79,18,0.2096,3.29,0,0
18.7,8,0.1836,4.02,0,0
211.46,20,0.2864,4.58,0,0
41.57,19,0.1436,7.1,0,0
42.73,19,0.3425,9.06,1,0
48.24,8,0.2818,2.28,1,0
33.13,19,0.4992,12.6,0,0
83.81,11,0.0502,5.28,0,0
9.86,11,0.3207,4.15,1,0
18.21,14,0.1688,20.29,1,0
20.34,10,0.0862,7.9,0,0
31.94,2,0.4273,27.78,1,0
37.36,13,0.2794,2.36,0,0
30.66,2,0.0919,54.29,0,0
33.02,21,0.1176,7.03,0,0
27.93,1,0.1123,5.85,0,0
47.52,13,0.2149,6.85,0,0
95.34,3,0.2651,2.21,0,0
119.58,11,0.4472,13.04,0,0
25.95,5,0.4469,13.23,0,0
44.57,2,0.2038,4.19,0,0
47.13,12,0.0481,20.06,0,0
41.87,18,0.0498,10.6,0,0
145.8,10,0.2739,9.39,0,0
42.42,3,0.2619,11.65,0,0
64.54,9,0.1833,15.09,1,0
57.36,20,0.1008,24.31,0,0
50.41,2,0.1841,4.75,0,0
52.97,14,0.2666,4.94,0,0
64.36,21,0.0438,7.28,0,0
39.45,12,0.1628,34.69,0,0
278.77,15,0.3901,34.21,1,0
90.31,20,0.148,0.82,0,0
116.6,15,0.3962,1.12,0,0
75.78,16,0.0646,20.62,0,0
32.36,7,0.0736,2.88,0,0
79.89,2,0.2871,26.55,0,0
17.12,6,0.2512,1.79,0,0
49.77,13,0.2676,11.29,0,0
9.49,21,0.2397,0.32,1,0
66.23,3,0.1548,9.51,0,0
14.13,12,0.3861,19.27,0,0
36.45,21,0.098,16.5,0,0
20.87,7,0.2245,19.21,1,0
20.26,7,0.1734,37.65,0,0
23.09,0,0.0718,0.28,0,0
14.48,23,0.1696,1.68,0,0
31.77,10,0.3863,25.01,0,0
114.62,15,0.7243,73.69,1,1
19.19,8,0.077,5.65,0,0
19.61,17,0.2756,6.09,0,0
10.34,7,0.1395,5.73,0,0
32.38,14,0.155,26.82,0,0
165.29,22,0.0803,7.36,0,0
58.71,3,0.1051,4.64,0,0
12.03,3,0.3065,0.9,0,0
38.65,14,0.1724,18.84,0,0
85.7,9,0.1766,15.01,0,0
68.06,16,0.1991,39.0,1,0
60.08,19,0.2769,3.52,0,0
24.13,13,0.1229,20.42,0,0
37.57,2,0.3272,11.88,0,0
48.52,21,0.2312,23.2,1,0
46.0,5,0.156,1.3,0,0
18.46,14,0.1276,1.07,0,0
64.09,17,0.2618,1.06,0,0
37.83,23,0.1759,5.86,1,0
20.26,12,0.1254,69.8,0,0
20.25,22,0.2075,16.56,0,0
29.74,5,0.1825,8.32,0,0
84.76,15,0.3885,33.58,0,0
152.4,17,0.0835,1.39,0,0
21.18,15,0.4454,13.45,0,0
50.22,11,0.0904,2.03,0,0
19.33,3,0.0193,4.61,1,0
40.89,4,0.0531,26.5,0,0
55.4,9,0.2294,22.61,0,0
102.04,19,0.1791,10.4,1,0
35.41,0,0.3069,11.99,0,0
33.97,15,0.1928,12.87,0,0
61.17,14,0.2216,3.82,0,0
45.51,2,0.2661,14.97,0,0
95.2,21,0.2554,0.06,0,0
27.91,2,0.1928,35.67,0,0
90.46,9,0.29,0.44,0,0
101.15,21,0.0966,15.53,0,0
43.0,17,0.096,19.69,0,0
62.89,17,0.0424,7.83,0,0
51.66,2,0.4067,5.03,0,0
23.41,17,0.2612,9.17,0,0
31.25,11,0.3915,25.72,0,0
61.23,0,0.4076,25.25,0,0
83.68,5,0.2857,2.52,0,0
69.97,4,0.2226,1.37,0,0
100.36,5,0.3908,28.1,0,0
63.73,11,0.2672,8.08,0,0
69.56,7,0.0395,10.22,0,0
24.32,9,0.0169,22.92,1,0
56.2,15,0.2631,22.55,0,0
39.8,8,0.2801,7.0,0,0
61.87,2,0.1469,19.98,1,0
44.68,11,0.1915,1.27,0,0
42.64,4,0.2083,6.04,0,0
32.58,7,0.1902,9.91,0,0
125.79,23,0.1262,18.37,1,0
79.46,0,0.3471,34.75,0,0
56.08,19,0.1279,10.54,0,0
227.38,20,0.2526,6.47,0,0
64.54,9,0.203,4.12,0,0
55.14,9,0.1177,5.16,0,0
161.76,16,0.2878,21.82,0,0
137.65,20,0.1539,12.57,0,0
40.87,16,0.1457,14.13,0,0
52.66,21,0.3294,14.39,0,0
13.87,14,0.0485,3.45,0,0
12.76,1,0.075,17.53,0,0
46.7,7,0.1307,1.15,0,0
18.16,8,0.101,3.55,1,0
19.81,19,0.2551,2.41,0,0
78.1,13,0.1825,54.33,0,0
15.26,17,0.2886,2.99,0,0
63.06,3,0.3368,5.97,0,0
26.68,3,0.4491,38.95,0,0
56.23,10,0.3687,63.44,0,0
40.11,16,0.1872,9.68,1,0
12.13,14,0.1784,25.55,0,0
121.07,15,0.0987,1.2,0,0
67.04,10,0.2034,0.74,0,0
56.94,4,0.1835,4.63,0,0
48.49,1,0.1121,51.46,1,0
53.75,11,0.146,30.5,0,0
39.23,19,0.4122,25.27,0,0
43.91,22,0.1491,50.05,0,0
62.25,23,0.2615,12.81,1,0
100.82,21,0.1139,10.41,0,0
36.32,22,0.1774,9.77,0,0
12.51,22,0.1546,32.94,0,0
22.05,15,0.1083,22.95,0,0
25.3,18,0.0895,11.3,0,0
25.78,4,0.2458,19.19,1,0
35.9,14,0.1009,20.94,0,0
46.67,21,0.4202,35.02,0,0
12.45,8,0.1153,23.32,0,0
71.6,1,0.1664,31.23,1,0
53.27,21,0.33,1.98,0,0
71.39,19,0.1447,12.74,0,0
147.81,20,0.3086,28.05,1,0
90.8,23,0.1836,5.14,0,0
122.83,14,0.3233,17.71,0,0
41.71,22,0.1215,52.86,0,0
27.58,7,0.2758,42.2,0,0
77.33,0,0.4792,4.26,1,0
95.22,12,0.2029,1.94,0,0
37.91,13,0.2021,0.48,0,0
20.33,16,0.3168,46.88,0,0
25.07,15,0.1068,3.62,0,0
25.19,21,0.1756,11.38,0,0
78.92,9,0.1756,6.61,0,0
45.4,0,0.3666,5.09,0,0
153.87,1,0.6931,4.36,1,0
93.88,4,0.1946,11.34,0,0
37.92,13,0.1134,3.67,1,0
52.16,20,0.106,5.73,0,0
69.92,9,0.1752,13.74,0,0
68.21,14,0.121,16.2,0,0
42.61,3,0.2838,5.98,1,0
15.02,17,0.0371,16.78,0,0
21.06,7,0.0354,15.53,0,0
106.11,2,0.1712,3.81,0,0
89.3,11,0.1204,10.29,0,0
104.32,7,0.2535,14.97,0,0
26.22,14,0.145,3.33,0,0
77.02,20,0.2186,5.48,0,0
95.08,9,0.2718,36.39,0,0
21.84,9,0.1516,16.58,0,0
53.69,17,0.1417,17.74,0,0
102.77,22,0.1684,1.04,0,0
21.34,10,0.3555,0.6,0,0
22.37,6,0.0822,2.48,0,0
61.7,7,0.0951,88.55,0,0
32.23,10,0.2948,19.52,0,0
131.12,16,0.5244,19.02,0,0
33.05,6,0.2058,16.2,1,0
8.14,17,0.0483,3.93,0,0
74.49,11,0.3884,4.8,0,0
11.39,4,0.109,5.09,0,0
8.02,23,0.3484,6.33,0,0
61.7,10,0.1155,8.72,0,0
68.66,1,0.1928,15.31,0,0
66.41,16,0.2614,19.9,0,0
75.54,20,0.1265,0.32,0,0
75.47,10,0.0489,4.36,0,0
48.1,6,0.3264,10.45,0,0
36.27,19,0.0596,22.51,0,0
28.74,12,0.2782,18.09,0,0
31.05,13,0.2345,3.39,0,0
99.08,18,0.2217,36.94,0,0
103.82,23,0.1815,17.21,0,0
23.89,19,0.1128,26.33,1,0
18.33,8,0.2705,2.0,0,0
120.92,16,0.1698,4.65,0,0
18.49,7,0.1562,17.5,0,0
29.63,3,0.2043,4.85,0,0
39.29,12,0.2492,69.05,0,0
85.21,16,0.1422,6.92,0,0
32.11,5,0.1744,5.28,0,0
34.61,13,0.0524,12.65,0,0
25.14,19,0.2124,10.29,0,0
137.0,3,0.131,9.92,0,0
69.92,11,0.0227,3.67,0,0
33.41,5,0.2815,10.79,0,0
50.64,11,0.0869,0.0,0,0
79.89,19,0.1039,6.0,0,0
35.67,20,0.3171,1.27,0,0
50.06,1,0.1613,13.57,0,0
155.77,23,0.0233,16.05,0,0
20.61,3,0.1728,4.0,0,0
81.12,20,0.1364,64.46,0,0
83.47,20,0.2783,0.42,1,0
71.66,10,0.0645,1.11,0,0
13.06,8,0.1026,8.17,0,0
73.1,1,0.1158,3.72,0,0
78.79,8,0.2323,10.33,0,0
42.29,19,0.27,8.38,1,0
38.27,16,0.2111,5.94,0,0
60.22,15,0.1138,6.69,0,0
55.34,12,0.0581,1.17,0,0
50.56,9,0.1143,15.91,0,0
81.56,13,0.0774,37.3,0,0
13.79,15,0.1113,12.93,0,0
42.61,13,0.4906,7.22,0,0
48.33,5,0.0351,15.03,0,0
17.58,15,0.0876,2.79,0,0
22.48,4,0.311,20.72,0,0
27.89,14,0.2289,10.46,1,0
104.73,10,0.1593,0.53,0,0
16.42,2,0.139,7.66,1,0
29.81,14,0.1657,2.08,0,0
96.34,2,0.2483,24.1,0,0
33.18,7,0.1641,11.23,0,0
128.61,19,0.1526,5.72,0,0
30.1,16,0.2706,7.1,0,0
13.11,0,0.3755,12.59,0,0
25.0,8,0.1113,48.99,0,0
185.41,3,0.1063,5.49,0,0
73.61,4,0.1135,5.39,0,0
29.49,8,0.0734,12.02,0,0
16.46,0,0.2609,5.72,0,0
11.27,9,0.3093,19.88,1,0
26.19,6,0.1085,0.19,0,0
43.27,20,0.156,6.59,0,0
69.5,0,0.2247,9.82,0,0
48.14,2,0.1643,26.34,0,0
51.15,20,0.3554,2.57,0,0
233.15,11,0.2043,32.19,0,0
63.48,9,0.303,6.9,0,0
27.72,21,0.0162,4.89,0,0
52.51,22,0.2585,19.64,0,0
24.28,20,0.139,43.71,0,0
130.37,2,0.5305,25.8,1,0
13.27,7,0.201,8.58,0,0
96.43,23,0.1358,24.39,0,0
81.72,4,0.2142,7.54,0,0
24.69,23,0.0147,31.12,0,0
20.27,2,0.1,7.52,0,0
132.61,15,0.0799,16.94,0,0
27.34,5,0.3619,9.72,0,0
37.91,4,0.1953,8.34,0,0
42.56,5,0.2932,52.43,0,0
51.56,1,0.3158,4.24,0,0
53.47,5,0.3675,3.09,0,0
190.45,5,0.2529,15.09,0,0
23.31,21,0.0519,4.69,0,0
32.25,20,0.3009,12.24,0,0
56.69,7,0.1968,17.4,0,0
50.59,5,0.2093,15.8,0,0
59.88,23,0.3143,5.36,0,0
83.6,10,0.0807,1.91,0,0
30.6,20,0.5185,23.09,0,0
49.61,9,0.1125,14.75,0,0
66.34,16,0.3599,4.53,0,0
12.91,15,0.0836,23.95,0,0
48.08,23,0.1973,3.96,0,0
98.5,13,0.5009,18.99,1,0
43.57,5,0.05,7.43,0,0
105.24,6,0.3101,0.25,0,0
23.19,23,0.7289,82.76,0,1
35.92,11,0.3123,11.21,0,0
14.56,11,0.5078,5.36,0,0
68.26,2,0.1079,1.87,0,0
162.04,7,0.1272,24.5,1,0
29.03,8,0.3254,7.52,0,0
33.37,9,0.1841,5.62,0,0
51.02,16,0.359,11.9,0,0
104.39,8,0.114,31.3,0,0
70.75,0,0.2627,21.96,0,0
185.0,8,0.0493,29.87,0,0
26.44,9,0.0923,32.8,0,0
24.07,16,0.1265,8.87,0,0
77.92,3,0.2206,4.7,0,0
90.71,1,0.1896,21.55,0,0
69.89,15,0.1432,20.22,0,0
21.77,2,0.2006,17.72,0,0
162.42,4,0.0307,10.96,0,0
117.01,1,0.0863,29.99,0,0
104.3,12,0.0255,7.71,0,0
41.3,19,0.3385,17.85,0,0
44.37,13,0.1763,45.34,0,0
41.63,22,0.2162,10.58,0,0
114.11,16,0.0526,6.15,0,0
14.64,16,0.2199,6.96,0,0
72.26,23,0.1341,20.9,0,0
24.11,10,0.3044,26.1,0,0
46.21,15,0.169,4.32,0,0
17.62,16,0.0622,48.58,0,0
69.09,21,0.1848,10.29,0,0
107.92,12,0.3306,17.16,0,0
196.08,16,0.0992,2.46,1,0
17.75,11,0.2914,6.75,0,0
36.26,21,0.1445,39.6,0,0
33.98,2,0.1177,2.57,0,0
25.56,19,0.1245,18.99,0,0
94.04,17,0.2213,11.64,0,0
58.74,19,0.2375,65.17,0,0
49.1,8,0.102,8.45,0,0
21.91,10,0.434,1.47,0,0
176.38,21,0.211,2.44,0,0
37.3,18,0.1974,8.29,1,0
28.53,17,0.1457,28.58,0,0
36.06,19,0.0937,20.35,0,0
24.08,0,0.3842,1.55,0,0
16.78,10,0.3592,18.13,0,0
28.26,12,0.1261,3.42,0,0
14.9,10,0.2276,30.99,0,0
25.89,22,0.1556,11.08,1,0
81.03,23,0.4494,2.09,0,0
31.05,14,0.2294,12.55,0,0
22.58,20,0.1282,50.48,0,0
32.66,23,0.1426,22.03,0,0
15.53,13,0.2837,0.79,0,0
31.13,11,0.098,1.95,0,0
61.83,15,0.0726,10.37,0,0
27.98,7,0.3732,3.5,0,0
52.5,3,0.1202,36.13,0,0
73.86,4,0.3927,21.62,0,0
85.17,13,0.2586,24.72,0,0
19.85,8,0.2722,12.42,1,0
126.11,7,0.2013,3.75,0,0
20.95,0,0.162,9.83,0,0
52.7,13,0.2538,4.68,1,0
19.41,0,0.108,2.24,0,0
36.65,20,0.1273,24.12,0,0
17.17,8,0.071,28.08,0,0
65.86,11,0.1981,9.0,1,0
126.12,19,0.1198,4.48,0,0
49.22,2,0.0864,6.6,0,0
44.46,13,0.1984,3.44,0,0
31.92,15,0.1203,5.77,0,0
116.46,7,0.194,5.76,0,0
64.62,12,0.196,19.4,0,0
114.86,15,0.0305,1.95,0,0
15.14,1,0.1022,53.01,0,0
71.36,4,0.178,30.03,0,0
21.76,23,0.1874,26.13,0,0
104.85,23,0.1033,30.18,0,0
41.94,13,0.215,0.21,0,0
207.27,16,0.0757,2.18,0,0
85.87,3,0.0897,19.76,0,0
33.67,13,0.1471,9.95,0,0
51.24,11,0.1243,10.85,0,0
21.07,0,0.1452,14.84,0,0
31.0,3,0.1657,2.55,0,0
37.16,23,0.4492,43.27,1,0
39.11,10,0.3701,11.67,0,0
189.28,0,0.2006,1.68,0,0
32.85,3,0.3756,2.99,0,0
15.5,8,0.1256,15.36,0,0
90.62,5,0.0871,49.12,0,0
73.49,7,0.2857,3.46,0,0
86.36,10,0.0723,1.17,1,0
74.17,17,0.2048,20.38,0,0
239.35,12,0.1907,39.65,1,0
26.64,21,0.146,2.45,0,0
36.08,21,0.1913,18.97,1,0
27.86,17,0.4285,6.0,0,0
64.08,13,0.4742,23.41,0,0
23.27,20,0.3483,32.53,0,0
25.33,1,0.4742,15.74,0,0
48.06,17,0.088,3.85,1,0
50.79,7,0.252,27.58,0,0
25.27,15,0.032,25.67,0,0
29.48,4,0.1124,0.08,0,0
41.81,19,0.1832,34.16,0,0
26.08,2,0.1242,3.22,0,0
49.86,21,0.0806,4.94,0,0
33.28,0,0.1637,4.31,0,0
59.95,5,0.1582,10.27,0,0
39.33,14,0.4468,7.09,0,0
22.95,9,0.1291,7.88,1,0
19.57,2,0.1918,24.7,0,0
151.76,12,0.2852,12.44,0,0
36.56,22,0.095,38.45,0,0
79.15,16,0.0898,0.73,0,0
53.13,12,0.1929,42.29,1,0
34.44,17,0.1489,13.41,1,0
16.93,11,0.3095,10.61,0,0
50.75,8,0.115,3.51,0,0
52.81,23,0.3229,6.46,0,0
24.89,14,0.2685,1.31,0,0
26.06,5,0.1348,17.05,0,0
18.46,22,0.2725,12.4,0,0
44.61,8,0.1893,5.3,0,0
20.96,17,0.2203,27.28,0,0
46.77,2,0.0659,3.7,0,0
20.08,6,0.2876,3.65,0,0
47.16,17,0.0817,2.7,0,0
65.67,16,0.0201,1.82,0,0
152.47,11,0.3739,3.3,0,0
31.04,14,0.0214,51.66,0,0
38.76,13,0.2104,6.13,0,0
462.36,1,0.222,13.91,1,0
31.28,14,0.1506,2.86,0,0
71.01,13,0.2941,2.53,0,0
41.56,7,0.1535,9.66,0,0
11.94,14,0.0473,33.94,0,0
14.74,10,0.0915,0.09,0,0
24.52,22,0.451,36.88,0,0
39.61,8,0.4808,2.49,1,0
26.01,23,0.1632,6.86,0,0
22.59,12,0.1478,75.17,0,0
67.77,21,0.2313,2.96,0,0
48.72,18,0.042,14.64,0,0
36.81,0,0.1961,1.1,0,0
67.06,12,0.316,1.69,0,0
130.57,0,0.1596,23.86,1,0
27.39,19,0.1209,33.08,0,0
75.45,6,0.12,17.77,0,0
112.63,9,0.0898,11.65,0,0
35.16,11,0.1464,0.82,0,0
20.01,16,0.1145,10.78,0,0
67.96,8,0.1484,22.11,1,0
28.18,11,0.1766,19.74,0,0
17.8,9,0.1169,7.28,0,0
74.0,16,0.0784,0.59,0,0
19.17,17,0.4359,3.55,0,0
67.17,6,0.0646,0.49,0,0
150.54,2,0.3536,39.57,0,0
22.49,12,0.2017,16.97,0,0
12.37,3,0.0539,33.74,0,0
11.05,23,0.2293,30.23,0,0
18.03,12,0.0608,2.96,0,0
48.72,13,0.4012,29.45,0,0
64.77,1,0.3123,30.36,0,0
14.12,3,0.312,19.57,0,0
64.4,17,0.1374,8.15,0,0
69.59,2,0.1788,22.57,0,0
27.45,22,0.3265,26.88,0,0
39.26,7,0.1039,7.28,0,0
42.47,8,0.1,8.05,0,0
28.76,2,0.3821,9.39,0,0
40.93,7,0.36,13.78,1,0
40.02,17,0.2279,6.07,0,0
56.7,8,0.2837,10.92,1,0
127.24,16,0.0808,3.09,0,0
38.91,10,0.3339,27.66,1,0
122.59,0,0.0856,7.99,0,0
162.35,9,0.4382,15.13,0,0
77.35,6,0.2106,21.53,0,0
24.65,22,0.0755,5.69,1,0
31.97,19,0.0829,3.93,0,0
28.12,11,0.0531,9.67,0,0
209.55,2,0.2425,33.57,0,0
35.64,21,0.1389,31.49,0,0
54.46,0,0.1798,10.05,1,0
29.53,14,0.4549,17.53,0,0
20.35,10,0.2395,8.16,0,0
94.19,12,0.3158,62.76,0,0
26.59,1,0.3728,17.39,1,0
13.35,3,0.069,9.42,0,0
10.29,21,0.295,10.28,0,0
44.51,12,0.0389,5.14,0,0
111.58,20,0.3427,68.84,0,0
146.54,11,0.2988,1.74,0,0
57.66,0,0.2384,15.87,0,0
39.08,12,0.0472,28.35,0,0
59.4,19,0.0445,7.57,1,0
41.01,23,0.0815,12.66,0,0
19.71,1,0.5356,0.63,0,0
36.1,0,0.2796,10.55,0,0
76.54,13,0.1197,5.04,0,0
33.71,2,0.1307,4.7,0,0
94.28,21,0.0282,19.81,1,0
10.64,13,0.3476,18.1,0,0
52.69,14,0.3476,13.47,1,0
14.72,10,0.4798,0.86,0,0
13.73,5,0.2142,2.75,0,0
37.06,0,0.0971,41.89,0,0
90.65,12,0.3883,9.27,1,0
39.95,13,0.3368,44.58,0,0
29.08,12,0.0641,15.37,0,0
119.7,9,0.1411,18.46,0,0
150.42,3,0.0466,3.99,0,0
79.67,1,0.2012,38.3,0,0
161.99,17,0.3136,7.69,1,0
59.05,17,0.4005,2.7,0,0
65.87,13,0.2273,20.59,0,0
55.48,14,0.087,22.35,1,0
19.86,0,0.1315,27.25,0,0
58.12,18,0.0912,2.49,0,0
34.8,4,0.0567,16.18,0,0
50.1,10,0.2543,48.14,1,0
24.99,13,0.0248,44.99,0,0
17.3,13,0.0662,1.94,0,0
33.95,22,0.1832,9.79,0,0
16.21,7,0.1255,1.59,0,0
64.42,6,0.0983,20.77,0,0
79.6,18,0.2737,2.19,0,0
27.05,15,0.0555,11.65,0,0
38.32,16,0.2207,7.14,0,0
19.35,9,0.0251,2.17,0,0
49.98,10,0.1349,126.57,0,0
14.28,7,0.1666,2.19,0,0
57.89,19,0.0892,17.27,0,0
26.83,11,0.2318,27.57,1,0
31.7,5,0.2934,0.18,1,0
25.37,20,0.0904,19.12,0,0
88.02,14,0.2446,6.64,0,0
26.17,4,0.1123,1.74,0,0
21.12,0,0.2922,17.34,1,0
39.09,3,0.1673,36.45,0,0
22.39,23,0.0502,16.87,0,0
27.4,12,0.4461,11.58,0,0
32.06,4,0.3103,28.63,0,0
24.76,16,0.3441,4.46,1,0
30.19,8,0.0965,7.68,0,0
38.59,14,0.1641,4.59,0,0
10.48,2,0.3062,9.86,0,0
73.56,12,0.1839,3.62,0,0
15.1,21,0.113,24.22,0,0
113.22,16,0.3234,5.94,0,0
100.29,12,0.1884,1.41,0,0
16.63,0,0.3986,5.2,0,0
146.05,5,0.0981,49.94,0,0
115.72,9,0.0835,2.99,1,0
38.36,10,0.1577,3.18,0,0
98.64,22,0.2405,1.76,0,0
55.15,21,0.1383,2.43,0,0
63.92,4,0.2541,28.38,0,0
29.67,18,0.4047,22.3,1,0
86.83,18,0.1439,0.06,0,0
139.01,4,0.1954,17.59,0,0
10.63,8,0.1138,20.59,1,0
41.83,8,0.1356,0.17,0,0
68.12,15,0.0483,19.68,0,0
14.15,3,0.2152,36.83,0,0
169.7,19,0.0764,9.17,0,0
63.85,8,0.0815,21.63,0,0
17.52,3,0.0978,2.82,0,0
67.03,6,0.1661,29.97,0,0
59.55,7,0.0905,9.12,1,0
41.03,14,0.0835,2.14,0,0
86.24,21,0.2312,18.29,0,0
38.07,3,0.0535,5.93,0,0
22.43,8,0.181,15.23,0,0
38.77,16,0.1991,12.18,0,0
31.71,5,0.309,17.05,0,0
16.89,16,0.3666,0.49,0,0
35.28,8,0.1352,39.76,0,0
39.51,21,0.2528,17.51,0,0
80.94,0,0.1052,3.02,0,0
44.07,15,0.1772,19.13,0,0
65.7,21,0.2727,10.66,0,0
50.88,12,0.1308,6.96,0,0
53.41,9,0.0874,21.77,0,0
47.9,21,0.3779,56.6,0,0
21.99,10,0.3024,9.15,0,0
15.1,21,0.2502,30.33,0,0
38.42,11,0.0846,2.57,0,0
46.96,13,0.0974,10.12,0,0
28.87,8,0.1558,19.29,0,0
81.79,3,0.1145,16.64,0,0
43.09,15,0.0475,21.17,0,0
47.33,23,0.0281,5.67,1,0
34.95,16,0.2275,16.77,0,0
23.85,18,0.3123,7.14,0,0
13.52,1,0.151,26.21,0,0
81.36,0,0.176,21.68,0,0
22.11,3,0.4454,13.28,0,0
85.79,17,0.0709,2.47,0,0
36.99,15,0.1387,2.62,0,0
101.85,4,0.2168,13.07,0,0
40.27,12,0.1838,9.41,0,0
32.17,2,0.12,3.68,1,0
44.93,17,0.3503,74.05,1,0
52.49,14,0.1983,5.79,0,0
12.78,21,0.2247,14.13,0,0
162.9,10,0.0331,28.0,1,0
100.26,6,0.0373,22.58,0,0
22.52,20,0.109,8.39,0,0
64.17,6,0.0728,18.01,1,0
148.72,21,0.3002,6.98,0,0
144.9,2,0.1669,6.0,0,0
72.34,18,0.2438,4.17,0,0
52.93,10,0.2391,11.21,1,0
22.35,14,0.3853,11.07,0,0
115.17,13,0.2546,36.12,0,0
27.41,18,0.0949,1.71,0,0
21.08,19,0.0621,48.31,0,0
24.74,8,0.1845,3.19,0,0
16.82,19,0.3962,4.74,0,0
128.94,2,0.3448,2.06,0,0
283.73,11,0.2457,0.91,0,0
100.68,12,0.2595,13.91,0,0
29.74,22,0.4033,8.88,0,0
12.83,19,0.3266,21.9,0,0
47.19,15,0.2375,3.79,0,0
21.55,0,0.1475,27.13,0,0
114.73,13,0.4222,3.16,1,0
48.84,13,0.3291,30.25,0,0
34.65,11,0.2431,14.9,0,0
40.58,16,0.1342,29.3,0,0
21.88,6,0.2879,36.62,0,0
13.45,18,0.2967,11.36,0,0
26.06,11,0.3301,1.73,0,0
19.97,23,0.2842,13.56,0,0
20.36,14,0.1944,7.22,1,0
19.8,4,0.0268,7.29,0,0
46.18,9,0.358,6.16,1,0
31.74,23,0.0745,13.37,0,0
31.07,23,0.3697,6.16,0,0
27.27,0,0.2269,48.31,0,0
65.37,6,0.231,2.74,0,0
10.93,20,0.1446,16.35,0,0
16.37,23,0.0783,20.23,0,0
197.51,13,0.301,19.36,0,0
58.36,20,0.1534,32.68,1,0
56.29,21,0.4416,22.15,0,0
30.19,9,0.2577,2.26,0,0
156.86,22,0.1447,16.89,0,0
40.15,20,0.1557,19.3,0,0
46.36,4,0.1004,10.73,0,0
41.01,3,0.1793,9.92,1,0
32.75,12,0.2189,3.45,0,0
45.21,16,0.0393,9.54,0,0
56.5,3,0.1845,3.99,0,0
72.89,14,0.104,27.55,0,0
67.77,21,0.0469,15.43,0,0
8.77,3,0.3989,6.55,0,0
38.17,23,0.4782,24.51,0,0
153.18,5,0.3353,27.83,0,0
163.0,3,0.2381,31.77,0,0
38.86,6,0.0096,8.53,0,0
69.29,21,0.1618,2.36,1,0
64.6,12,0.0432,1.0,1,0
110.89,13,0.1987,14.35,0,0
56.21,15,0.258,7.52,0,0
21.64,23,0.0864,24.6,0,0
41.38,14,0.2672,1.28,0,0
24.53,2,0.2577,15.85,0,0
22.87,2,0.1715,9.84,0,0
10.55,6,0.4262,15.29,0,0
34.07,6,0.1141,0.79,0,0
25.11,11,0.0638,13.29,0,0
63.21,5,0.0716,2.43,0,0
7.61,0,0.232,24.9,1,0
19.9,10,0.1646,13.88,0,0
141.2,10,0.1146,6.56,0,0
28.19,7,0.3144,0.85,0,0
86.42,23,0.5802,0.29,0,0
47.87,5,0.1524,10.93,0,0
27.56,1,0.1352,36.22,0,0
43.22,5,0.3232,12.78,0,0
133.26,19,0.3087,21.25,0,0
14.86,13,0.2653,16.39,0,0
87.55,4,0.2773,32.95,0,0
109.71,20,0.1141,16.61,1,0
23.35,15,0.2292,1.94,0,0
18.44,14,0.186,5.6,0,0
7.42,13,0.2098,7.85,0,0
24.22,21,0.1888,1.02,0,0
119.96,6,0.0435,5.37,0,0
19.93,17,0.1701,2.48,0,0
57.66,2,0.031,8.51,0,0
39.95,4,0.0442,3.49,0,0
38.7,6,0.0823,8.86,0,0
28.01,18,0.244,15.02,0,0
74.6,18,0.2895,2.55,0,0
64.36,16,0.1658,24.3,0,0
26.17,20,0.2997,26.67,0,0
126.5,1,0.1575,12.85,0,0
129.6,1,0.164,5.68,0,0
21.73,19,0.1566,6.9,0,0
23.52,11,0.3018,6.35,0,0
164.01,21,0.1554,12.14,0,0
59.75,21,0.0907,12.29,1,0
18.84,7,0.0986,0.31,0,0
44.42,13,0.3969,33.15,0,0
21.46,8,0.1698,20.96,0,0
36.17,5,0.1087,25.06,0,0
30.51,7,0.2635,7.5,0,0
76.48,2,0.0861,37.51,1,0
11.21,10,0.2045,6.38,0,0
94.37,0,0.0858,7.1,0,0
55.93,21,0.5919,40.49,0,0
100.88,11,0.1541,21.53,0,0
29.55,12,0.135,18.58,0,0
40.48,11,0.2033,2.08,0,0
83.78,3,0.1444,12.27,0,0
64.28,11,0.0533,5.16,0,0
56.42,15,0.2244,3.74,0,0
203.25,5,0.1126,6.12,0,0
22.23,7,0.0569,19.13,0,0
104.33,21,0.2117,8.48,0,0
31.66,18,0.1913,10.92,0,0
51.7,9,0.3285,6.62,0,0
69.14,22,0.3418,32.92,0,0
7.69,15,0.0754,42.29,0,0
39.32,11,0.3084,3.04,0,0
31.76,2,0.1227,8.67,0,0
22.23,11,0.0649,11.88,0,0
40.58,7,0.117,25.56,0,0
89.68,16,0.1893,3.71,0,0
75.19,12,0.2387,1.31,0,0
22.01,17,0.1315,10.19,0,0
50.35,18,0.08,9.84,0,0
19.95,2,0.1927,0.43,1,0
12.02,5,0.0939,0.35,0,0
14.4,22,0.3485,9.11,0,0
49.22,18,0.1928,0.41,0,0
35.9,21,0.3735,30.09,0,0
33.33,5,0.3242,2.18,1,0
21.04,12,0.3028,28.82,0,0
50.21,13,0.3208,8.96,0,0
84.04,22,0.3954,2.49,0,0
57.97,3,0.1959,2.03,0,0
13.33,7,0.217,8.11,0,0
113.37,13,0.2488,5.31,0,0
61.5,18,0.0167,10.85,0,0
45.12,4,0.2015,19.2,0,0
44.61,4,0.2007,5.73,0,0
124.53,8,0.0703,28.83,0,0
18.38,14,0.0763,3.69,0,0
54.37,9,0.2809,4.72,0,0
42.71,8,0.1514,13.54,0,0
43.14,18,0.0763,17.02,0,0
41.98,4,0.3175,22.29,0,0
59.46,18,0.0639,15.94,0,0
73.49,20,0.2847,0.69,1,0
84.83,21,0.08,16.8,1,0
21.62,13,0.1526,4.95,0,0
7.98,3,0.2413,34.03,0,0
44.1,0,0.2707,0.43,0,0
7.12,0,0.3525,50.14,1,0
42.08,9,0.0376,0.35,0,0
198.8,1,0.0722,1.28,0,0
12.14,22,0.18,17.99,0,0
31.25,6,0.2641,2.37,1,0
46.72,23,0.1889,14.38,0,0
24.05,10,0.1484,4.18,0,0
14.73,9,0.1256,6.89,0,0
122.52,17,0.2305,3.31,0,0
51.29,12,0.1155,14.36,0,0
38.6,6,0.238,23.56,0,0
65.56,9,0.1279,8.28,0,0
24.42,23,0.2104,16.19,0,0
70.55,4,0.3076,0.08,0,0
38.73,9,0.0556,6.1,0,0
81.53,15,0.1279,8.4,0,0
39.65,19,0.0456,8.5,0,0
14.14,15,0.0523,27.35,0,0
500.0,12,0.3749,3.5,0,0
18.14,21,0.1985,2.26,1,0
55.92,19,0.1981,17.42,0,0
88.5,20,0.1928,15.5,0,0
45.34,8,0.035,25.65,0,0
25.71,21,0.1173,51.95,0,0
37.76,18,0.3183,31.78,0,0
51.79,1,0.2625,38.47,1,0
45.25,4,0.1805,2.6,0,0
68.81,23,0.2281,10.98,0,0
21.44,13,0.3107,13.21,0,0
165.79,9,0.3876,1.79,0,0
23.98,19,0.5614,1.78,0,0
17.15,19,0.1191,18.33,0,0
27.73,2,0.1672,62.29,0,0
28.22,10,0.3077,13.21,0,0
55.06,1,0.2118,17.46,0,0
6.91,12,0.3797,4.75,0,0
114.61,0,0.1218,19.56,0,0
36.67,20,0.193,20.59,0,0
64.98,21,0.2059,43.34,0,0
9.78,17,0.1841,24.22,0,0
119.63,14,0.0448,20.25,1,0
82.47,11,0.291,10.43,0,0
151.43,9,0.4261,19.25,1,0
71.41,19,0.2131,43.02,0,0
18.08,18,0.136,0.12,0,0
21.46,21,0.3277,12.65,0,0
74.74,14,0.312,10.07,0,0
17.99,2,0.1954,12.87,0,0
29.62,9,0.6189,26.63,0,0
62.77,23,0.2302,5.94,0,0
146.63,15,0.217,26.5,0,0
35.89,11,0.0921,1.67,0,0
34.79,15,0.1093,10.8,0,0
133.04,0,0.1696,44.68,0,0
3.76,9,0.0925,0.69,1,0
61.62,5,0.3045,18.17,0,0
15.16,3,0.0957,35.51,0,0
64.57,18,0.1888,23.19,1,0
65.9,15,0.1103,2.55,0,0
12.81,15,0.2736,22.87,0,0
70.43,6,0.323,38.11,0,0
233.66,21,0.0937,12.44,0,0
231.96,9,0.4294,12.14,0,0
30.21,11,0.233,11.15,0,0
112.66,22,0.0878,4.5,0,0
41.98,5,0.1093,47.13,0,0
20.02,7,0.2227,1.72,1,0
16.79,9,0.1057,10.08,1,0
94.47,15,0.2171,35.12,0,0
15.93,11,0.106,87.31,0,0
21.89,8,0.1825,22.21,0,0
58.8,4,0.1409,15.28,0,0
19.11,3,0.0375,16.18,0,0
41.46,6,0.1206,1.97,0,0
84.63,13,0.2331,5.92,0,0
77.74,8,0.0367,17.26,0,0
63.26,5,0.3958,8.04,0,0
23.81,12,0.0221,42.06,0,0
51.58,13,0.0682,61.9,1,0
14.28,22,0.0748,0.74,0,0
87.32,16,0.437,3.45,0,0
29.75,0,0.266,3.47,0,0
25.75,9,0.4086,13.87,0,0
118.15,9,0.1798,0.98,1,0
37.32,16,0.0625,1.16,0,0
54.72,12,0.2589,4.11,0,0
29.02,22,0.1541,29.85,0,0
67.28,11,0.103,20.0,0,0
58.05,1,0.2802,8.01,0,0
22.83,19,0.8876,303.27,1,1
55.97,14,0.4497,101.56,1,0
43.47,13,0.2051,23.87,0,0
73.99,21,0.7882,141.27,1,1
30.54,5,0.3982,10.44,0,0
26.05,17,0.2241,8.23,0,0
145.48,18,0.1514,11.1,0,0
34.22,2,0.2293,9.23,0,0
27.52,1,0.3472,23.76,1,0
11.04,7,0.3083,13.57,0,0
10.87,5,0.1965,30.65,0,0
22.28,20,0.1536,24.28,0,0
74.96,14,0.171,39.72,0,0
55.19,3,0.0653,26.97,0,0
183.2,23,0.4057,2.69,0,0
22.36,22,0.4003,1.66,0,0
37.31,3,0.11,2.27,0,0
40.59,10,0.0972,16.71,1,0
23.61,20,0.2987,23.55,0,0
106.23,13,0.1166,5.05,1,0
75.33,5,0.2924,11.33,0,0
11.41,1,0.1995,40.45,0,0
59.07,10,0.1802,0.91,0,0
91.36,0,0.0879,7.97,0,0
75.62,5,0.2597,22.97,0,0
23.08,4,0.0887,11.59,0,0
29.75,21,0.1556,41.25,0,0
19.81,1,0.1017,7.96,0,0
51.55,2,0.4267,28.97,1,0
62.36,6,0.2596,21.43,0,0
26.87,6,0.1328,0.09,0,0
58.88,14,0.0944,26.41,0,0
50.34,14,0.4198,10.25,1,0
22.64,7,0.5714,0.54,0,0
96.69,12,0.3189,30.39,0,0
60.7,7,0.0861,5.98,0,0
44.62,15,0.0449,0.39,0,0
58.24,9,0.3186,43.86,1,0
94.45,12,0.1259,2.82,0,0
88.04,4,0.1997,14.39,0,0
35.36,14,0.0241,21.77,0,0
40.86,1,0.1906,15.23,0,0
48.6,19,0.1438,24.33,0,0
131.86,16,0.0883,14.58,0,0
108.16,21,0.2543,4.65,0,0
3.98,15,0.1765,20.73,0,0
47.39,17,0.3259,27.66,0,0
140.84,5,0.1321,5.73,0,0
54.55,13,0.3515,32.1,0,0
85.72,13,0.1532,55.34,0,0
46.85,7,0.2207,7.77,0,0
51.21,4,0.1872,11.95,1,0
49.47,6,0.0483,4.26,0,0
69.33,13,0.0674,22.93,0,0
295.72,10,0.2009,36.13,0,0
79.78,17,0.135,4.43,0,0
62.68,15,0.0873,10.93,1,0
49.09,1,0.1881,4.49,0,0
36.32,19,0.1779,1.59,0,0
201.82,10,0.1681,5.09,0,0
80.39,10,0.1004,39.42,0,0
62.97,22,0.1029,4.71,0,0
71.05,20,0.3112,12.23,0,0
26.52,20,0.3559,33.62,0,0
13.93,21,0.1448,2.59,0,0
101.87,6,0.2567,18.13,0,0
17.15,9,0.0927,60.42,0,0
32.66,1,0.2221,10.36,0,0
108.33,14,0.1897,11.88,0,0
24.41,1,0.2024,3.3,0,0
69.92,14,0.162,4.58,0,0
59.18,15,0.1493,18.68,0,0
74.1,9,0.3575,12.9,0,0
22.99,15,0.1639,34.88,1,0
37.54,15,0.5995,30.99,0,0
22.1,1,0.0325,21.36,1,0
125.48,16,0.3502,19.38,1,0
78.32,23,0.2291,5.36,0,0
32.61,2,0.2242,5.72,0,0
47.59,9,0.0783,1.32,0,0
25.44,8,0.2262,1.1,0,0
69.97,1,0.1724,9.11,0,0
27.28,16,0.1051,66.38,1,0
24.6,18,0.3608,7.89,0,0
19.51,2,0.1417,9.27,0,0
75.76,18,0.3136,69.61,0,0
67.57,21,0.0865,17.93,0,0
63.24,16,0.0693,0.23,0,0
13.62,5,0.115,10.68,0,0
125.87,22,0.1425,3.35,0,0
43.56,21,0.0518,11.04,0,0
37.56,18,0.242,1.03,1,0
22.46,6,0.4489,3.16,0,0
81.68,16,0.15,8.31,0,0
28.06,10,0.0428,4.57,0,0
14.87,19,0.298,2.83,0,0
12.72,5,0.294,8.33,0,0
60.16,0,0.3242,18.12,1,0
50.75,12,0.0451,9.93,0,0
25.62,15,0.3421,39.95,0,0
91.83,1,0.1377,34.8,0,0
36.12,14,0.1992,16.95,0,0
80.79,15,0.0302,3.98,0,0
38.69,3,0.0522,23.65,0,0
62.95,3,0.7594,127.91,0,1
87.81,5,0.3606,47.31,0,0
149.58,21,0.2858,23.8,1,0
43.71,8,0.1497,11.57,0,0
40.76,3,0.1075,9.02,0,0
39.26,11,0.1604,11.7,0,0
47.16,16,0.0982,7.96,0,0
69.89,17,0.0687,26.03,0,0
12.85,4,0.3135,5.34,0,0
12.36,14,0.1753,7.27,0,0
56.27,9,0.0959,52.44,0,0
50.87,6,0.3187,4.8,0,0
36.8,2,0.1008,11.47,0,0
29.19,20,0.0492,3.26,0,0
26.28,1,0.2175,5.0,0,0
130.25,19,0.3081,5.0,0,0
50.5,4,0.1221,62.88,1,0
35.52,20,0.466,1.26,0,0
116.49,23,0.278,8.62,0,0
28.16,13,0.1289,1.75,0,0
91.78,11,0.0595,11.73,0,0
77.23,5,0.1341,11.76,0,0
36.66,5,0.2092,1.42,0,0
46.8,20,0.1636,7.98,0,0
23.06,21,0.3412,3.35,0,0
187.43,5,0.9029,197.46,0,1
38.93,6,0.0834,17.79,0,0
69.06,13,0.1464,4.1,0,0
69.94,9,0.0679,22.42,0,0
151.21,23,0.3358,3.93,0,0
13.95,14,0.206,0.94,0,0
44.8,0,0.0245,18.59,0,0
18.84,17,0.103,13.74,1,0
35.46,20,0.0862,5.14,0,0
15.12,23,0.1261,14.79,0,0
49.67,20,0.261,25.89,1,0
54.32,10,0.2678,38.42,0,0
31.45,3,0.0945,66.58,0,0
141.64,3,0.1923,3.38,0,0
33.18,2,0.1711,4.42,1,0
44.44,16,0.2709,9.06,0,0
48.7,0,0.2764,21.07,0,0
19.55,10,0.2186,24.67,1,0
176.3,14,0.6094,9.76,0,0
102.23,12,0.1778,2.09,0,0
114.36,9,0.0317,0.93,0,0
83.92,17,0.1866,1.66,0,0
23.43,14,0.1666,6.57,0,0
40.46,23,0.0236,8.61,0,0
21.43,21,0.1599,3.95,0,0
22.6,17,0.3617,5.22,0,0
37.57,22,0.1695,14.52,0,0
69.09,15,0.1346,12.09,0,0
91.44,13,0.122,5.92,0,0
21.14,21,0.08,3.27,0,0
14.77,9,0.2083,6.89,0,0
51.2,23,0.3739,18.36,0,0
21.54,3,0.5391,3.27,0,0
21.25,4,0.1398,6.74,0,0
92.19,6,0.2133,17.46,1,0
39.04,5,0.1662,5.33,0,0
43.55,11,0.106,2.47,0,0
22.28,19,0.2568,6.07,1,0
27.92,19,0.1481,20.97,0,0
42.12,0,0.0934,25.07,1,0
66.24,7,0.1667,27.58,0,0
40.54,4,0.179,3.42,0,0
28.12,9,0.1143,11.13,0,0
38.78,22,0.3175,30.92,0,0
9.63,14,0.127,6.05,0,0
19.42,16,0.3439,32.45,0,0
28.46,14,0.0823,5.57,0,0
98.24,18,0.1017,5.55,0,0
26.96,20,0.0621,13.92,0,0
35.45,0,0.2399,14.09,0,0
123.25,15,0.313,14.72,0,0
71.03,4,0.3507,22.36,0,0
40.02,23,0.1483,8.16,0,0
75.35,2,0.2229,77.63,0,0
30.8,0,0.1368,16.33,0,0
231.26,4,0.1788,9.74,1,0
50.19,9,0.1009,5.34,1,0
136.65,10,0.3388,9.69,0,0
23.49,0,0.4126,11.15,0,0
118.37,18,0.0699,2.99,0,0
41.11,15,0.2394,6.85,0,0
30.84,2,0.1379,2.94,0,0
57.21,10,0.3002,1.36,0,0
65.35,2,0.3556,49.06,0,0
74.5,3,0.1433,3.28,0,0
48.32,5,0.0873,10.65,0,0
16.47,23,0.2758,11.67,0,0
34.64,10,0.2799,5.9,0,0
26.18,7,0.324,19.45,0,0
46.18,21,0.0332,5.92,0,0
13.98,12,0.1432,7.59,0,0
88.81,2,0.4728,5.75,0,0
130.64,1,0.2305,0.25,0,0
22.42,5,0.0879,4.57,0,0
30.14,21,0.1077,11.17,0,0
16.44,23,0.0861,32.21,1,0
125.93,11,0.0862,2.68,0,0
34.58,1,0.1099,15.77,0,0
74.18,7,0.1199,7.08,0,0
69.63,14,0.0773,2.54,0,0
76.34,21,0.1136,6.52,0,0
17.53,18,0.1818,1.15,0,0
90.61,21,0.0495,0.38,1,0
32.69,12,0.2653,0.0,0,0
84.25,16,0.0827,3.56,0,0
82.56,4,0.0501,5.89,0,0
26.12,6,0.0522,7.05,0,0
140.16,2,0.1132,3.44,0,0
14.15,3,0.3884,5.63,0,0
86.07,20,0.087,5.74,1,0
54.16,1,0.1177,18.9,0,0
30.21,4,0.0936,1.95,0,0
8.84,15,0.3079,10.81,0,0
36.47,0,0.4321,5.32,1,0
32.88,22,0.0835,39.02,0,0
21.4,21,0.0946,28.26,0,0
70.15,11,0.124,17.13,0,0
48.81,3,0.1681,25.16,1,0
43.23,1,0.1538,9.81,0,0
57.54,19,0.1098,12.2,0,0
74.58,15,0.1416,25.31,0,0
96.53,9,0.1465,0.09,0,0
36.92,14,0.0637,3.3,0,0
22.92,17,0.5126,19.48,0,0
35.54,0,0.3509,18.88,0,0
60.97,1,0.0162,19.86,0,0
133.75,6,0.3114,37.2,0,0
28.53,2,0.2806,30.74,0,0
19.44,0,0.147,5.09,0,0
10.55,18,0.1806,18.58,0,0
43.8,3,0.2203,6.63,0,0
38.93,5,0.0418,0.03,0,0
56.04,19,0.1754,30.3,0,0
109.32,14,0.6524,6.21,0,0
45.12,2,0.0682,23.17,1,0
16.92,0,0.3063,11.74,0,0
41.92,0,0.3234,9.47,0,0
44.81,15,0.5923,2.98,0,0
59.49,10,0.1159,6.58,0,0
106.52,20,0.0346,1.73,1,0
29.36,0,0.104,8.62,1,0
16.81,10,0.1336,50.07,0,0
51.38,3,0.3015,16.35,0,0
27.36,6,0.0798,39.12,0,0
13.16,7,0.2292,3.33,0,0
31.32,1,0.1124,16.69,0,0
172.69,8,0.2657,35.33,0,0
59.62,1,0.2855,26.67,0,0
27.6,23,0.1939,14.89,0,0
24.66,18,0.1322,31.79,0,0
26.28,5,0.2014,5.32,1,0
43.25,10,0.2233,2.14,0,0
59.02,10,0.5037,9.82,0,0
38.71,21,0.1718,3.58,0,0
67.05,13,0.1817,37.75,0,0
56.74,20,0.176,16.23,1,0
81.72,23,0.0276,6.51,1,0
79.42,3,0.0307,4.73,0,0
97.68,1,0.2701,25.71,0,0
31.03,21,0.4288,1.55,0,0
39.46,2,0.1972,8.49,0,0
93.14,18,0.1903,7.17,1,0
149.62,18,0.1324,14.08,0,0
105.32,19,0.2502,0.93,1,0
142.15,13,0.4615,16.17,0,0
86.36,6,0.1243,11.61,0,0
64.08,2,0.0403,3.56,0,0
17.41,18,0.2814,9.1,1,0
34.48,4,0.2034,3.86,0,0
16.72,18,0.2642,10.72,0,0
125.98,7,0.1363,0.06,0,0
21.03,5,0.242,3.04,1,0
26.41,1,0.1898,26.27,0,0
15.35,22,0.0179,3.9,0,0
40.05,6,0.4413,29.4,0,0
33.75,12,0.2311,32.26,0,0
37.2,7,0.0315,0.49,0,0
64.88,18,0.1561,17.17,0,0
135.59,15,0.1108,2.84,0,0
81.44,0,0.4444,8.3,0,0
18.06,4,0.0261,4.08,0,0
11.72,22,0.219,10.53,0,0
58.27,11,0.1829,49.17,0,0
41.66,8,0.9195,23.51,1,1
82.02,21,0.036,28.85,0,0
86.8,19,0.1417,4.73,0,0
95.4,11,0.0708,23.81,0,0
86.94,12,0.17,5.17,0,0
25.04,1,0.3144,31.23,0,0
76.54,0,0.2507,33.91,0,0
211.03,14,0.1302,19.95,0,0
18.21,1,0.267,45.52,1,0
103.25,23,0.1391,6.17,0,0
51.43,13,0.9249,35.45,1,1
50.45,5,0.5294,17.24,0,0
18.34,4,0.1002,3.5,0,0
40.65,13,0.1817,1.02,0,0
93.37,7,0.0355,5.61,1,0
57.38,19,0.143,11.33,0,0
84.3,23,0.0678,18.86,0,0
42.03,7,0.3483,3.87,1,0
34.28,13,0.2603,22.16,1,0
172.79,16,0.3928,24.82,1,0
24.58,9,0.205,18.58,0,0
2.8,5,0.1767,23.88,0,0
12.6,22,0.1634,17.79,0,0
89.94,20,0.3553,2.57,1,0
87.97,4,0.2968,2.53,0,0
72.72,17,0.071,9.06,0,0
95.22,18,0.0136,42.34,1,0
41.1,4,0.0803,31.65,0,0
100.66,8,0.1375,19.2,0,0
24.89,16,0.2046,19.35,1,0
21.13,17,0.0901,20.85,0,0
15.36,23,0.2071,4.83,0,0
32.2,23,0.2514,1.48,0,0
63.78,9,0.1953,0.53,0,0
33.82,11,0.1215,8.03,0,0
47.87,1,0.0552,0.51,0,0
16.04,22,0.3431,29.83,0,0
33.74,2,0.49,5.99,0,0
26.54,6,0.3253,19.35,0,0
67.87,19,0.2602,21.69,0,0
57.03,10,0.3735,15.5,1,0
19.76,2,0.1644,42.06,0,0
276.52,5,0.2013,0.4,0,0
74.35,5,0.1179,7.58,0,0
38.7,7,0.1576,19.18,0,0
30.88,6,0.1297,0.67,1,0
106.53,13,0.2143,10.48,0,0
104.61,5,0.2057,12.72,0,0
15.98,18,0.0969,2.67,0,0
40.31,16,0.3983,3.62,0,0
25.59,12,0.1058,4.97,0,0
58.32,2,0.2765,46.78,0,0
127.02,1,0.1017,1.64,0,0
56.74,11,0.1448,32.85,0,0
215.19,21,0.2032,0.6,0,0
97.2,21,0.0445,19.68,1,0
55.63,2,0.1955,17.47,0,0
28.31,11,0.1918,0.73,0,0
120.47,5,0.1283,20.82,0,0
53.52,10,0.0454,8.09,1,0
14.36,16,0.4664,71.3,0,0
51.3,20,0.2999,1.02,0,0
32.29,13,0.1579,8.0,0,0
92.42,18,0.1639,53.64,1,0
25.9,7,0.2797,50.09,0,0
125.49,21,0.1262,6.55,0,0
41.23,14,0.2,0.0,0,0
23.22,10,0.4096,8.81,0,0
100.14,17,0.078,37.25,0,0
19.95,4,0.4277,0.4,0,0
39.75,15,0.1673,2.63,0,0
47.6,5,0.1501,33.86,0,0
62.75,7,0.1123,8.08,0,0
202.14,20,0.2234,4.55,0,0
183.35,10,0.3433,13.15,0,0
11.47,7,0.2507,3.86,0,0
37.79,16,0.2617,24.65,1,0
41.53,20,0.1169,32.83,0,0
31.14,6,0.211,18.19,1,0
73.78,12,0.3761,3.13,0,0
21.63,22,0.2254,14.01,0,0
15.91,17,0.0769,21.52,0,0
58.7,7,0.4053,9.6,0,0
18.67,19,0.1057,55.46,0,0
23.04,22,0.1854,8.42,0,0
16.18,22,0.2146,37.43,0,0
45.22,1,0.2035,6.83,0,0
81.24,5,0.2087,3.54,0,0
13.0,22,0.014,12.0,1,0
30.9,20,0.2393,29.9,0,0
36.9,4,0.1236,12.16,0,0
32.17,1,0.4001,0.93,0,0
50.05,21,0.1367,5.73,0,0
62.43,15,0.1394,17.14,0,0
9.7,11,0.0257,40.47,0,0
26.95,19,0.1867,17.39,1,0
147.08,2,0.1824,12.19,0,0
39.21,0,0.1452,6.14,0,0
29.87,13,0.0494,3.12,0,0
243.28,9,0.3259,0.49,0,0
33.05,11,0.0273,81.78,0,0
15.58,20,0.3242,72.17,0,0
89.61,17,0.0513,6.68,0,0
28.63,15,0.2935,14.38,0,0
56.57,22,0.1547,29.8,0,0
92.95,21,0.2408,5.6,0,0
55.47,8,0.3535,10.09,0,0
24.78,17,0.2046,56.47,0,0
45.61,19,0.1339,0.77,0,0
45.71,4,0.1619,46.35,0,0
41.21,11,0.4943,42.06,0,0
47.76,4,0.4435,9.14,0,0
7.31,0,0.5325,28.42,0,0
12.78,14,0.2147,15.51,0,0
48.1,10,0.1523,12.21,0,0
89.64,6,0.0322,4.9,0,0
96.58,23,0.2136,30.39,1,0
16.93,16,0.0761,56.0,0,0
26.83,10,0.1092,3.78,0,0
28.22,2,0.333,6.03,0,0
112.55,10,0.2228,20.16,0,0
33.93,14,0.1017,18.22,0,0
76.84,2,0.3174,1.18,0,0
25.07,17,0.0759,1.95,0,0
36.5,4,0.0614,31.61,1,0
93.86,6,0.1522,4.24,1,0
28.31,11,0.2194,1.55,0,0
50.62,7,0.3523,1.57,0,0
22.39,13,0.0487,6.84,0,0
42.0,23,0.2042,14.32,1,0
270.62,5,0.0685,4.86,0,0
50.36,7,0.364,22.02,0,0
63.89,14,0.199,11.56,0,0
219.4,22,0.1988,9.6,0,0
45.95,6,0.3098,25.01,0,0
27.77,13,0.1407,55.01,0,0
93.13,20,0.1028,3.69,0,0
69.84,8,0.1641,10.02,1,0
47.57,22,0.3138,10.19,0,0
34.26,16,0.1825,20.0,0,0
38.35,0,0.1489,32.05,0,0
60.92,15,0.2033,0.08,0,0
82.13,14,0.3841,4.16,0,0
39.99,5,0.139,11.55,0,0
41.13,2,0.1293,5.64,0,0
69.29,23,0.1418,33.6,0,0
53.93,21,0.2166,2.83,0,0
34.05,14,0.1989,35.51,0,0
16.94,23,0.2452,20.15,0,0
22.76,16,0.2061,7.77,0,0
20.9,4,0.3221,21.05,0,0
54.76,20,0.2843,34.55,0,0
46.56,8,0.3028,28.96,0,0
139.39,1,0.5225,12.95,1,0
53.85,7,0.0502,8.04,0,0
99.96,4,0.1447,27.32,0,0
94.57,18,0.1158,9.25,1,0
31.77,23,0.0225,46.56,0,0
27.62,6,0.3191,1.97,0,0
21.65,4,0.3553,4.42,0,0
47.5,4,0.0989,3.74,1,0
50.37,23,0.321,4.57,0,0
84.04,18,0.1315,11.88,0,0
70.64,5,0.2188,5.63,0,0
49.68,7,0.2988,6.01,1,0
73.55,6,0.1028,5.44,0,0
46.59,8,0.0963,5.1,0,0
18.96,9,0.3062,2.89,0,0
15.18,22,0.4152,24.85,0,0
13.9,9,0.1644,3.91,0,0
59.65,3,0.4989,27.88,0,0
11.13,2,0.1206,41.63,0,0
35.54,8,0.0642,11.51,1,0
19.07,16,0.092,4.98,1,0
44.45,22,0.0364,12.94,0,0
149.78,17,0.1271,13.46,0,0
33.99,4,0.1343,25.23,0,0
19.92,20,0.4201,27.35,0,0
134.15,8,0.2997,0.83,0,0
40.34,19,0.2236,20.7,0,0
200.67,6,0.2695,38.64,0,0
91.49,10,0.2488,9.7,0,0
24.47,19,0.1693,34.59,0,0
40.91,23,0.2964,24.71,0,0
93.09,4,0.585,3.01,0,0
9.13,14,0.3091,38.0,0,0
112.71,2,0.2635,7.35,0,0
48.79,6,0.2756,9.09,0,0
259.22,9,0.2145,7.45,0,0
33.69,22,0.0981,23.1,0,0
44.25,20,0.2123,12.21,0,0
52.19,2,0.0849,4.59,0,0
33.29,7,0.2647,52.42,0,0
39.38,20,0.3733,39.46,0,0
80.75,11,0.1438,1.57,0,0
22.28,1,0.1417,16.15,0,0
45.23,15,0.1185,10.38,0,0
99.88,3,0.4188,10.79,1,0
27.29,3,0.1991,0.89,0,0
46.72,19,0.3467,0.89,1,0
34.54,13,0.4234,1.27,1,0
46.25,6,0.1603,12.72,0,0
83.39,13,0.3394,11.28,0,0
79.83,6,0.1804,7.13,0,0
45.83,23,0.1814,3.81,0,0
73.56,14,0.0786,35.99,0,0
13.23,6,0.1278,11.48,0,0
37.51,0,0.3413,12.17,0,0
216.9,4,0.2405,8.09,0,0
33.09,17,0.1078,21.34,0,0
44.38,5,0.208,7.95,0,0
39.0,12,0.0301,12.27,1,0
34.36,12,0.1227,15.22,0,0
183.16,18,0.2811,25.8,0,0
17.31,6,0.1486,40.84,0,0
60.29,19,0.3728,0.33,0,0
45.45,15,0.2767,1.32,0,0
27.09,8,0.1553,4.39,0,0
30.15,11,0.0584,31.81,0,0
121.02,16,0.4419,5.79,0,0
40.49,3,0.0686,14.59,0,0
46.38,21,0.3608,10.34,0,0
87.61,13,0.2803,14.31,1,0
144.98,2,0.3454,4.71,1,0
23.41,16,0.3294,24.5,0,0
48.68,18,0.1569,3.13,0,0
158.72,20,0.1198,21.41,0,0
24.63,21,0.1173,40.43,0,0
103.63,8,0.1431,15.72,0,0
123.54,9,0.14,5.35,0,0
96.05,7,0.2349,1.66,0,0
11.05,20,0.1766,6.79,0,0
59.48,3,0.1958,34.56,0,0
60.49,12,0.1033,12.24,0,0
195.18,16,0.2489,4.9,0,0
41.54,13,0.0866,2.78,1,0
51.08,0,0.3513,27.73,0,0
73.88,4,0.1541,2.22,0,0
35.98,10,0.4105,24.65,0,0
19.96,16,0.3748,8.87,0,0
26.44,16,0.0884,8.28,0,0
114.78,6,0.1009,3.88,0,0
43.5,10,0.1652,10.56,0,0
17.64,13,0.0342,3.77,0,0
143.13,11,0.1019,9.41,0,0
98.04,10,0.1003,18.61,0,0
40.13,8,0.304,21.95,0,0
45.46,0,0.3116,27.76,0,0
35.83,7,0.3727,16.33,0,0
11.47,2,0.0584,0.65,0,0
48.78,4,0.2102,6.2,0,0
43.73,12,0.0367,13.38,0,0
87.41,5,0.045,3.74,0,0
31.77,0,0.3028,8.26,0,0
21.6,18,0.0992,9.59,0,0
25.63,2,0.3442,1.79,0,0
33.34,17,0.0626,53.36,0,0
28.38,23,0.0953,8.39,0,0
204.51,4,0.2785,21.14,0,0
18.06,18,0.241,12.17,0,0
147.78,21,0.2454,64.8,0,0
90.32,15,0.3041,7.97,0,0
17.44,18,0.4061,7.04,1,0
48.51,21,0.2684,3.32,0,0
33.58,23,0.3406,9.56,0,0
26.08,12,0.3263,23.6,0,0
16.16,21,0.308,16.4,0,0
37.09,3,0.064,33.53,0,0
104.7,8,0.047,8.86,0,0
60.46,17,0.131,7.07,0,0
49.49,0,0.9026,40.33,1,1
43.31,2,0.1097,14.69,0,0
45.97,16,0.1368,23.54,0,0
26.24,16,0.3449,8.52,0,0
26.12,21,0.2424,18.23,0,0
51.01,17,0.0239,37.6,0,0
11.67,6,0.348,8.22,0,0
59.49,2,0.4005,15.8,0,0
193.04,18,0.1387,17.56,0,0
11.27,18,0.0719,14.39,1,0
94.78,16,0.2454,7.48,0,0
33.37,22,0.1101,11.21,1,0
86.0,21,0.3963,4.91,0,0
38.09,16,0.3088,9.64,0,0
15.5,0,0.2199,11.65,0,0
50.12,20,0.0512,12.54,0,0
46.54,18,0.1498,26.33,0,0
24.07,22,0.1121,0.64,0,0
23.67,19,0.1467,10.77,0,0
45.84,13,0.3603,6.48,0,0
46.59,6,0.1742,14.3,0,0
65.17,16,0.2848,1.07,0,0
58.43,9,0.0999,2.08,1,0
72.9,11,0.2292,15.38,0,0
103.04,3,0.2198,2.05,0,0
211.85,0,0.0711,2.77,0,0
48.95,2,0.2619,9.65,0,0
56.97,17,0.4089,21.28,0,0
37.24,20,0.3198,3.46,0,0
107.14,4,0.2435,1.33,0,0
30.84,3,0.1368,0.74,0,0
51.86,12,0.0264,5.17,0,0
34.61,0,0.0529,10.0,0,0
17.63,18,0.1619,3.42,0,0
22.75,6,0.0778,0.46,0,0
140.98,2,0.134,26.15,0,0
28.43,2,0.4274,2.84,0,0
40.15,22,0.1362,52.36,0,0
20.15,13,0.2749,6.45,1,0
45.26,13,0.3835,6.01,0,0
8.61,12,0.4761,1.37,0,0
110.39,7,0.1286,29.44,0,0
87.75,13,0.2105,20.3,0,0
35.26,1,0.104,24.74,0,0
65.58,7,0.035,52.25,0,0
25.74,6,0.2861,1.5,0,0
80.45,2,0.3765,7.7,0,0
32.83,19,0.0141,3.19,0,0
26.71,13,0.3573,14.47,0,0
13.16,8,0.1636,4.03,0,0
45.33,0,0.1859,4.48,0,0
21.4,1,0.3002,26.71,0,0
54.07,17,0.2671,8.35,0,0
29.63,0,0.0601,36.28,0,0
41.23,1,0.3591,31.08,0,0
13.26,16,0.0944,4.78,0,0
62.51,23,0.1584,3.1,0,0
99.23,14,0.1233,5.85,0,0
55.11,15,0.1233,19.92,0,0
12.6,19,0.1803,2.88,0,0
44.97,10,0.1378,6.99,0,0
43.65,8,0.5561,14.87,0,0
204.04,18,0.1269,67.82,1,0
33.93,7,0.3732,19.01,0,0
114.07,12,0.2237,12.36,0,0
95.79,15,0.0895,0.4,0,0
33.54,11,0.0335,24.91,0,0
52.89,20,0.1426,12.97,0,0
40.75,11,0.3295,6.49,0,0
29.61,1,0.5007,16.44,0,0
93.39,16,0.212,1.81,0,0
89.16,18,0.2704,15.9,1,0
26.64,7,0.1298,2.71,0,0
13.56,12,0.164,0.96,0,0
35.97,22,0.2026,4.21,0,0
63.04,23,0.193,6.78,0,0
27.64,10,0.1971,4.58,0,0
86.72,22,0.0725,2.63,0,0
38.23,3,0.0694,18.49,1,0
21.4,0,0.24,7.99,0,0
62.99,17,0.374,6.42,0,0
12.62,4,0.2532,17.15,0,0
30.33,23,0.2008,8.13,0,0
25.21,0,0.3458,9.4,0,0
10.94,11,0.1294,14.0,0,0
61.59,17,0.0352,17.95,0,0
47.82,6,0.0593,3.51,0,0
151.36,7,0.3014,1.09,0,0
40.37,6,0.1374,5.27,0,0
37.14,19,0.2349,1.1,0,0
42.26,4,0.1212,0.12,1,0
9.71,3,0.0836,6.06,0,0
80.54,4,0.2392,15.02,0,0
130.16,13,0.1289,19.71,0,0
16.96,7,0.0919,16.22,0,0
24.68,13,0.1638,49.56,0,0
49.46,15,0.2986,27.2,1,0
70.37,3,0.1033,20.64,0,0
24.08,4,0.1036,10.54,0,0
68.83,16,0.1114,1.27,0,0
83.27,7,0.1774,21.87,0,0
55.62,13,0.1703,6.11,0,0
23.31,1,0.0509,16.91,0,0
21.23,6,0.1334,29.4,0,0
28.43,16,0.2915,10.44,0,0
46.86,21,0.063,4.46,1,0
44.43,11,0.0946,4.22,0,0
10.29,3,0.075,0.95,0,0
68.11,1,0.177,5.41,0,0
54.81,23,0.065,11.68,0,0
35.63,6,0.3102,4.36,0,0
50.58,17,0.31,20.63,0,0
64.02,22,0.2437,11.03,0,0
39.99,2,0.1674,4.77,0,0
24.27,19,0.0543,1.47,1,0
44.96,19,0.1749,10.62,0,0
53.92,9,0.3572,11.5,0,0
22.01,1,0.074,4.16,0,0
13.4,8,0.0286,1.87,0,0
72.05,10,0.1752,37.91,0,0
99.68,6,0.1154,1.34,0,0
64.0,3,0.0856,30.22,1,0
39.64,7,0.129,5.63,0,0
107.67,13,0.353,14.2,0,0
22.74,4,0.1537,6.1,0,0
13.71,18,0.4354,4.48,0,0
97.74,14,0.2578,16.89,0,0
55.95,7,0.631,21.52,0,0
63.99,19,0.1596,20.41,0,0
33.0,19,0.1497,5.08,0,0
26.94,2,0.043,9.69,0,0
32.31,19,0.2059,6.46,0,0
28.33,1,0.2955,0.38,1,0
12.35,0,0.3719,30.28,0,0
57.34,5,0.1256,1.31,0,0
74.2,7,0.2278,1.39,1,0
14.88,20,0.2535,11.11,0,0
22.15,17,0.0975,14.4,1,0
75.21,13,0.2906,74.02,0,0
77.36,19,0.1108,26.74,0,0
26.71,12,0.2162,15.12,0,0
35.0,16,0.1715,2.66,0,0
25.1,6,0.0575,4.67,0,0
46.56,20,0.2311,9.12,0,0
34.48,18,0.1711,44.32,0,0
30.95,1,0.1618,20.55,0,0
54.17,14,0.1129,18.01,0,0
103.16,5,0.2059,0.57,0,0
105.04,5,0.2796,6.12,0,0
13.39,7,0.085,0.5,0,0
32.85,2,0.0801,9.05,0,0
48.4,22,0.1554,1.29,0,0
29.35,22,0.2296,13.81,0,0
84.62,12,0.2838,7.79,1,0
75.81,11,0.0377,20.31,0,0
17.38,9,0.1452,1.3,0,0
30.42,17,0.2309,13.65,0,0
28.32,9,0.0749,31.0,0,0
29.04,4,0.2043,15.59,1,0
114.92,13,0.0517,30.03,0,0
77.52,2,0.0685,31.87,0,0
33.25,16,0.2204,11.87,0,0
46.91,4,0.1093,17.37,0,0
74.4,19,0.2166,16.29,0,0
104.48,19,0.3309,4.83,0,0
43.76,6,0.025,18.59,0,0
76.02,12,0.2984,54.78,1,0
23.29,15,0.0764,2.6,0,0
66.19,13,0.1657,22.46,1,0
16.88,10,0.4401,19.94,0,0
60.48,5,0.3883,11.94,0,0
74.39,20,0.1894,11.66,0,0
21.3,7,0.2666,6.25,0,0
78.16,10,0.0543,20.79,0,0
11.43,1,0.1198,22.86,0,0
69.48,22,0.2921,21.39,0,0
66.89,7,0.1743,0.81,0,0
24.79,9,0.1995,6.71,0,0
40.09,16,0.3528,22.05,1,0
44.25,7,0.1138,1.75,0,0
52.75,5,0.1248,0.04,0,0
62.28,4,0.3233,17.56,0,0
26.91,17,0.2966,36.69,0,0
76.79,3,0.2819,9.24,0,0
89.15,23,0.1104,7.46,0,0
15.01,3,0.2313,7.3,0,0
32.41,19,0.1754,5.21,0,0
68.52,22,0.1119,54.8,1,0
22.46,10,0.2482,7.45,0,0
56.38,19,0.2484,10.99,0,0
45.0,17,0.2172,13.05,0,0
35.82,19,0.0315,8.04,0,0
57.89,18,0.2122,22.95,0,0
50.07,23,0.3056,25.12,0,0
32.58,17,0.0324,23.45,0,0
30.0,19,0.1425,14.25,0,0
17.86,3,0.3169,33.17,0,0
21.16,11,0.3238,3.7,0,0
109.44,3,0.2688,7.3,0,0
47.01,9,0.1483,20.12,0,0
20.73,14,0.2255,8.48,1,0
13.24,6,0.0953,7.24,1,0
59.05,21,0.0788,3.26,0,0
53.67,6,0.5663,2.96,0,0
17.97,17,0.2467,27.3,0,0
82.54,18,0.1928,18.11,0,0
94.35,19,0.2008,43.88,0,0
42.42,17,0.0676,41.11,0,0
14.97,3,0.5194,11.69,1,0
98.74,0,0.2298,14.93,0,0
23.82,10,0.2022,9.3,0,0
26.5,18,0.3321,15.96,0,0
9.3,20,0.1184,4.61,0,0
18.57,11,0.2203,30.56,0,0
23.12,16,0.1714,6.88,0,0
89.82,15,0.243,0.06,0,0
172.62,8,0.1411,11.23,0,0
70.8,1,0.1672,33.45,0,0
25.96,15,0.1418,5.21,1,0
20.13,21,0.3228,16.79,0,0
139.38,7,0.1631,14.93,0,0
45.21,15,0.4678,18.75,0,0
103.65,6,0.4477,19.35,0,0
81.1,12,0.228,2.71,0,0
52.93,2,0.1074,24.75,0,0
19.46,23,0.039,7.9,0,0
27.03,12,0.1359,4.05,0,0
70.45,7,0.0432,73.74,1,0
22.77,10,0.1042,1.57,0,0
53.76,12,0.0836,22.42,1,0
84.95,15,0.0546,33.44,0,0
41.96,2,0.1378,0.65,0,0
18.16,21,0.19,5.67,0,0
77.33,14,0.2613,7.12,0,0
33.97,7,0.3424,24.75,1,0
74.58,19,0.2242,14.88,0,0
57.39,14,0.3822,4.93,1,0
35.63,12,0.1895,20.52,0,0
38.6,18,0.1446,10.48,0,0
66.87,19,0.5042,8.9,0,0
138.86,5,0.0861,78.84,0,0
32.71,5,0.0572,6.04,0,0
146.5,9,0.1436,58.87,0,0
17.32,4,0.5111,1.22,0,0
14.53,21,0.4577,21.99,0,0
42.24,3,0.0935,2.37,0,0
43.03,19,0.2423,14.13,0,0
16.1,16,0.2699,3.28,0,0
13.07,3,0.1607,1.94,0,0
69.26,8,0.231,20.5,0,0
98.49,22,0.2556,0.97,0,0
53.03,6,0.0926,7.54,1,0
38.65,9,0.1715,32.4,0,0
39.06,4,0.3082,8.31,0,0
117.99,10,0.1073,46.77,0,0
47.72,15,0.5586,9.23,0,0
111.6,11,0.1752,19.36,0,0
44.31,6,0.0661,9.33,0,0
35.97,0,0.0669,21.99,0,0
31.2,10,0.0955,10.62,0,0
22.09,3,0.0474,2.26,0,0
39.25,18,0.175,21.4,0,0
21.36,2,0.3711,20.89,0,0
71.09,5,0.1028,23.64,1,0
57.61,11,0.1632,21.9,0,0
17.17,15,0.2131,22.86,0,0
61.82,0,0.0694,10.06,1,0
84.11,17,0.0606,2.54,1,0
61.14,22,0.3682,4.11,0,0
88.06,2,0.1571,3.34,0,0
41.32,23,0.3409,36.95,0,0
25.29,13,0.1345,6.45,0,0
81.33,3,0.4489,11.33,0,0
117.81,0,0.2306,2.53,0,0
139.67,19,0.1213,15.0,0,0
47.19,16,0.1909,1.26,0,0
55.55,17,0.3337,5.48,1,0
26.67,4,0.2037,3.45,0,0
10.61,1,0.2253,10.63,0,0
29.84,22,0.3427,33.14,0,0
29.62,2,0.1442,51.36,0,0
245.59,20,0.7392,541.83,0,1
146.24,2,0.5333,0.73,1,0
64.63,8,0.1043,20.48,1,0
50.54,23,0.1151,30.22,0,0
23.32,12,0.0257,11.93,0,0
32.25,7,0.0871,0.58,0,0
134.03,7,0.2993,13.85,0,0
50.41,8,0.2415,6.62,0,0
46.26,21,0.2915,3.53,1,0
25.02,23,0.2989,28.09,0,0
29.92,20,0.4745,14.83,0,0
21.7,17,0.2088,37.81,1,0
104.35,3,0.312,13.37,0,0
37.08,13,0.2233,20.45,0,0
48.63,11,0.1435,21.26,0,0
18.29,15,0.289,1.16,0,0
16.75,15,0.251,22.88,0,0
48.47,13,0.1813,7.21,0,0
54.33,15,0.1087,1.91,0,0
40.57,6,0.075,17.47,0,0
136.02,5,0.1149,37.77,0,0
15.45,1,0.4484,1.98,0,0
30.15,5,0.1025,3.75,0,0
98.41,16,0.2843,8.69,0,0
66.5,20,0.406,6.01,1,0
121.32,5,0.2512,6.28,0,0
41.66,17,0.1456,7.78,0,0
40.98,14,0.1312,6.74,1,0
9.81,3,0.3017,15.32,0,0
48.23,4,0.2518,0.38,0,0
43.94,12,0.144,13.76,0,0
25.81,8,0.1769,20.16,0,0
40.98,10,0.2687,5.03,0,0
12.06,9,0.4762,8.39,0,0
65.97,12,0.119,4.63,0,0
28.56,7,0.2972,25.74,0,0
49.51,20,0.2149,9.44,0,0
32.38,19,0.096,16.57,1,0
77.08,15,0.1732,3.45,0,0
67.36,22,0.2248,2.29,0,0
11.48,8,0.2503,20.61,1,0
168.5,2,0.2523,1.77,0,0
28.97,11,0.002,6.42,0,0
78.62,20,0.0793,43.7,1,0
17.09,3,0.072,28.42,0,0
27.84,22,0.1156,27.89,0,0
53.94,17,0.3491,11.61,1,0
149.32,9,0.4459,12.94,1,0
46.5,4,0.2875,3.47,0,0
87.02,10,0.12,4.53,0,0
8.03,8,0.2732,18.44,0,0
83.97,22,0.0353,40.64,0,0
34.11,1,0.1842,11.59,0,0
74.98,16,0.0466,0.67,0,0
87.08,3,0.114,1.63,0,0
53.4,21,0.2643,8.94,0,0
51.02,7,0.107,6.98,0,0
51.05,4,0.5111,29.53,0,0
39.79,11,0.1763,19.76,0,0
45.64,7,0.1408,43.72,0,0
28.37,6,0.2305,13.24,0,0
28.45,19,0.2962,17.96,0,0
40.06,13,0.1235,14.61,0,0
14.68,7,0.2139,1.21,0,0
60.06,0,0.2689,17.07,1,0
145.13,18,0.0844,57.46,0,0
38.73,12,0.0664,2.82,1,0
57.38,17,0.2815,11.76,0,0
9.29,15,0.0932,10.86,0,0
28.2,19,0.049,20.09,0,0
27.09,20,0.0479,4.66,0,0
50.95,17,0.1983,12.76,0,0
62.59,16,0.2624,8.82,0,0
65.45,4,0.2954,2.97,0,0
9.74,9,0.2329,3.88,0,0
34.52,13,0.154,10.1,0,0
30.68,2,0.4101,4.82,0,0
31.8,13,0.3448,8.34,0,0
50.77,11,0.3713,23.71,0,0
179.95,1,0.3713,27.26,0,0
39.11,1,0.1138,2.43,0,0
41.17,13,0.1414,23.85,0,0
73.31,8,0.161,11.61,0,0
51.88,15,0.1157,8.66,0,0
47.37,0,0.1928,0.23,0,0
72.53,14,0.0307,2.14,0,0
52.59,12,0.1799,12.65,1,0
27.73,8,0.1513,1.35,1,0
46.22,14,0.1133,11.14,0,0
22.13,18,0.1214,25.85,0,0
51.99,9,0.4162,5.89,0,0
28.96,4,0.0294,19.19,1,0
56.39,8,0.0754,4.07,0,0
68.17,21,0.3729,21.96,0,0
40.48,8,0.2237,32.69,0,0
39.03,16,0.038,11.95,0,0
25.46,13,0.1158,3.08,0,0
125.75,16,0.3592,15.24,0,0
35.93,1,0.2379,5.18,0,0
16.96,9,0.364,10.15,0,0
155.02,20,0.3961,11.76,0,0
48.26,18,0.3298,0.29,1,0
60.69,7,0.1038,6.8,0,0
38.76,19,0.1479,25.2,0,0
23.39,2,0.0567,0.68,0,0
39.25,6,0.0878,5.79,0,0
35.15,15,0.2816,15.02,0,0
66.25,6,0.3998,9.41,0,0
48.18,1,0.352,15.65,0,0
10.49,20,0.3748,26.38,0,0
36.32,19,0.095,18.2,0,0
32.93,14,0.2823,4.81,0,0
53.3,9,0.0709,43.85,0,0
218.09,0,0.0942,4.41,0,0
70.95,13,0.4676,37.36,0,0
116.22,3,0.0706,24.24,0,0
16.37,16,0.0713,6.02,0,0
119.74,3,0.1521,25.84,0,0
57.4,1,0.121,6.86,0,0
36.86,4,0.1216,21.26,0,0
165.42,8,0.0351,6.76,0,0
31.25,13,0.0643,13.22,0,0
30.14,3,0.4804,14.25,0,0
16.61,23,0.0044,5.39,0,0
62.36,16,0.1812,1.45,0,0
22.16,4,0.1177,33.91,1,0
259.39,5,0.3659,11.82,0,0
12.57,9,0.2255,9.55,0,0
13.3,6,0.1475,9.05,0,0
16.98,3,0.0442,0.1,0,0
97.52,1,0.148,3.84,0,0
54.65,22,0.1428,4.43,0,0
20.38,2,0.3121,8.93,0,0
43.59,10,0.1639,17.11,1,0
97.23,0,0.5153,4.11,1,0
15.51,16,0.3899,15.2,0,0
54.19,21,0.2104,0.75,1,0
9.78,23,0.2514,12.27,0,0
53.35,2,0.0432,12.5,0,0
79.02,21,0.2037,24.83,0,0
29.53,2,0.0227,6.58,0,0
13.43,11,0.2759,7.08,0,0
35.71,2,0.1654,53.46,0,0
128.53,20,0.052,13.9,0,0
88.14,18,0.3092,7.73,0,0
22.52,12,0.1279,7.47,0,0
38.45,11,0.423,10.67,0,0
23.64,19,0.2143,6.59,0,0
42.49,7,0.1643,2.29,0,0
85.15,9,0.1601,35.18,0,0
21.56,12,0.0746,57.26,1,0
157.39,21,0.1291,5.92,0,0
43.09,22,0.1215,23.21,0,0
60.28,4,0.3196,22.38,0,0
70.05,4,0.1576,43.32,0,0
30.02,15,0.274,5.65,0,0
75.48,4,0.2683,3.47,0,0
26.54,15,0.1048,46.86,0,0
45.03,5,0.0538,20.29,0,0
25.19,7,0.1938,2.5,0,0
35.15,22,0.2428,21.66,0,0
45.95,12,0.0014,7.19,0,0
50.46,20,0.0699,11.82,0,0
34.94,11,0.4558,20.7,0,0
47.52,13,0.0196,3.22,0,0
90.97,21,0.0465,8.11,0,0
171.9,9,0.1788,18.41,0,0
54.74,15,0.104,22.21,0,0
36.81,20,0.1688,6.14,0,0
98.98,11,0.3823,2.58,0,0
29.26,1,0.1843,7.03,0,0
6.86,14,0.1865,132.93,0,0
24.6,13,0.1088,0.22,0,0
63.95,9,0.4574,23.13,0,0
20.88,5,0.0925,11.57,0,0
42.52,13,0.3871,10.3,0,0
14.54,2,0.1202,15.56,0,0
56.03,16,0.1827,29.07,0,0
67.85,18,0.0397,35.33,0,0
43.58,5,0.3667,2.48,1,0
57.98,19,0.3834,3.14,0,0
38.24,16,0.4482,16.2,0,0
88.52,13,0.2774,35.09,0,0
22.22,16,0.1448,10.79,0,0
37.26,12,0.2464,0.87,1,0
21.82,1,0.0592,4.46,0,0
104.35,19,0.0248,22.87,0,0
73.77,11,0.1548,13.08,0,0
85.34,22,0.0906,8.21,0,0
57.76,1,0.3269,0.79,0,0
17.55,11,0.5128,20.23,0,0
58.14,6,0.108,16.42,0,0
32.43,8,0.204,4.14,0,0
87.71,6,0.1749,8.98,0,0
35.86,12,0.0073,7.78,1,0
22.75,16,0.0585,33.12,0,0
76.77,21,0.0629,49.05,0,0
23.82,0,0.5581,7.84,0,0
39.8,18,0.1608,7.48,0,0
29.31,13,0.2272,10.5,0,0
64.68,10,0.2309,10.07,0,0
72.63,10,0.5041,43.87,0,0
41.2,0,0.5061,12.2,1,0
13.19,20,0.0715,1.23,0,0
20.48,10,0.3244,7.81,1,0
36.03,13,0.0365,3.77,0,0
52.81,15,0.2727,38.87,0,0
20.68,3,0.1632,4.0,0,0
68.59,8,0.1763,20.67,0,0
53.33,13,0.173,8.95,0,0
205.03,3,0.1133,22.91,0,0
34.12,14,0.0991,16.35,0,0
46.26,10,0.2859,6.85,1,0
147.19,5,0.7849,53.36,1,1
87.6,15,0.2442,14.11,0,0
31.91,3,0.0416,12.55,0,0
29.58,5,0.2318,0.89,0,0
64.34,10,0.184,5.58,0,0
121.11,11,0.2157,12.11,0,0
61.46,11,0.3013,6.28,0,0
26.99,10,0.0801,7.2,0,0
30.09,16,0.5319,13.3,0,0
19.94,5,0.0684,0.39,0,0
25.01,12,0.2603,12.86,0,0
48.0,18,0.2837,2.71,0,0
79.39,8,0.187,3.95,0,0
84.15,22,0.253,5.61,1,0
53.29,11,0.1077,9.12,0,0
15.93,15,0.2223,4.56,0,0
82.34,22,0.2887,18.27,0,0
31.06,13,0.0589,17.15,0,0
48.41,2,0.0522,42.62,0,0
30.27,10,0.1456,8.79,0,0
48.64,12,0.0864,78.81,0,0
50.57,6,0.2133,24.66,0,0
99.95,23,0.3416,1.1,1,0
29.61,9,0.4619,25.39,0,0
47.08,7,0.3404,3.14,0,0
86.73,4,0.3127,20.84,0,0
22.29,16,0.1841,7.25,1,0
25.58,9,0.1942,24.97,0,0
48.91,2,0.1299,12.43,0,0
74.09,2,0.0902,21.19,0,0
31.86,22,0.0697,84.46,1,0
50.31,18,0.0285,7.25,0,0
69.27,23,0.2101,6.7,0,0
27.18,11,0.1197,30.25,0,0
38.87,12,0.3699,4.9,0,0
402.44,12,0.9697,49.93,1,1
9.85,13,0.0227,10.42,1,0
18.69,7,0.175,21.14,0,0
20.98,11,0.0506,19.06,0,0
111.14,12,0.2067,20.44,0,0
10.09,6,0.0169,13.01,1,0
18.26,17,0.0533,1.31,0,0
44.13,20,0.2614,5.41,0,0
80.45,7,0.1771,17.4,0,0
44.11,7,0.3388,4.2,0,0
230.71,19,0.3716,5.74,1,0
147.5,6,0.0574,2.25,0,0
54.86,3,0.0443,10.12,0,0
100.72,7,0.0706,2.67,0,0
108.89,13,0.0584,27.25,0,0
42.75,22,0.171,9.63,0,0
278.48,11,0.1167,2.35,1,0
88.3,5,0.3436,11.66,0,0
77.37,4,0.5414,15.33,0,0
41.25,23,0.2409,24.9,0,0
57.78,21,0.1291,0.84,0,0
19.28,1,0.0935,2.48,0,0
15.09,10,0.2507,12.29,0,0
39.47,18,0.2745,9.63,0,0
229.34,14,0.2222,1.03,0,0
135.66,11,0.138,5.8,0,0
45.25,9,0.4901,11.09,0,0
21.31,9,0.2505,7.25,0,0
18.53,19,0.0898,3.6,0,0
337.36,19,0.0112,8.58,0,0
83.28,4,0.1466,3.04,0,0
88.94,16,0.1445,2.96,1,0
47.65,8,0.1848,14.23,0,0
36.55,2,0.0706,4.57,0,0
138.38,19,0.204,13.03,1,0
20.35,6,0.1448,10.31,0,0
233.53,9,0.1521,1.78,0,0
81.28,5,0.0281,1.36,0,0
6.87,16,0.2363,4.18,1,0
123.91,4,0.1951,8.37,0,0
106.29,4,0.0855,21.65,0,0
16.82,9,0.1339,9.26,1,0
26.24,23,0.247,69.19,0,0
72.04,23,0.1239,10.51,0,0
11.35,21,0.2705,2.97,0,0
149.92,3,0.1299,7.74,0,0
9.51,2,0.2865,1.2,0,0
33.01,2,0.1727,20.59,0,0
40.03,18,0.2305,0.07,1,0
80.08,8,0.3308,8.39,1,0
10.22,23,0.308,9.25,0,0
11.83,23,0.3998,21.11,1,0
15.26,11,0.2144,14.42,0,0
9.48,17,0.197,4.02,1,0
40.61,8,0.403,16.05,0,0
75.6,23,0.175,8.03,0,0
28.24,16,0.065,57.82,0,0
70.66,5,0.3569,0.22,0,0
30.88,22,0.1374,16.88,0,0
40.62,23,0.3314,10.5,0,0
47.13,16,0.237,5.41,0,0
53.99,10,0.4651,13.06,1,0
7.32,2,0.3734,3.63,0,0
85.01,20,0.4022,54.93,0,0
73.06,10,0.2097,36.91,0,0
12.58,7,0.1392,22.82,0,0
261.66,9,0.1749,0.53,0,0
96.23,14,0.0454,33.52,0,0
107.41,12,0.452,2.72,1,0
32.08,20,0.141,83.74,0,0
46.94,9,0.1114,10.13,0,0
14.45,21,0.3378,25.03,1,0
58.77,21,0.2975,27.97,0,0
160.24,7,0.3609,2.48,0,0
25.48,13,0.0994,1.85,0,0
16.24,3,0.0247,10.29,0,0
9.55,9,0.2319,9.52,0,0
16.92,12,0.2118,24.61,0,0
58.0,6,0.3318,28.61,0,0
88.12,6,0.1048,35.68,0,0
63.5,18,0.0679,7.88,0,0
20.12,4,0.2422,38.13,1,0
45.91,16,0.2487,0.41,0,0
23.93,14,0.172,1.19,0,0
27.81,5,0.3891,4.56,0,0
197.52,22,0.319,4.3,1,0
63.06,2,0.2937,0.59,1,0
77.77,11,0.1066,3.89,0,0
58.21,11,0.1541,9.62,0,0
18.61,7,0.2098,18.2,0,0
15.17,16,0.0965,10.79,0,0
26.86,22,0.0539,1.07,0,0
54.32,14,0.2078,15.51,0,0
26.64,11,0.1136,14.85,0,0
11.89,7,0.2635,18.5,0,0
52.48,19,0.3322,4.61,1,0
10.55,6,0.1713,1.81,0,0
47.91,11,0.0575,12.86,0,0
36.0,22,0.2936,48.72,0,0
258.61,21,0.089,19.22,0,0
29.56,15,0.0655,2.27,0,0
16.67,9,0.0668,13.35,0,0
51.5,1,0.3204,15.64,0,0
212.61,23,0.2153,0.05,1,0
30.81,16,0.2112,3.93,1,0
107.37,8,0.1176,26.85,0,0
61.65,20,0.1496,2.73,1,0
100.4,5,0.1622,9.64,0,0
35.35,0,0.3442,4.87,0,0
33.83,22,0.2736,1.99,0,0
24.11,10,0.1427,14.13,0,0
69.16,15,0.1812,16.88,0,0
8.48,13,0.3133,21.63,0,0
85.45,9,0.5952,12.32,0,0
41.22,18,0.3808,4.2,0,0
65.74,20,0.2654,8.17,0,0
107.38,22,0.1814,1.77,0,0
67.85,17,0.0513,2.82,0,0
60.93,16,0.0616,1.1,1,0
15.87,4,0.216,2.01,0,0
23.14,15,0.2416,8.66,0,0
11.41,2,0.0914,15.91,0,0
14.41,21,0.1375,0.69,0,0
155.41,6,0.1846,23.77,0,0
113.32,15,0.1757,1.92,0,0
75.28,2,0.2147,0.96,0,0
37.71,10,0.07,14.9,0,0
36.91,12,0.4331,5.79,0,0
102.28,22,0.548,22.81,0,0
27.35,20,0.2378,4.81,0,0
65.21,7,0.0141,18.9,0,0
72.38,12,0.1669,47.88,0,0
70.56,2,0.1705,3.3,0,0
34.57,6,0.3237,5.76,0,0
37.6,11,0.2404,1.5,0,0
23.9,21,0.2673,9.66,0,0
45.0,3,0.2183,51.69,0,0
40.8,4,0.2291,35.33,0,0
24.0,4,0.1239,22.82,0,0
41.26,5,0.1393,7.29,0,0
70.66,7,0.1711,6.12,1,0
17.12,8,0.1473,10.77,0,0
30.58,5,0.1535,27.95,0,0
27.18,22,0.1372,37.07,0,0
35.5,1,0.0927,14.48,0,0
36.8,19,0.0984,40.69,1,0
10.84,20,0.17,6.36,0,0
223.42,11,0.3458,6.95,1,0
49.79,13,0.0913,16.27,0,0
30.17,5,0.5683,7.69,0,0
45.84,1,0.3313,17.06,0,0
47.25,23,0.1373,7.55,1,0
66.2,13,0.2085,13.2,1,0
14.34,23,0.1473,16.61,0,0
76.03,23,0.051,30.27,0,0
153.29,5,0.116,0.5,0,0
54.9,8,0.3681,33.01,0,0
82.48,7,0.0956,38.89,0,0
16.89,11,0.294,3.01,0,0
63.89,1,0.2936,24.47,0,0
12.49,6,0.1418,10.96,0,0
51.44,18,0.1822,4.87,0,0
92.81,3,0.2405,21.35,0,0
105.06,6,0.1896,12.83,0,0
43.8,6,0.4367,2.49,1,0
26.24,18,0.0657,9.91,0,0
145.71,15,0.198,8.48,0,0
122.8,7,0.1329,37.77,0,0
31.06,13,0.0778,24.8,0,0
20.53,0,0.0333,28.0,0,0
81.99,13,0.2499,49.97,0,0
40.86,23,0.1828,7.96,1,0
74.44,0,0.2612,24.79,0,0
29.85,14,0.2333,1.93,0,0
28.75,21,0.3151,5.96,0,0
136.43,18,0.0703,22.89,0,0
34.81,12,0.2497,8.82,1,0
64.16,3,0.1498,0.52,0,0
68.92,12,0.366,1.93,0,0
77.63,4,0.1063,16.1,0,0
50.88,19,0.2518,8.89,0,0
60.91,15,0.1528,1.43,1,0
75.04,22,0.0467,6.35,0,0
33.51,1,0.2941,6.59,1,0
54.5,13,0.4756,4.79,0,0
78.2,9,0.3549,32.32,0,0
193.5,16,0.1597,2.95,0,0
36.9,20,0.3623,11.68,0,0
55.7,23,0.1887,3.43,0,0
103.28,8,0.3212,3.89,0,0
60.52,19,0.2611,10.73,1,0
95.31,8,0.1625,18.71,0,0
56.45,5,0.1214,11.89,0,0
31.01,12,0.0266,40.77,0,0
27.45,9,0.1916,7.28,0,0
45.56,3,0.173,9.32,0,0
51.38,22,0.0376,8.89,0,0
68.12,11,0.1756,9.96,0,0
30.58,11,0.2537,38.66,0,0
18.38,18,0.4907,2.19,0,0
40.63,2,0.0949,17.47,0,0
33.38,13,0.0765,15.45,0,0
40.87,22,0.1454,2.72,0,0
65.74,6,0.2415,22.7,0,0
6.27,13,0.3826,21.37,0,0
64.57,4,0.5296,16.22,0,0
26.4,23,0.1105,1.66,0,0
54.48,20,0.4757,11.53,0,0
29.01,11,0.2686,7.22,0,0
83.48,4,0.0601,20.2,0,0
13.99,13,0.1888,19.71,0,0
93.21,9,0.1131,7.65,1,0
35.81,5,0.301,0.76,0,0
58.44,6,0.0729,15.01,0,0
155.74,11,0.1791,12.49,0,0
19.19,4,0.3629,1.37,0,0
183.67,22,0.1973,31.35,0,0
92.51,0,0.3968,25.9,0,0
78.8,8,0.3295,27.1,0,0
40.75,21,0.1773,0.26,0,0
69.86,14,0.139,6.41,1,0
66.01,9,0.1481,2.75,0,0
159.18,1,0.0625,2.01,0,0
59.9,16,0.3215,8.55,0,0
61.72,2,0.3527,3.24,0,0
134.81,8,0.1316,10.73,0,0
74.79,10,0.3679,19.86,0,0
29.31,1,0.4296,8.21,1,0
12.85,10,0.4055,9.24,0,0
108.41,12,0.0934,2.44,0,0
102.68,8,0.0561,12.09,0,0
61.03,21,0.0739,9.12,0,0
40.69,9,0.1206,17.53,0,0
127.41,20,0.2228,27.71,0,0
11.16,16,0.1365,22.84,0,0
21.7,23,0.0442,2.44,0,0
29.08,10,0.3336,27.65,0,0
12.35,3,0.2759,1.55,0,0
22.04,1,0.3179,23.64,1,0
108.29,3,0.0906,25.71,0,0
227.54,20,0.0858,24.92,0,0
19.11,11,0.2636,2.4,0,0
17.24,10,0.3853,11.42,1,0
30.55,18,0.2176,6.72,0,0
11.3,22,0.1191,4.55,1,0
88.89,17,0.1961,25.96,0,0
11.17,21,0.3751,1.36,0,0
33.04,3,0.0724,8.71,0,0
62.25,6,0.0176,7.62,0,0
21.79,22,0.1956,1.53,0,0
62.55,5,0.181,9.07,0,0
38.33,10,0.0494,6.93,0,0
240.79,7,0.3104,5.51,0,0
85.81,0,0.2502,4.03,0,0
70.25,6,0.1271,3.37,0,0
18.12,1,0.1031,17.25,0,0
67.19,7,0.1511,6.9,0,0
35.87,15,0.5809,14.73,0,0
16.66,23,0.0801,62.69,1,0
65.32,5,0.0712,26.95,0,0
24.86,18,0.2337,5.7,1,0
67.81,1,0.3381,2.63,0,0
44.39,7,0.4364,11.36,0,0
42.26,19,0.3472,40.72,0,0
81.25,5,0.3674,20.2,0,0
50.92,17,0.2781,4.36,0,0
26.91,2,0.3639,38.76,0,0
37.01,10,0.2578,4.16,0,0
13.17,14,0.3607,22.13,0,0
90.89,6,0.1736,3.34,0,0
14.66,17,0.1442,11.65,0,0
54.22,16,0.3135,1.91,0,0
27.89,0,0.0916,12.05,0,0
49.59,1,0.2186,1.94,0,0
73.96,13,0.1273,7.48,0,0
43.99,20,0.0473,0.15,0,0
43.66,16,0.0913,19.75,0,0
28.11,15,0.2366,6.95,0,0
15.26,9,0.4417,17.07,0,0
31.81,18,0.1752,26.01,0,0
137.79,8,0.0152,42.23,0,0
222.71,10,0.1366,77.27,0,0
70.16,8,0.1301,22.89,0,0
52.98,19,0.0694,47.68,0,0
34.28,6,0.0662,2.73,0,0
40.67,16,0.1155,33.4,1,0
13.23,13,0.134,9.99,0,0
64.17,12,0.2378,4.87,0,0
72.38,20,0.0387,9.71,0,0
108.78,14,0.2406,25.56,1,0
28.38,7,0.0439,10.33,0,0
120.91,14,0.3002,8.08,0,0
33.78,10,0.0452,7.67,0,0
14.01,20,0.2027,4.51,0,0
59.32,7,0.1698,14.3,0,0
40.37,12,0.0592,16.65,0,0
62.6,18,0.0556,11.75,0,0
44.29,1,0.5113,4.01,0,0
37.73,13,0.1412,0.74,0,0
22.75,15,0.3213,4.22,0,0
56.52,23,0.2056,31.78,0,0
34.0,20,0.3045,15.07,0,0
56.46,18,0.1284,1.66,0,0
11.94,7,0.2375,8.66,0,0
30.95,21,0.3682,0.95,0,0
40.5,16,0.1564,7.24,0,0
44.63,12,0.2274,18.74,1,0
31.02,1,0.1042,44.96,0,0
102.22,7,0.2654,12.86,1,0
21.78,7,0.2175,21.87,0,0
19.15,5,0.0768,6.67,0,0
47.83,9,0.1977,2.5,0,0
45.27,18,0.2487,25.58,1,0
10.84,12,0.041,22.8,0,0
44.31,17,0.1761,13.43,0,0
61.32,22,0.353,36.57,0,0
18.53,15,0.2845,14.46,0,0
19.79,15,0.062,14.61,0,0
13.61,9,0.3472,5.26,0,0
62.06,6,0.0139,5.36,0,0
65.32,7,0.0678,25.28,0,0
10.74,23,0.1351,27.39,0,0
1514.01,17,0.8825,40.06,1,1
10.28,18,0.1611,3.67,0,0
63.17,9,0.1061,5.17,0,0
44.01,17,0.0827,4.36,0,0
45.64,4,0.2896,10.51,1,0
69.69,18,0.2156,23.96,1,0
51.05,11,0.1518,8.52,0,0
160.73,21,0.152,22.13,0,0
128.6,8,0.3077,11.13,0,0
135.88,11,0.0401,28.5,1,0
85.04,11,0.3275,17.93,0,0
41.6,23,0.0675,3.31,0,0
54.86,6,0.2214,0.02,0,0
117.79,9,0.0261,13.75,0,0
38.73,13,0.0959,27.12,0,0
22.2,8,0.2085,26.95,1,0
57.84,15,0.1492,74.13,0,0
75.52,21,0.1697,30.69,0,0
86.52,8,0.069,5.17,0,0
66.7,6,0.1657,5.06,0,0
28.69,23,0.2557,11.72,0,0
59.0,6,0.2013,4.12,0,0
28.62,23,0.0167,25.91,0,0
17.82,6,0.2581,23.39,0,0
13.08,7,0.1799,26.96,1,0
64.15,19,0.2083,0.77,0,0
59.23,10,0.1304,17.28,0,0
33.29,7,0.3818,3.84,0,0
57.57,22,0.1924,22.28,0,0
17.42,15,0.2034,22.31,0,0
46.61,6,0.204,12.63,1,0
15.36,8,0.2033,0.4,0,0
61.11,4,0.2511,1.82,0,0
40.76,11,0.2768,2.15,0,0
35.84,11,0.0854,11.98,1,0
30.69,22,0.0681,0.02,1,0
52.41,0,0.1657,9.89,0,0
17.44,5,0.184,59.89,0,0
62.49,15,0.3194,3.94,0,0
28.43,19,0.2521,17.56,0,0
25.43,5,0.1767,11.02,0,0
27.23,21,0.2915,12.15,0,0
142.96,1,0.2108,46.97,0,0
100.07,1,0.3723,2.77,0,0
46.18,0,0.4616,10.49,0,0
43.02,11,0.1461,15.25,0,0
117.83,20,0.3463,12.49,0,0
58.3,23,0.109,5.81,0,0
37.8,20,0.0902,5.66,0,0
35.92,18,0.0698,24.99,1,0
71.86,18,0.2237,24.33,0,0
54.08,2,0.2608,2.57,0,0
69.4,10,0.2182,14.46,0,0
14.64,13,0.0655,17.2,1,0
31.55,19,0.045,36.1,0,0
58.67,12,0.0439,2.37,0,0
37.31,10,0.1557,1.62,0,0
32.49,22,0.1541,17.78,0,0
54.28,0,0.1947,30.84,1,0
52.85,1,0.0685,5.94,0,0
105.24,16,0.261,21.91,0,0
171.02,2,0.1454,2.53,0,0
80.8,19,0.1841,4.21,0,0
52.11,8,0.114,0.82,0,0
34.96,5,0.5455,35.16,0,0
124.51,15,0.36,1.95,0,0
101.32,12,0.129,0.76,0,0
162.33,13,0.1995,11.57,0,0
72.76,18,0.137,13.16,1,0
160.4,17,0.0946,3.42,0,0
46.64,2,0.2343,2.06,1,0
55.26,6,0.4635,11.53,0,0
59.92,14,0.0418,17.29,0,0
33.26,12,0.2245,5.81,0,0
139.78,20,0.3722,5.83,0,0
36.44,7,0.2237,0.17,0,0
62.12,11,0.276,15.77,1,0
83.09,12,0.2508,1.61,0,0
35.87,11,0.3527,0.01,0,0
97.01,0,0.4244,10.45,0,0
62.98,5,0.3083,1.63,0,0
24.92,18,0.1086,7.08,0,0
81.98,5,0.087,15.36,0,0
50.41,2,0.2946,103.11,0,0
80.57,9,0.1048,6.46,0,0
82.71,9,0.206,13.04,0,0
107.09,3,0.1433,7.65,0,0
151.38,4,0.078,14.84,0,0
275.74,13,0.1351,2.74,0,0
73.13,7,0.3038,9.6,0,0
92.74,14,0.3705,17.89,1,0
19.25,13,0.2833,7.36,0,0
32.06,10,0.1208,15.11,0,0
27.4,4,0.2318,15.44,0,0
34.62,5,0.2408,10.14,0,0
94.15,4,0.2876,19.15,0,0
309.41,4,0.1308,6.42,0,0
39.96,17,0.2009,39.9,0,0
18.15,21,0.1936,12.88,0,0
41.69,3,0.3026,16.02,0,0
57.49,10,0.1283,5.04,0,0
104.05,17,0.189,8.51,0,0
36.69,10,0.2324,16.23,0,0
76.56,0,0.1587,34.91,0,0
8.95,4,0.0522,6.28,0,0
13.66,14,0.1586,20.49,0,0
70.71,13,0.4928,8.11,0,0
68.72,16,0.0528,18.86,0,0
31.31,13,0.4398,0.86,0,0
46.62,2,0.1211,8.74,0,0
65.37,11,0.125,3.28,0,0
76.06,5,0.5722,18.76,0,0
24.56,14,0.1894,39.06,1,0
46.19,16,0.0507,3.81,0,0
64.63,11,0.4773,6.52,0,0
55.31,14,0.0465,2.26,0,0
40.01,2,0.3156,4.27,0,0
48.75,10,0.1676,1.35,0,0
87.96,20,0.0914,11.09,0,0
32.35,11,0.0865,16.73,1,0
35.66,6,0.1436,19.33,0,0
32.72,10,0.2198,8.39,0,0
36.78,21,0.2587,8.9,0,0
33.02,13,0.0199,7.42,0,0
40.64,0,0.1365,32.47,0,0
29.39,19,0.1959,4.28,0,0
32.3,22,0.1176,19.98,0,0
47.77,15,0.05,18.19,0,0
48.12,4,0.0828,0.69,0,0
23.55,14,0.1299,1.93,0,0
49.94,7,0.1085,13.2,0,0
40.7,12,0.2287,5.53,0,0
16.47,7,0.1093,8.23,0,0
23.5,15,0.099,62.76,0,0
20.83,16,0.1466,17.76,0,0
14.95,13,0.2624,6.91,0,0
42.37,14,0.1293,8.06,0,0
22.34,2,0.1133,13.83,0,0
212.44,7,0.1611,6.78,0,0
60.25,1,0.3731,12.13,0,0
13.48,13,0.097,24.45,1,0
101.59,22,0.079,23.85,0,0
105.59,19,0.4038,15.88,1,0
186.52,23,0.3044,26.78,0,0
14.37,9,0.1266,8.03,0,0
19.34,20,0.0415,9.97,0,0
71.37,23,0.3545,7.76,0,0
214.63,6,0.1924,24.43,0,0
24.5,10,0.2755,13.94,0,0
17.0,12,0.3279,1.83,0,0
33.13,10,0.1137,22.7,0,0
130.65,8,0.0549,6.11,0,0
24.65,11,0.3498,6.14,0,0
25.1,6,0.1208,1.09,0,0
46.61,16,0.2045,20.11,0,0
56.11,8,0.3148,0.93,0,0
34.91,3,0.0357,0.07,0,0
21.58,10,0.1882,9.23,0,0
14.16,2,0.184,52.31,0,0
77.26,10,0.1343,14.57,0,0
86.03,22,0.127,8.04,0,0
15.35,17,0.1145,37.51,0,0
69.18,14,0.0716,0.24,1,0
18.04,16,0.1145,9.72,0,0
42.05,23,0.3423,3.75,0,0
26.49,4,0.1463,2.73,0,0
60.84,5,0.0706,5.04,0,0
24.75,15,0.141,5.05,0,0
21.23,2,0.3191,11.02,0,0
63.06,11,0.1605,11.55,0,0
29.01,11,0.1918,8.09,0,0
48.78,12,0.2353,2.31,0,0
78.34,19,0.1355,1.1,0,0
70.11,6,0.1191,14.27,0,0
112.81,4,0.1736,36.38,0,0
106.51,23,0.0697,54.55,0,0
16.14,18,0.1111,1.77,0,0
38.02,3,0.2407,0.2,0,0
159.63,17,0.1019,70.27,0,0
62.29,11,0.2979,25.31,0,0
27.36,11,0.3035,6.4,0,0
64.31,14,0.188,14.27,0,0
43.29,9,0.1264,7.69,0,0
33.43,6,0.3512,0.83,1,0
56.6,15,0.2068,14.56,0,0
25.21,20,0.3622,34.5,0,0
48.32,8,0.2034,40.05,0,0
63.37,12,0.2356,4.62,0,0
68.95,0,0.161,14.1,0,0
43.24,0,0.2401,23.36,0,0
28.04,12,0.2355,4.17,0,0
31.6,11,0.3707,0.4,0,0
58.67,19,0.2298,8.94,0,0
43.16,11,0.0856,21.01,1,0
12.59,14,0.3574,6.28,0,0
47.72,3,0.1925,4.32,0,0
128.35,20,0.2152,22.09,0,0
36.35,8,0.0376,14.38,0,0
24.52,0,0.0453,84.6,1,0
83.2,15,0.0973,9.55,0,0
193.06,21,0.024,47.23,0,0
31.59,21,0.0996,0.3,0,0
46.65,22,0.2462,49.67,1,0
105.94,22,0.1773,28.97,0,0
73.35,22,0.2257,19.04,0,0
78.1,4,0.2358,2.9,0,0
56.89,16,0.159,8.28,0,0
5.78,9,0.1844,1.84,0,0
42.83,4,0.1835,4.8,0,0
26.41,22,0.3358,2.18,0,0
61.94,7,0.0451,0.81,1,0
116.1,2,0.1772,2.14,0,0
31.36,11,0.0945,15.49,0,0
15.15,4,0.2346,0.24,0,0
39.78,2,0.3067,40.74,0,0
18.82,9,0.2062,3.46,0,0
28.77,3,0.0412,0.91,0,0
48.98,13,0.0219,14.51,0,0
73.28,23,0.0502,12.54,0,0
17.37,19,0.1063,0.18,0,0
37.71,15,0.027,9.58,0,0
31.05,12,0.1195,48.57,0,0
21.47,4,0.1208,10.4,0,0
54.82,6,0.0813,3.99,0,0
147.35,6,0.4346,14.16,0,0
31.81,7,0.2586,13.45,0,0
44.78,5,0.4468,39.99,0,0
33.6,0,0.1955,24.5,0,0
13.95,3,0.699,20.49,0,0
31.72,20,0.0336,17.09,0,0
56.95,3,0.4304,1.28,0,0
46.97,17,0.1844,22.0,0,0
18.5,0,0.2061,18.65,0,0
23.73,16,0.3784,34.08,0,0
39.18,9,0.193,32.83,0,0
46.68,23,0.5273,5.42,0,0
31.8,3,0.3352,37.04,0,0
166.46,20,0.1522,25.26,0,0
39.81,1,0.3071,0.53,0,0
52.91,12,0.2236,7.0,0,0
41.36,0,0.1826,48.43,0,0
13.57,12,0.1925,10.92,0,0
47.14,19,0.3731,10.16,1,0
32.25,1,0.1113,6.62,0,0
66.13,18,0.3145,5.74,0,0
47.15,9,0.0512,30.8,0,0
38.41,3,0.1144,10.72,0,0
27.1,11,0.4059,3.94,0,0
45.08,10,0.1933,0.95,0,0
64.55,9,0.3402,0.84,0,0
50.78,12,0.0778,1.93,0,0
52.08,12,0.1742,13.0,0,0
62.27,13,0.3629,12.72,0,0
110.68,14,0.099,2.41,0,0
42.07,15,0.3818,9.19,0,0
27.31,22,0.2904,0.05,0,0
55.73,9,0.4264,14.47,0,0
36.94,20,0.3316,7.45,0,0
13.98,2,0.1536,14.51,0,0
15.48,2,0.2751,3.84,0,0
25.41,16,0.0624,4.31,0,0
36.23,9,0.1124,9.27,0,0
62.34,17,0.0105,5.15,0,0
21.33,22,0.0681,15.04,0,0
39.78,23,0.0547,2.11,0,0
26.61,10,0.318,1.51,0,0
82.32,10,0.3544,7.63,1,0
61.0,9,0.0167,15.46,0,0
23.33,7,0.1901,14.34,0,0
68.5,4,0.3344,56.99,0,0
65.37,12,0.3413,12.52,0,0
41.23,2,0.1178,12.17,0,0
35.56,1,0.809,125.13,1,1
64.86,1,0.1202,1.33,0,0
90.28,1,0.1515,5.07,0,0
21.33,11,0.1767,17.47,0,0
34.94,19,0.3143,20.76,0,0
46.75,11,0.0309,3.89,0,0
151.51,15,0.5084,2.19,0,0
82.2,19,0.3649,22.61,0,0
39.92,19,0.14,8.58,0,0
19.36,0,0.1505,33.05,0,0
23.16,14,0.2913,21.88,0,0
29.8,17,0.2076,75.72,0,0
25.79,9,0.2129,6.91,0,0
17.75,15,0.3061,21.34,0,0
18.89,15,0.1128,7.23,0,0
20.27,17,0.1084,14.79,0,0
119.21,1,0.2741,10.01,0,0
74.37,10,0.2583,45.69,0,0
138.02,6,0.1161,14.65,1,0
50.13,18,0.2069,4.25,0,0
33.67,15,0.0902,8.28,0,0
18.85,3,0.031,0.89,0,0
88.59,23,0.0213,10.14,0,0
9.8,3,0.2391,10.13,0,0
45.93,9,0.3858,1.4,0,0
15.34,20,0.1484,29.46,0,0
75.55,6,0.376,9.0,0,0
118.32,21,0.1679,3.84,0,0
86.49,10,0.1809,18.58,0,0
23.44,1,0.1478,2.5,0,0
29.79,1,0.0532,24.01,0,0
14.35,7,0.0535,0.39,0,0
75.94,16,0.2137,73.72,0,0
46.24,14,0.0718,6.44,0,0
86.32,7,0.3049,23.56,0,0
56.02,18,0.2347,0.72,0,0
15.26,5,0.257,12.19,1,0
109.88,20,0.2328,21.09,0,0
46.77,18,0.5156,18.32,0,0
119.12,23,0.197,16.71,0,0
63.29,6,0.2399,20.56,1,0
37.48,11,0.4156,4.77,0,0
39.31,3,0.2316,58.32,1,0
32.84,12,0.0736,32.79,1,0
41.87,20,0.1198,5.51,0,0
33.67,0,0.3057,2.31,0,0
97.93,20,0.1127,6.13,0,0
52.24,0,0.0215,14.2,0,0
49.53,20,0.1083,4.12,1,0
53.64,7,0.1585,14.69,0,0
38.35,6,0.3009,40.39,0,0
40.75,13,0.069,2.23,0,0
43.49,4,0.0751,11.11,0,0
18.78,2,0.2065,2.53,1,0
63.77,13,0.3149,0.66,0,0
35.1,11,0.1803,4.11,0,0
48.26,18,0.105,2.57,0,0
80.15,7,0.0722,2.77,0,0
18.13,20,0.4164,7.6,0,0
53.34,10,0.1664,3.48,0,0
21.47,13,0.095,0.72,0,0
68.98,15,0.1956,28.65,0,0
31.53,1,0.3254,3.83,1,0
119.64,17,0.171,26.06,0,0
32.23,2,0.1598,32.61,0,0
139.81,1,0.1051,11.06,0,0
130.81,11,0.1053,6.61,0,0
12.62,4,0.1799,4.2,0,0
54.31,19,0.4796,7.44,0,0
76.65,18,0.1124,11.38,0,0
45.94,17,0.1588,3.93,0,0
40.17,16,0.0581,21.65,0,0
49.7,5,0.3552,58.93,0,0
44.3,23,0.0847,12.4,0,0
61.01,9,0.2874,18.49,0,0
99.69,19,0.1432,67.78,0,0
43.89,6,0.0422,16.31,0,0
44.76,12,0.3084,13.94,0,0
65.33,2,0.1029,18.1,1,0
57.78,20,0.2294,23.56,0,0
85.13,1,0.4233,7.94,0,0
27.73,23,0.1254,11.31,0,0
68.21,17,0.4522,17.61,0,0
52.64,4,0.1282,14.15,0,0
22.6,20,0.4369,23.96,0,0
45.71,22,0.3547,5.12,0,0
117.04,4,0.1087,10.05,0,0
103.21,0,0.1727,21.16,0,0
76.55,14,0.1291,12.99,0,0
50.11,1,0.1141,15.52,0,0
38.89,6,0.0623,0.45,0,0
177.3,13,0.1179,7.76,0,0
53.81,18,0.2357,14.25,0,0
102.05,16,0.2006,2.51,1,0
45.04,13,0.2461,6.73,0,0
57.78,20,0.1579,25.32,0,0
23.29,21,0.2946,8.38,0,0
38.34,6,0.0742,35.36,0,0
43.72,11,0.2265,67.64,0,0
73.14,6,0.0536,15.92,0,0
21.48,20,0.553,15.88,1,0
83.54,16,0.1916,15.78,0,0
177.28,14,0.1913,2.81,0,0
78.86,21,0.0113,16.19,0,0
74.47,7,0.1273,8.28,0,0
172.55,14,0.4324,37.34,0,0
91.85,7,0.3629,21.25,0,0
120.76,23,0.2636,7.45,0,0
36.97,17,0.3955,41.4,0,0
57.45,18,0.0211,4.07,0,0
47.23,23,0.1366,4.71,0,0
31.09,8,0.3239,3.58,1,0
30.64,15,0.0601,16.42,0,0
148.95,9,0.1618,20.26,1,0
48.97,8,0.2329,0.52,0,0
33.18,10,0.097,12.8,0,0
74.71,8,0.1811,3.21,0,0
52.55,11,0.2026,2.28,0,0
64.32,19,0.1978,32.72,0,0
90.68,7,0.0615,7.68,0,0
118.97,16,0.1622,17.07,1,0
46.13,2,0.127,15.88,0,0
206.79,10,0.1453,15.07,0,0
25.8,13,0.1254,9.7,0,0
15.72,20,0.1023,1.53,0,0
44.27,19,0.4007,5.91,0,0
32.7,8,0.1146,10.63,0,0
100.13,9,0.1442,39.25,0,0
50.21,0,0.0466,32.25,0,0
16.31,4,0.0672,20.41,0,0
33.04,13,0.0713,0.52,0,0
21.34,13,0.1021,20.94,0,0
11.39,15,0.2547,32.93,0,0
33.14,13,0.0305,28.48,1,0
17.82,19,0.2781,4.53,0,0
19.96,3,0.2258,7.24,0,0
16.23,3,0.0804,2.29,1,0
123.87,22,0.2755,17.1,1,0
14.57,20,0.1884,5.83,0,0
64.01,16,0.436,31.75,0,0
53.82,12,0.4195,26.08,0,0
56.42,4,0.3187,18.97,0,0
128.0,18,0.1822,3.23,0,0
23.18,12,0.3351,1.62,0,0
13.7,6,0.0569,22.08,1,0
34.96,0,0.2218,0.67,0,0
38.78,2,0.2413,10.82,0,0
70.07,4,0.2249,1.3,0,0
55.86,18,0.0212,0.02,0,0
72.45,10,0.285,14.94,0,0
133.87,2,0.1516,2.78,1,0
48.93,5,0.2936,0.21,0,0
46.62,15,0.0643,4.16,0,0
129.5,21,0.4441,1.84,0,0
27.62,22,0.3269,2.3,1,0
64.78,8,0.261,7.92,0,0
33.0,8,0.256,25.82,0,0
105.42,0,0.1407,21.67,0,0
31.37,20,0.4682,31.04,0,0
53.0,5,0.1771,13.53,0,0
44.04,12,0.4685,22.11,0,0
65.15,21,0.0892,0.96,0,0
106.99,6,0.0121,10.92,0,0
37.9,17,0.2634,6.9,1,0
36.23,3,0.2626,14.73,0,0
51.24,4,0.1705,1.91,0,0
19.11,19,0.4263,50.85,0,0
129.34,10,0.1444,13.98,0,0
62.46,20,0.2003,16.4,1,0
80.32,16,0.0448,28.63,0,0
56.79,16,0.0741,24.86,0,0
39.8,17,0.4097,5.13,0,0
18.21,17,0.3239,2.94,0,0
36.78,6,0.3367,3.52,0,0
155.49,23,0.2395,3.55,0,0
85.9,3,0.1221,8.55,1,0
48.34,22,0.335,0.62,0,0
58.77,23,0.2413,8.09,0,0
26.79,14,0.1785,35.02,0,0
32.67,21,0.1252,39.55,1,0
55.4,21,0.2167,16.01,0,0
70.13,2,0.4363,22.28,0,0
25.75,14,0.2695,2.66,0,0
21.04,20,0.172,5.7,0,0
19.27,12,0.1386,3.73,0,0
24.29,14,0.2351,3.85,1,0
88.79,16,0.0325,40.57,0,0
39.5,23,0.0761,19.25,0,0
33.53,11,0.1534,1.83,0,0
50.33,16,0.1269,5.38,0,0
36.39,20,0.1983,7.8,0,0
92.74,3,0.2335,13.89,0,0
134.93,12,0.1114,17.97,0,0
41.81,8,0.1879,11.46,0,0
13.33,1,0.1073,35.59,0,0
20.83,15,0.04,28.1,0,0
77.95,2,0.4194,20.14,0,0
54.48,13,0.072,11.91,0,0
11.62,2,0.1238,14.58,0,0
22.51,20,0.1876,10.94,1,0
54.04,7,0.3486,8.09,0,0
54.96,9,0.1241,37.1,0,0
25.48,16,0.086,3.14,0,0
41.3,5,0.4267,3.53,0,0
87.09,3,0.3347,13.55,0,0
24.89,4,0.4201,35.98,0,0
11.18,0,0.4916,1.75,0,0
100.62,18,0.4618,24.72,0,0
25.12,12,0.3278,18.06,0,0
30.57,9,0.2026,44.39,0,0
50.52,19,0.2738,3.75,0,0
126.1,17,0.3799,1.51,0,0
67.66,17,0.0717,3.33,0,0
11.78,21,0.1423,14.89,0,0
21.43,11,0.073,31.0,0,0
108.82,17,0.1165,8.6,0,0
71.79,6,0.1872,6.84,0,0
48.07,13,0.463,14.86,0,0
76.3,11,0.079,1.42,0,0
32.65,21,0.5096,36.39,0,0
56.6,10,0.3885,6.02,0,0
23.39,11,0.2414,3.86,0,0
24.19,10,0.3843,4.77,0,0
88.9,17,0.3365,1.13,0,0
48.9,20,0.1173,22.87,0,0
62.27,8,0.1951,21.13,0,0
27.61,4,0.2276,28.21,0,0
30.8,6,0.405,8.17,0,0
16.27,9,0.0897,34.45,0,0
97.61,9,0.0956,51.54,0,0
68.3,13,0.0758,16.95,0,0
37.97,23,0.3387,33.51,0,0
25.41,19,0.3028,3.59,0,0
36.79,20,0.1185,12.45,0,0
10.83,6,0.3245,3.73,0,0
108.47,1,0.4148,10.67,0,0
48.93,21,0.3284,0.55,0,0
56.95,8,0.1383,8.97,0,0
87.51,18,0.2194,80.51,1,0
14.28,21,0.4125,1.75,0,0
25.51,3,0.3217,29.25,0,0
14.96,10,0.1804,1.91,0,0
171.74,12,0.1472,0.04,0,0
103.72,21,0.1176,19.66,0,0
179.06,9,0.4437,18.53,0,0
55.79,9,0.1751,3.3,1,0
58.03,2,0.1921,9.93,0,0
33.71,11,0.0553,4.39,0,0
59.65,19,0.1203,21.38,0,0
17.63,21,0.0929,7.3,0,0
36.96,23,0.0501,20.12,0,0
24.69,2,0.1951,19.68,0,0
69.34,1,0.064,35.59,0,0
69.71,13,0.2619,26.53,0,0
75.89,1,0.022,3.23,1,0
28.17,3,0.1212,25.17,0,0
56.32,17,0.1264,7.28,0,0
52.61,6,0.1722,1.85,0,0
123.3,6,0.0954,5.5,0,0
28.58,2,0.4517,1.39,0,0
56.32,5,0.0406,0.38,0,0
26.98,1,0.1207,23.24,0,0
71.32,12,0.0817,8.89,0,0
47.05,19,0.05,15.22,0,0
82.48,22,0.1822,25.11,0,0
21.26,2,0.1988,8.98,0,0
14.94,22,0.1516,19.51,1,0
13.05,20,0.27,28.85,0,0
35.4,2,0.0658,35.19,0,0
53.28,21,0.1252,11.2,0,0
19.84,2,0.057,1.3,0,0
24.47,8,0.1871,20.12,0,0
66.04,19,0.2134,4.76,0,0
55.78,4,0.1059,5.55,0,0
50.37,19,0.3296,49.79,0,0
32.96,2,0.2948,17.91,0,0
27.9,23,0.1312,30.41,0,0
57.47,21,0.2612,1.89,0,0
40.15,23,0.2716,35.55,0,0
73.22,17,0.2301,9.15,0,0
28.63,0,0.4294,28.4,0,0
46.81,21,0.3483,27.86,0,0
144.03,11,0.1143,9.52,0,0
124.64,17,0.231,17.2,0,0
25.3,21,0.2572,26.85,0,0
37.37,7,0.5253,5.78,0,0
43.97,6,0.3925,20.54,0,0
111.92,16,0.2173,13.58,0,0
25.33,15,0.2112,2.43,0,0
38.1,8,0.18,6.16,0,0
76.63,6,0.1823,20.99,0,0
41.98,10,0.1646,13.62,0,0
58.0,9,0.0375,47.7,0,0
23.17,6,0.3564,25.58,0,0
31.57,13,0.4422,24.77,0,0
91.95,16,0.191,14.25,0,0
17.86,8,0.0973,36.69,0,0
45.23,16,0.0684,5.41,0,0
33.59,9,0.0639,19.59,0,0
50.13,18,0.2315,20.82,0,0
60.49,0,0.4154,23.3,0,0
18.2,14,0.4154,25.05,0,0
64.56,12,0.2343,4.96,0,0
51.56,4,0.0771,1.85,0,0
54.66,10,0.1879,40.92,0,0
20.73,0,0.0605,15.98,0,0
38.96,23,0.4789,2.31,0,0
52.52,5,0.1298,4.25,1,0
38.96,23,0.2702,22.13,0,0
107.51,22,0.3463,18.94,0,0
83.71,20,0.2476,16.11,0,0
42.77,8,0.1735,42.82,0,0
20.11,4,0.1066,6.51,0,0
92.53,7,0.1509,3.29,0,0
50.6,15,0.1845,20.39,0,0
60.69,22,0.0871,2.68,0,0
42.22,20,0.243,4.64,0,0
53.75,18,0.3437,14.55,0,0
135.37,15,0.3778,4.41,0,0
26.8,3,0.2277,5.7,0,0
179.23,12,0.1188,0.03,0,0
12.01,18,0.2011,25.13,0,0
42.78,8,0.1685,37.94,0,0
61.95,11,0.1319,24.81,0,0
51.84,22,0.2641,15.24,0,0
32.32,6,0.1994,4.38,1,0
53.42,9,0.4307,11.07,1,0
137.65,6,0.0749,62.43,0,0
81.11,12,0.2502,5.37,0,0
41.02,1,0.0895,6.39,0,0
49.68,13,0.1538,1.87,0,0
57.53,17,0.5221,5.77,0,0
9.39,4,0.1685,8.96,0,0
52.82,1,0.3875,14.46,0,0
43.19,5,0.4238,16.33,0,0
58.6,0,0.1437,18.44,0,0
23.75,3,0.4,6.15,0,0
21.64,15,0.1454,28.73,0,0
215.06,19,0.083,0.03,0,0
22.07,14,0.0499,56.39,0,0
26.87,10,0.2692,8.04,0,0
53.72,14,0.152,14.01,0,0
78.66,20,0.2547,14.33,0,0
68.01,13,0.2278,3.34,1,0
46.1,7,0.2498,3.6,0,0
32.59,15,0.1876,5.05,0,0
48.47,19,0.0831,38.2,0,0
21.31,18,0.0768,13.12,0,0
67.15,3,0.3174,1.65,1,0
18.51,6,0.4918,26.08,0,0
24.25,8,0.0503,61.13,0,0
85.23,16,0.1408,8.9,0,0
41.77,20,0.1972,18.99,1,0
52.94,17,0.2898,7.35,0,0
35.64,0,0.059,1.63,0,0
53.61,6,0.2695,2.23,1,0
32.05,23,0.0248,51.64,0,0
31.67,7,0.3308,5.45,0,0
19.02,13,0.1549,11.81,0,0
39.62,2,0.1482,3.95,0,0
31.94,20,0.1283,23.98,0,0
17.79,22,0.0459,0.16,1,0
24.66,4,0.5705,21.44,0,0
13.69,4,0.1371,5.37,0,0
29.79,19,0.2258,22.22,0,0
134.06,22,0.289,10.0,1,0
19.2,14,0.0314,5.6,0,0
111.21,8,0.2667,12.25,0,0
14.36,19,0.165,9.89,0,0
49.65,5,0.1301,4.05,0,0
67.38,3,0.4627,1.71,0,0
9.1,20,0.1098,18.04,0,0
22.4,14,0.1204,35.49,0,0
107.77,1,0.3494,4.55,0,0
77.96,7,0.2492,19.68,0,0
43.07,10,0.096,11.39,0,0
12.56,15,0.0953,1.34,0,0
54.41,19,0.2836,30.65,1,0
60.23,16,0.2231,15.46,0,0
75.83,5,0.0923,13.24,0,0
105.26,8,0.3366,20.31,0,0
33.96,16,0.2082,2.43,0,0
32.31,15,0.2267,5.82,0,0
157.28,19,0.1537,71.33,0,0
41.7,13,0.1074,9.09,1,0
12.57,2,0.0821,0.89,0,0
54.69,12,0.5233,14.07,0,0
20.03,20,0.389,5.7,0,0
22.23,0,0.1874,38.21,0,0
24.82,18,0.3979,0.58,0,0
69.11,5,0.183,14.35,0,0
20.72,12,0.218,5.15,0,0
7.25,19,0.2689,27.99,0,0
89.1,18,0.2633,2.12,0,0
15.72,18,0.0591,10.72,0,0
100.36,16,0.129,5.59,0,0
149.1,3,0.1073,10.45,0,0
20.04,6,0.002,8.39,0,0
35.41,12,0.1883,13.96,0,0
23.08,7,0.272,31.35,0,0
91.06,7,0.1319,3.28,1,0
28.93,11,0.1944,11.6,0,0
10.94,2,0.141,4.41,0,0
9.98,16,0.1134,6.76,1,0
213.53,14,0.0939,6.62,0,0
134.38,7,0.1917,2.38,0,0
40.87,4,0.1457,14.94,0,0
35.18,23,0.1357,4.2,0,0
117.38,0,0.3155,8.67,0,0
23.52,12,0.1638,10.94,0,0
6.44,18,0.1429,5.77,0,0
61.27,14,0.2266,34.0,0,0
23.21,3,0.2827,1.44,0,0
31.14,0,0.0771,32.59,0,0
61.39,13,0.1814,7.78,0,0
27.2,1,0.2413,4.28,1,0
77.03,13,0.3417,0.1,0,0
32.08,4,0.1217,8.1,0,0
63.73,19,0.1583,17.63,1,0
90.46,4,0.1876,7.99,0,0
13.0,9,0.3526,0.98,1,0
61.35,9,0.116,0.59,0,0
56.63,1,0.1205,24.65,0,0
13.33,21,0.2999,16.08,0,0
36.13,11,0.2091,0.37,0,0
80.18,12,0.2277,50.72,0,0
45.02,0,0.0174,32.13,0,0
29.67,1,0.1814,46.72,0,0
43.81,5,0.1032,26.7,0,0
18.17,0,0.3835,8.72,0,0
16.26,17,0.5274,8.44,0,0
90.26,18,0.0994,7.29,0,0
9.68,10,0.1114,10.4,0,0
241.33,8,0.2727,20.97,0,0
18.71,9,0.1825,0.21,0,0
6.04,13,0.1722,28.98,0,0
54.57,4,0.0868,11.66,0,0
14.77,0,0.3398,28.42,0,0
138.54,11,0.2467,27.97,0,0
162.8,13,0.3549,5.61,0,0
17.28,23,0.3037,38.66,0,0
323.24,4,0.1372,20.86,1,0
77.89,9,0.4934,11.74,1,0
84.79,15,0.2394,2.72,0,0
20.24,16,0.1023,6.86,1,0
26.79,20,0.0206,16.86,0,0
58.13,12,0.3431,34.68,0,0
45.19,9,0.0421,0.14,0,0
67.24,7,0.139,6.63,0,0
19.1,18,0.1486,1.47,0,0
50.61,15,0.1555,32.51,0,0
114.4,15,0.1924,32.61,0,0
133.82,3,0.2675,23.68,0,0
108.56,12,0.0355,4.45,0,0
31.77,21,0.3927,11.91,0,0
23.63,16,0.1911,29.86,1,0
24.83,7,0.2258,2.06,0,0
18.61,14,0.3382,14.94,0,0
53.48,22,0.4879,9.77,0,0
16.49,23,0.0063,2.26,0,0
40.7,7,0.2222,18.66,0,0
56.12,22,0.3658,2.52,0,0
42.12,2,0.3941,13.0,0,0
23.47,0,0.2772,1.58,0,0
108.99,12,0.1479,5.47,0,0
71.27,15,0.0421,17.01,0,0
75.0,21,0.3516,0.98,0,0
26.27,12,0.3328,5.25,1,0
10.51,15,0.1608,31.01,0,0
40.9,14,0.1053,24.57,0,0
65.68,9,0.1782,18.63,0,0
94.91,20,0.2066,26.15,0,0
116.3,15,0.0446,30.06,0,0
27.73,8,0.2564,5.01,0,0
21.57,4,0.0598,4.64,0,0
39.65,0,0.1945,10.8,0,0
15.33,17,0.4129,3.11,0,0
73.49,4,0.0856,44.36,0,0
43.67,8,0.2314,23.59,0,0
79.66,0,0.1741,30.56,0,0
75.96,22,0.1723,6.47,0,0
62.65,16,0.2135,12.51,0,0
34.57,13,0.2446,15.77,0,0
51.67,2,0.2255,29.78,0,0
143.0,11,0.5342,28.01,0,0
42.36,23,0.1553,2.76,0,0
90.96,8,0.1634,33.11,0,0
68.68,23,0.1863,31.38,0,0
35.5,16,0.4219,9.06,1,0
38.0,23,0.0909,7.37,1,0
35.86,15,0.2288,14.39,1,0
42.35,16,0.5664,212.96,0,1
51.14,0,0.2298,9.2,0,0
22.87,10,0.2602,0.29,0,0
34.76,11,0.1711,21.44,0,0
70.8,1,0.1333,7.64,0,0
41.6,4,0.3496,5.34,0,0
57.03,18,0.0455,31.83,0,0
95.51,22,0.394,4.13,0,0
100.28,0,0.0993,4.25,0,0
28.05,1,0.0637,18.41,0,0
22.32,21,0.3904,2.08,0,0
42.07,20,0.223,24.84,0,0
62.81,21,0.2196,12.24,0,0
98.36,3,0.3489,58.91,0,0
149.33,3,0.155,7.57,0,0
8.86,16,0.203,0.22,0,0
37.39,20,0.0281,5.41,0,0
88.11,5,0.0153,18.12,1,0
30.4,1,0.104,23.31,0,0
18.47,21,0.0854,25.14,0,0
29.16,23,0.2829,2.79,0,0
58.2,16,0.3549,16.12,0,0
19.04,9,0.045,13.75,0,0
22.16,7,0.2356,16.43,0,0
58.74,8,0.3042,34.63,1,0
51.6,12,0.0838,27.82,0,0
128.53,22,0.3057,6.55,0,0
140.01,16,0.1538,10.2,0,0
31.96,23,0.2607,4.98,0,0
44.48,18,0.4135,5.76,0,0
47.33,5,0.2067,47.55,0,0
30.99,3,0.0751,9.06,0,0
30.13,10,0.2073,1.14,0,0
37.97,9,0.1957,6.59,0,0
30.67,1,0.0422,33.64,0,0
33.17,20,0.098,4.5,0,0
31.96,6,0.2078,13.61,0,0
52.57,14,0.1128,1.13,0,0
103.79,20,0.237,8.22,1,0
30.21,18,0.3086,10.51,0,0
31.64,7,0.2644,5.73,0,0
174.51,7,0.2905,16.01,0,0
28.49,0,0.3124,1.63,0,0
30.02,14,0.1645,1.55,0,0
79.78,5,0.1268,6.27,0,0
58.53,14,0.2587,1.98,0,0
31.53,15,0.0709,6.38,1,0
53.47,4,0.1297,5.27,0,0
4.45,1,0.2088,6.08,0,0
15.67,14,0.3155,24.9,0,0
38.36,23,0.2349,0.65,0,0
18.18,9,0.0532,30.29,0,0
65.88,14,0.1567,6.72,0,0
13.03,21,0.2373,3.17,0,0
63.25,13,0.4045,43.06,0,0
44.81,2,0.1051,1.05,0,0
44.23,19,0.3018,5.07,0,0
28.19,12,0.1035,52.01,1,0
44.62,5,0.1269,3.07,0,0
20.49,6,0.1167,1.85,0,0
24.67,2,0.2293,12.9,0,0
76.74,8,0.2007,21.51,1,0
17.21,9,0.2341,3.66,0,0
31.02,9,0.1759,64.96,0,0
136.61,15,0.3674,59.86,0,0
32.94,20,0.1676,32.36,0,0
33.21,15,0.2247,5.48,0,0
37.85,9,0.3365,0.86,1,0
7.94,9,0.0936,1.88,0,0
95.12,12,0.2073,97.56,0,0
50.22,21,0.2201,22.45,0,0
107.29,11,0.0911,30.41,1,0
30.36,13,0.1085,22.51,0,0
30.78,9,0.1001,50.48,0,0
613.58,4,0.7626,219.24,1,1
33.05,3,0.3438,7.08,0,0
18.2,21,0.2724,17.31,0,0
31.2,22,0.1375,10.26,0,0
74.21,20,0.1569,0.4,0,0
41.7,12,0.138,50.4,0,0
41.59,1,0.0715,8.83,0,0
114.4,8,0.2676,4.14,0,0
18.67,12,0.1395,16.91,0,0
20.77,12,0.0849,3.26,0,0
14.95,17,0.1389,10.56,0,0
9.19,16,0.324,0.86,0,0
60.96,2,0.4027,6.35,0,0
47.11,20,0.2254,5.91,0,0
10.35,8,0.0812,2.22,1,0
34.71,14,0.0715,5.22,0,0
31.02,14,0.3298,4.83,0,0
50.17,6,0.0683,3.77,0,0
29.71,1,0.3869,21.59,0,0
42.99,1,0.1711,2.24,1,0
33.06,22,0.1986,18.4,0,0
71.08,8,0.3176,25.82,0,0
48.36,16,0.1724,0.02,0,0
18.3,6,0.1465,27.58,1,0
37.1,1,0.3971,1.75,0,0
70.38,3,0.2878,12.47,0,0
36.57,2,0.1647,3.29,0,0
56.52,19,0.1016,4.46,0,0
67.75,9,0.3929,6.53,0,0
78.79,21,0.1344,2.47,0,0
26.01,5,0.1228,1.26,0,0
72.78,9,0.1659,8.88,0,0
73.87,20,0.3144,6.83,1,0
72.45,0,0.1849,16.25,0,0
23.6,17,0.1382,7.46,1,0
29.38,19,0.0498,13.63,0,0
60.35,6,0.2575,0.79,0,0
62.25,22,0.5201,49.75,0,0
63.49,1,0.1463,13.35,0,0
115.9,7,0.249,6.33,0,0
30.01,19,0.1572,2.93,0,0
53.8,13,0.0665,3.27,0,0
16.37,11,0.3348,58.57,1,0
32.92,11,0.2302,54.82,0,0
30.19,10,0.0968,0.69,0,0
43.11,10,0.0644,0.43,0,0
39.37,4,0.0994,6.49,0,0
214.24,9,0.3814,29.57,1,0
43.14,3,0.2488,5.72,0,0
236.13,13,0.1476,31.42,0,0
47.52,22,0.4195,23.83,1,0
268.78,20,0.0748,0.21,0,0
77.78,8,0.2306,38.96,0,0
31.27,12,0.0527,9.08,0,0
51.46,17,0.2843,6.74,0,0
78.75,2,0.3239,16.42,0,0
94.64,17,0.29,9.96,1,0
57.01,19,0.0395,9.59,0,0
43.4,18,0.1442,0.43,0,0
44.25,9,0.4851,8.56,0,0
19.67,5,0.1629,26.71,0,0
48.48,1,0.186,20.48,0,0
20.78,22,0.1832,12.75,0,0
24.22,23,0.447,6.96,1,0
94.31,13,0.4795,39.99,0,0
51.17,5,0.0805,3.77,0,0
36.59,4,0.162,4.12,0,0
67.74,22,0.1903,11.12,0,0
28.34,9,0.2289,35.86,0,0
37.08,18,0.2063,8.98,1,0
97.12,6,0.4267,2.68,0,0
34.18,10,0.2861,25.79,0,0
235.75,17,0.0043,4.21,0,0
26.78,1,0.2499,11.99,0,0
58.81,18,0.2996,52.18,0,0
140.18,18,0.0461,6.22,0,0
57.48,18,0.0976,2.09,0,0
61.5,20,0.4138,29.04,1,0
64.07,17,0.0933,5.86,1,0
13.26,23,0.2226,30.83,0,0
33.92,14,0.2497,2.86,0,0
91.21,6,0.1409,12.23,0,0
74.54,22,0.281,16.55,0,0
32.03,16,0.0954,33.29,0,0
78.45,7,0.2109,10.05,0,0
52.1,23,0.2357,33.58,0,0
14.11,20,0.1822,5.87,0,0
90.45,15,0.2472,13.99,0,0
39.75,22,0.3915,31.31,0,0
29.87,12,0.1522,53.06,0,0
60.43,23,0.0184,10.33,0,0
7.98,2,0.1717,34.39,0,0
17.98,16,0.5161,23.49,0,0
22.82,13,0.2348,73.75,0,0
50.82,4,0.233,20.32,0,0
89.75,22,0.2116,3.53,0,0
20.2,13,0.1237,52.21,0,0
32.17,3,0.1132,7.62,0,0
76.38,19,0.1949,11.98,0,0
37.85,12,0.0612,7.49,0,0
67.01,21,0.2562,23.38,0,0
133.51,16,0.2054,11.94,0,0
39.46,11,0.2196,0.69,0,0
32.33,16,0.1703,2.69,0,0
28.98,18,0.0817,19.39,0,0
28.48,14,0.0729,3.04,0,0
60.66,15,0.3704,3.16,0,0
40.91,16,0.1347,17.23,0,0
71.44,9,0.0753,38.24,0,0
7.32,9,0.2494,2.24,0,0
25.77,18,0.0904,1.69,0,0
39.3,16,0.6878,25.01,0,0
13.17,12,0.1066,4.76,0,0
185.94,13,0.0579,5.09,0,0
60.64,1,0.1848,0.76,0,0
22.46,19,0.1937,0.71,1,0
42.02,19,0.1704,4.62,0,0
106.7,20,0.2601,6.69,0,0
39.85,4,0.4313,3.6,1,0
52.66,16,0.2615,5.0,0,0
46.41,6,0.0741,6.36,0,0
72.37,16,0.3195,5.82,0,0
12.76,4,0.1223,20.65,0,0
96.28,16,0.0626,6.92,0,0
26.74,1,0.3302,16.31,0,0
74.11,17,0.3822,0.33,0,0
40.68,21,0.1315,15.73,0,0
25.28,21,0.2808,12.48,1,0
166.11,5,0.0067,2.16,0,0
54.45,13,0.1359,0.07,0,0
51.63,2,0.3347,3.99,0,0
26.16,9,0.3441,3.69,0,0
275.56,16,0.1082,18.96,0,0
20.2,14,0.0875,53.12,0,0
73.81,7,0.0767,16.08,0,0
84.83,16,0.0831,7.46,1,0
24.49,18,0.0339,34.22,0,0
43.37,13,0.2273,2.41,0,0
49.45,21,0.1308,24.14,0,0
27.56,10,0.0807,1.95,0,0
215.0,20,0.3234,8.13,0,0
58.2,20,0.2368,4.03,0,0
47.86,2,0.3,3.73,1,0
14.39,6,0.1222,8.13,0,0
92.99,0,0.2778,0.15,0,0
48.23,1,0.2156,44.98,0,0
41.14,10,0.4013,51.06,0,0
36.85,14,0.5197,11.3,0,0
121.61,12,0.0714,1.58,0,0
24.7,22,0.1162,25.97,0,0
61.51,23,0.1416,15.01,0,0
35.85,0,0.0281,14.61,0,0
75.92,18,0.1006,18.31,0,0
253.94,12,0.2095,10.69,0,0
172.47,21,0.1883,27.11,0,0
9.36,14,0.1105,4.55,0,0
75.74,3,0.0319,7.84,0,0
25.34,6,0.3726,3.75,1,0
46.94,11,0.2227,7.77,1,0
208.92,20,0.1165,9.0,0,0
32.19,19,0.1895,12.59,1,0
56.27,15,0.0155,0.04,0,0
26.61,12,0.1927,41.78,0,0
106.68,10,0.259,2.02,1,0
26.09,4,0.3034,19.27,0,0
36.45,5,0.2453,21.98,0,0
112.55,13,0.0125,4.77,0,0
32.56,14,0.03,1.66,0,0
109.09,7,0.1035,6.28,0,0
113.94,7,0.4746,0.91,0,0
46.65,4,0.1679,6.65,0,0
35.49,15,0.1337,48.82,0,0
95.92,15,0.1965,4.79,1,0
41.62,0,0.2128,0.53,0,0
22.54,20,0.1442,11.02,0,0
33.11,8,0.3799,5.17,0,0
26.24,15,0.4083,39.09,0,0
25.45,18,0.0283,0.09,0,0
32.18,22,0.2126,0.35,0,0
174.4,15,0.3583,37.04,1,0
10.92,13,0.2342,20.14,0,0
72.55,3,0.2072,6.41,0,0
30.18,15,0.1236,44.51,0,0
76.35,17,0.3865,12.99,0,0
20.0,6,0.1769,3.29,0,0
25.36,13,0.2858,1.74,0,0
33.55,17,0.1189,52.91,0,0
40.8,13,0.2389,6.81,1,0
386.62,22,0.3558,7.66,0,0
251.44,6,0.2579,11.97,1,0
38.95,5,0.1907,16.21,0,0
47.82,4,0.228,13.59,0,0
106.25,0,0.1655,4.62,0,0
31.91,7,0.2357,20.0,0,0
126.35,1,0.1865,1.94,0,0
21.24,8,0.2643,14.56,0,0
17.15,22,0.488,4.66,0,0
73.28,10,0.1876,5.63,0,0
61.45,8,0.384,30.23,0,0
52.92,10,0.0427,3.21,0,0
21.81,23,0.0977,4.43,0,0
31.73,9,0.0581,6.17,0,0
187.19,8,0.1732,14.94,1,0
33.71,9,0.0323,7.55,0,0
8.82,11,0.1943,2.46,0,0
22.47,19,0.0573,1.95,0,0
53.7,15,0.3381,4.0,0,0
72.04,6,0.2268,4.7,0,0
92.76,2,0.1459,15.36,0,0
53.45,3,0.0724,14.6,0,0
21.99,16,0.1052,1.75,0,0
14.75,17,0.1255,2.15,0,0
96.29,1,0.3548,10.41,0,0
46.98,11,0.1232,0.38,0,0
23.17,4,0.0961,4.18,0,0
89.76,5,0.231,57.02,0,0
89.88,21,0.4696,5.5,0,0
29.95,1,0.1799,4.68,0,0
72.27,20,0.2769,38.88,0,0
65.04,8,0.1136,65.75,0,0
25.45,17,0.3126,26.62,0,0
83.46,16,0.1072,27.75,0,0
53.38,10,0.1385,14.76,0,0
96.18,17,0.0497,6.92,0,0
45.42,11,0.0567,17.77,0,0
87.63,3,0.1884,11.02,0,0
54.61,4,0.1208,1.55,1,0
55.29,5,0.0458,24.02,0,0
74.32,3,0.4031,3.96,1,0
46.74,20,0.0697,8.55,0,0
60.99,18,0.1493,2.85,0,0
62.14,20,0.0635,8.81,0,0
27.4,3,0.1514,10.52,0,0
88.61,8,0.278,5.13,0,0
25.11,5,0.0456,28.82,0,0
25.48,6,0.1631,11.56,1,0
34.58,23,0.1626,15.81,1,0
24.93,4,0.0186,34.27,1,0
20.37,13,0.3311,25.24,0,0
24.69,18,0.0877,2.77,0,0
90.59,4,0.3394,6.29,0,0
53.77,2,0.1309,19.44,0,0
24.15,4,0.3572,22.86,0,0
100.63,14,0.1612,49.15,0,0
10.74,16,0.0495,3.93,0,0
42.11,14,0.12,2.94,0,0
66.75,17,0.3494,26.08,0,0
28.98,12,0.1519,13.95,1,0
168.88,13,0.2373,7.28,0,0
34.93,9,0.04,3.38,0,0
69.18,5,0.2181,16.4,0,0
46.36,14,0.2675,1.03,0,0
209.76,1,0.0631,6.53,1,0
27.71,10,0.5432,8.85,0,0
4.99,13,0.0856,11.38,0,0
27.14,6,0.1154,1.37,0,0
68.23,5,0.1948,17.5,0,0
29.19,18,0.2839,4.06,0,0
124.06,15,0.2188,4.02,0,0
97.77,10,0.0528,8.57,0,0
82.31,0,0.2766,1.96,0,0
73.55,15,0.2399,56.04,0,0
46.19,13,0.1689,13.32,0,0
30.18,7,0.0867,3.15,0,0
77.88,1,0.0992,1.37,0,0
54.02,15,0.1572,1.77,0,0
25.53,5,0.1645,2.28,0,0
43.32,21,0.5195,22.62,0,0
25.1,23,0.1838,41.73,0,0
19.35,12,0.1815,57.7,1,0
155.95,21,0.463,14.56,0,0
63.18,1,0.1807,1.92,0,0
21.59,14,0.5816,1.26,0,0
28.41,3,0.1307,24.92,0,0
126.93,10,0.2614,1.09,0,0
68.49,4,0.3468,15.18,0,0
33.54,9,0.3756,3.79,0,0
13.68,3,0.274,5.67,0,0
64.78,11,0.1257,34.49,0,0
24.73,13,0.2482,2.4,1,0
36.72,22,0.1183,16.31,0,0
59.12,2,0.0866,12.7,0,0
55.23,0,0.2941,13.95,0,0
35.13,19,0.1184,2.6,0,0
35.86,4,0.3609,1.55,0,0
78.91,18,0.3863,5.13,0,0
19.97,23,0.1559,15.84,0,0
96.03,8,0.1092,70.34,0,0
16.22,10,0.064,10.62,0,0
112.07,20,0.253,7.53,1,0
12.29,4,0.2819,0.51,0,0
33.25,12,0.2871,14.4,0,0
119.76,1,0.2033,2.16,0,0
63.69,4,0.2021,5.34,0,0
39.38,6,0.2187,0.0,0,0
96.67,11,0.2416,10.91,0,0
43.59,11,0.2164,16.39,1,0
61.56,18,0.1114,10.77,1,0
55.46,3,0.2369,21.79,0,0
21.04,23,0.5839,15.58,0,0
44.01,6,0.1087,35.8,0,0
29.95,10,0.1938,16.21,0,0
29.93,15,0.378,14.28,0,0
101.02,10,0.2452,9.11,0,0
35.78,5,0.3102,13.39,0,0
17.46,12,0.3976,39.47,0,0
25.74,8,0.1626,10.39,1,0
33.15,14,0.0971,0.77,0,0
36.46,6,0.2927,55.85,0,0
60.46,8,0.1292,46.27,0,0
38.94,15,0.0151,6.87,0,0
19.04,3,0.1353,35.09,1,0
16.44,14,0.2673,14.15,0,0
55.91,1,0.1838,48.57,0,0
78.13,13,0.0714,4.73,0,0
50.85,4,0.2158,53.32,1,0
73.31,8,0.1785,3.35,0,0
40.69,17,0.2259,3.92,0,0
14.52,0,0.1562,0.28,0,0
28.79,17,0.2652,49.81,0,0
18.67,2,0.1344,21.12,0,0
60.22,20,0.1241,4.83,0,0
37.65,20,0.118,16.91,1,0
24.9,23,0.1349,24.17,0,0
106.33,11,0.0764,17.28,0,0
32.63,9,0.2741,7.67,0,0
39.06,18,0.0515,32.96,0,0
24.84,17,0.2681,40.56,0,0
36.64,13,0.1398,26.23,0,0
61.75,3,0.272,24.63,1,0
33.04,16,0.0082,40.46,0,0
22.62,17,0.1543,2.57,0,0
52.17,5,0.1812,3.1,0,0
33.2,0,0.2396,6.09,0,0
82.7,7,0.134,2.95,0,0
30.36,13,0.1311,1.96,0,0
38.37,8,0.0875,3.03,1,0
50.14,19,0.1477,13.18,0,0
148.88,9,0.089,18.83,0,0
86.83,16,0.2711,1.29,0,0
69.5,13,0.1595,1.34,0,0
21.82,9,0.0099,62.62,0,0
73.43,16,0.4418,2.23,0,0
179.56,5,0.0518,18.56,0,0
47.64,9,0.4768,1.67,0,0
8.77,12,0.3369,4.07,0,0
282.92,17,0.9562,685.54,0,1
26.81,7,0.4238,2.91,0,0
85.23,9,0.1541,5.65,0,0
91.88,1,0.3282,22.13,0,0
45.47,21,0.0409,4.36,1,0
1254.83,18,0.874,218.46,1,1
40.66,18,0.1907,0.75,0,0
76.57,22,0.2948,5.75,0,0
53.77,14,0.0317,6.66,0,0
35.57,23,0.1353,0.42,0,0
67.58,9,0.1032,18.36,0,0
56.34,20,0.1993,9.84,0,0
217.77,0,0.1662,50.39,0,0
70.94,6,0.1939,5.1,0,0
100.75,10,0.1817,11.82,0,0
26.5,5,0.2552,81.86,0,0
16.97,13,0.1645,8.4,0,0
59.49,4,0.0075,9.56,0,0
24.0,3,0.3024,1.09,0,0
25.35,6,0.0467,5.8,0,0
68.93,17,0.1848,12.87,0,0
32.89,23,0.315,8.85,0,0
29.41,20,0.0693,15.85,0,0
111.55,3,0.0138,0.0,1,0
53.46,4,0.0874,3.76,0,0
39.97,10,0.0818,11.07,0,0
42.79,3,0.4044,0.32,1,0
18.06,15,0.2793,0.33,0,0
17.85,13,0.2742,3.67,0,0
126.62,19,0.0849,18.0,0,0
193.33,11,0.2647,56.7,1,0
86.94,2,0.1928,6.57,0,0
19.53,19,0.3652,27.34,0,0
13.36,22,0.1124,34.4,0,0
118.6,20,0.0328,5.68,0,0
16.19,17,0.3067,53.2,1,0
34.12,1,0.4772,8.27,1,0
37.99,20,0.5695,52.57,0,0
80.6,16,0.1284,10.12,0,0
25.45,19,0.1223,14.48,0,0
26.24,17,0.4441,16.43,0,0
81.85,13,0.4362,11.58,0,0
145.28,6,0.1172,0.16,0,0
19.49,21,0.2936,4.31,0,0
44.49,5,0.3839,2.26,0,0
45.74,19,0.1661,22.96,0,0
25.87,11,0.2214,3.74,1,0
146.08,8,0.3747,21.16,0,0
42.5,5,0.1298,0.02,0,0
39.86,21,0.4308,6.51,0,0
56.71,1,0.0195,1.15,0,0
11.67,21,0.2175,3.43,0,0
69.29,8,0.2915,6.73,0,0
8.46,20,0.1853,8.19,0,0
44.98,20,0.338,9.9,0,0
67.11,5,0.0823,8.77,1,0
42.75,11,0.1409,12.6,0,0
50.63,10,0.1054,6.04,0,0
55.48,7,0.0296,6.0,0,0
179.4,13,0.4386,1.48,0,0
30.52,3,0.0235,7.42,0,0
41.2,18,0.1104,1.23,0,0
52.67,15,0.1745,3.67,0,0
29.7,13,0.215,7.42,0,0
52.71,22,0.1529,4.69,0,0
24.41,13,0.2787,30.29,0,0
19.71,13,0.3094,28.73,0,0
37.07,17,0.1553,63.63,1,0
27.91,7,0.1114,39.67,0,0
38.52,3,0.1159,20.95,1,0
31.31,3,0.2236,6.63,0,0
25.55,23,0.3897,11.66,0,0
63.79,17,0.1403,43.77,0,0
24.18,12,0.0715,4.06,0,0
34.49,14,0.2626,11.81,1,0
31.27,21,0.1038,2.75,0,0
53.19,22,0.099,2.3,0,0
73.04,13,0.15,18.68,0,0
22.6,12,0.2719,6.21,1,0
38.58,2,0.0754,9.35,0,0
29.64,11,0.298,9.07,0,0
89.23,5,0.0384,4.64,0,0
11.19,21,0.1038,20.74,0,0
51.55,5,0.1289,0.4,0,0
83.71,16,0.0725,15.26,0,0
69.1,8,0.5976,12.18,0,0
24.27,6,0.2382,24.6,0,0
41.81,4,0.1274,7.06,0,0
90.72,3,0.1193,3.04,0,0
112.09,15,0.4317,37.99,0,0
120.16,0,0.2196,12.13,0,0
64.73,9,0.2406,1.05,0,0
44.01,22,0.1162,13.1,0,0
128.86,7,0.0476,1.8,0,0
16.74,11,0.0811,5.17,1,0
65.0,1,0.0594,25.31,0,0
21.53,3,0.3832,55.59,1,0
62.12,7,0.3573,24.83,0,0
79.67,1,0.1447,8.05,0,0
41.05,1,0.2886,14.56,0,0
18.43,8,0.193,40.62,0,0
27.78,15,0.2734,9.07,0,0
109.93,0,0.1801,19.84,0,0
27.61,23,0.1672,0.11,0,0
70.71,5,0.1703,3.3,0,0
54.36,21,0.2039,17.58,0,0
31.43,21,0.1734,5.75,0,0
93.51,14,0.2033,30.73,0,0
75.64,12,0.0957,10.83,0,0
16.12,23,0.2526,16.75,0,0
24.35,22,0.2007,15.53,0,0
19.27,9,0.1813,6.69,0,0
29.0,6,0.2805,8.22,0,0
17.65,12,0.1173,9.11,0,0
43.51,5,0.2628,0.4,0,0
43.26,18,0.2669,71.36,0,0
38.99,0,0.1642,41.26,1,0
33.35,4,0.138,8.0,0,0
177.34,0,0.5634,1.31,0,0
70.24,2,0.4623,4.65,0,0
22.33,14,0.072,5.58,0,0
21.83,18,0.2001,7.96,0,0
51.94,4,0.1747,41.14,0,0
25.72,16,0.1113,9.93,0,0
16.08,9,0.1738,10.33,0,0
30.16,10,0.2796,2.94,0,0
23.48,0,0.1736,16.81,0,0
16.5,8,0.4114,35.41,1,0
32.86,12,0.1621,14.23,0,0
55.69,8,0.255,12.91,0,0
24.41,14,0.1221,7.63,0,0
69.4,12,0.1181,7.1,0,0
28.6,1,0.1157,8.68,0,0
25.08,23,0.4355,32.9,0,0
45.71,20,0.1302,12.93,0,0
17.59,0,0.4801,3.59,0,0
29.95,17,0.0447,9.71,0,0
34.76,1,0.0659,18.99,0,0
66.72,5,0.0274,11.63,0,0
61.05,7,0.0718,34.11,0,0
15.27,22,0.0346,2.0,1,0
12.92,11,0.147,55.61,0,0
12.3,13,0.2692,40.28,1,0
24.06,10,0.37,1.51,0,0
37.78,23,0.0956,27.06,0,0
97.25,14,0.1295,3.44,0,0
80.64,18,0.5528,3.74,1,0
57.14,5,0.0058,7.22,0,0
38.38,2,0.3429,4.75,0,0
32.64,19,0.0862,12.57,1,0
22.64,7,0.1598,14.41,0,0
6.43,10,0.1622,38.63,0,0
127.06,2,0.1597,12.91,0,0
184.33,11,0.0729,34.01,0,0
244.76,1,0.0875,45.15,0,0
176.15,10,0.2133,0.77,1,0
157.54,1,0.063,6.25,0,0
25.64,10,0.1151,10.28,0,0
121.12,9,0.1802,9.6,0,0
40.48,2,0.3534,36.0,0,0
45.88,9,0.2096,9.24,0,0
28.17,10,0.1079,20.74,0,0
45.67,23,0.3422,4.28,0,0
80.93,18,0.2671,0.28,0,0
26.16,6,0.2687,7.73,0,0
18.39,18,0.12,3.42,0,0
20.54,1,0.1918,33.25,0,0
56.13,8,0.1357,4.56,0,0
48.84,17,0.2182,2.32,0,0
19.63,7,0.3264,24.19,0,0
51.84,12,0.0735,14.99,0,0
51.79,3,0.1381,18.23,0,0
54.42,13,0.0308,12.83,0,0
130.61,6,0.1365,24.35,0,0
36.94,9,0.4072,11.53,0,0
14.0,22,0.3885,20.71,0,0
193.98,19,0.2346,30.88,0,0
67.32,6,0.0833,20.84,0,0
21.86,8,0.1454,20.54,0,0
14.61,23,0.4033,10.29,0,0
46.13,9,0.2161,3.66,0,0
32.23,1,0.4869,32.38,1,0
41.18,6,0.2717,22.96,0,0
25.09,16,0.0965,6.11,0,0
73.08,20,0.425,5.56,0,0
15.16,6,0.1563,15.54,0,0
10.89,23,0.1053,25.34,0,0
19.01,1,0.2702,4.32,0,0
77.55,14,0.0467,27.56,1,0
17.24,2,0.3325,19.74,0,0
40.93,11,0.2965,0.69,0,0
31.97,9,0.0698,27.0,0,0
26.89,6,0.1519,9.54,0,0
42.71,13,0.3469,23.13,0,0
58.44,18,0.3894,30.41,0,0
26.14,8,0.0674,10.94,0,0
42.63,23,0.2381,9.81,0,0
114.17,6,0.0353,13.23,0,0
93.01,11,0.0445,6.48,0,0
77.16,13,0.4693,0.8,0,0
27.13,1,0.344,8.36,0,0
51.34,15,0.2777,2.91,0,0
44.92,0,0.13,0.84,0,0
33.99,18,0.0745,8.16,0,0
62.82,5,0.2701,27.54,0,0
33.47,23,0.1158,14.05,0,0
36.38,14,0.1302,1.5,0,0
302.09,0,0.1058,14.96,0,0
53.5,19,0.2863,28.18,0,0
20.25,13,0.2459,8.09,0,0
132.07,1,0.1464,3.12,0,0
99.14,5,0.0985,1.94,0,0
58.6,19,0.8783,17.41,0,1
122.54,23,0.2022,0.85,0,0
76.67,21,0.2537,0.22,0,0
28.64,7,0.1048,4.39,1,0
68.44,4,0.3586,2.56,0,0
40.99,3,0.0394,14.78,0,0
34.92,10,0.1589,0.15,0,0
282.45,3,0.3292,43.51,0,0
127.57,9,0.1355,25.88,0,0
129.47,11,0.1446,13.48,0,0
132.22,16,0.2971,57.79,1,0
34.85,4,0.0354,2.15,1,0
79.42,6,0.2426,6.62,0,0
90.19,23,0.0612,13.58,0,0
18.7,3,0.3859,11.93,0,0
16.03,19,0.1753,13.72,0,0
29.28,16,0.2594,3.49,0,0
38.22,0,0.1248,2.65,0,0
17.85,6,0.0577,15.08,0,0
26.56,10,0.0961,3.61,0,0
36.77,8,0.178,43.34,0,0
59.99,3,0.0934,16.11,0,0
19.8,16,0.2274,18.25,0,0
29.94,7,0.1523,1.6,0,0
136.41,15,0.2095,3.47,0,0
112.8,14,0.068,3.32,0,0
44.29,16,0.2544,4.49,0,0
17.08,18,0.5486,5.96,0,0
26.17,18,0.0545,18.25,1,0
141.16,15,0.1729,7.74,0,0
11.73,8,0.2096,0.24,0,0
15.18,9,0.1762,3.78,0,0
37.81,22,0.3639,20.12,0,0
18.8,7,0.1363,2.1,0,0
35.39,2,0.1442,10.08,0,0
45.2,21,0.0706,20.2,0,0
143.67,6,0.1925,24.11,0,0
24.41,9,0.1464,36.1,0,0
32.98,16,0.229,31.96,1,0
122.96,14,0.142,39.96,0,0
75.39,3,0.2609,25.29,1,0
19.56,2,0.1119,2.71,1,0
95.25,6,0.4872,0.13,0,0
139.61,7,0.1481,7.01,0,0
26.84,18,0.1888,3.84,0,0
8.26,4,0.2744,14.42,0,0
104.63,0,0.1384,33.26,1,0
65.03,20,0.0963,6.35,0,0
26.1,6,0.1397,8.58,0,0
19.15,13,0.3661,5.76,0,0
16.45,17,0.2076,29.25,0,0
50.74,1,0.1247,9.74,0,0
63.35,12,0.1342,45.17,0,0
33.49,7,0.1159,3.53,0,0
50.19,17,0.048,20.13,0,0
17.42,2,0.0739,49.01,0,0
34.73,21,0.2766,5.62,0,0
34.69,16,0.1816,43.01,0,0
24.01,22,0.096,2.61,0,0
80.35,17,0.1578,13.19,0,0
52.64,8,0.1003,0.38,0,0
367.76,21,0.805,21.23,1,1
19.87,4,0.0662,3.55,0,0
326.41,13,0.2383,21.3,0,0
57.97,11,0.1333,31.63,0,0
17.92,3,0.3347,13.01,0,0
28.72,18,0.1082,4.49,1,0
14.75,9,0.3407,9.12,0,0
52.25,2,0.2987,17.58,0,0
19.87,4,0.2092,14.17,0,0
111.92,12,0.2669,8.99,0,0
58.14,0,0.0763,27.71,0,0
55.21,6,0.0438,3.41,0,0
16.83,8,0.1513,31.07,0,0
31.3,10,0.1009,2.36,1,0
195.87,14,0.2487,16.63,0,0
126.78,19,0.1231,4.8,0,0
32.93,1,0.054,31.99,0,0
32.96,8,0.1436,22.82,1,0
71.56,1,0.123,5.79,0,0
35.36,6,0.2527,0.4,0,0
44.4,1,0.3668,8.37,0,0
31.36,20,0.1619,2.88,0,0
42.69,12,0.2016,10.43,0,0
38.17,9,0.0837,32.14,0,0
24.12,19,0.2658,28.16,1,0
18.82,16,0.113,6.24,0,0
18.95,3,0.0946,3.47,0,0
111.87,11,0.1829,3.24,0,0
41.75,5,0.3713,9.2,0,0
47.89,18,0.1175,20.69,0,0
131.98,2,0.2105,17.22,0,0
55.58,19,0.0482,17.63,0,0
35.92,4,0.2075,1.8,0,0
38.38,21,0.0396,9.68,0,0
41.08,22,0.2223,37.14,0,0
43.98,3,0.0809,10.46,0,0
18.26,12,0.1116,24.45,0,0
41.23,18,0.3023,26.52,0,0
40.23,4,0.1735,1.08,0,0
52.93,15,0.2107,14.19,0,0
68.93,3,0.1862,3.84,0,0
47.6,2,0.1068,6.12,0,0
231.04,19,0.2547,2.38,0,0
22.28,16,0.1222,0.97,0,0
45.18,18,0.329,21.33,0,0
151.79,4,0.2285,10.7,0,0
27.14,20,0.3023,29.62,1,0
51.76,2,0.0374,27.36,0,0
34.41,18,0.5402,11.88,0,0
161.56,1,0.1375,17.52,0,0
84.88,15,0.3124,14.06,0,0
46.0,16,0.2324,16.48,0,0
110.01,20,0.04,0.96,0,0
45.82,18,0.1115,6.3,0,0
35.25,1,0.2333,25.4,0,0
9.14,8,0.0509,3.79,0,0
118.34,18,0.305,3.98,0,0
114.29,17,0.2896,51.79,1,0
67.68,13,0.1574,1.7,0,0
33.87,8,0.8063,307.22,1,1
28.72,18,0.2201,9.52,0,0
74.17,10,0.2307,23.43,0,0
89.67,15,0.0798,3.36,1,0
16.01,19,0.1466,20.65,0,0
12.65,4,0.2593,30.54,0,0
45.86,6,0.148,2.27,0,0
67.25,5,0.0765,5.73,0,0
106.5,21,0.3635,8.54,0,0
50.32,14,0.2105,8.94,0,0
92.24,16,0.023,20.94,0,0
71.09,7,0.0184,8.23,0,0
25.16,21,0.109,1.99,0,0
27.83,23,0.863,177.86,1,1
103.52,1,0.3762,1.9,0,0
33.44,18,0.4247,6.15,0,0
29.95,16,0.1453,28.12,0,0
47.7,12,0.2173,3.53,0,0
45.12,23,0.0631,3.85,1,0
57.61,1,0.2375,20.44,0,0
51.89,11,0.3309,10.55,0,0
66.46,17,0.1117,5.79,0,0
48.53,6,0.159,4.09,0,0
72.57,21,0.1748,1.75,0,0
67.95,6,0.0674,4.27,0,0
18.61,12,0.0518,6.39,0,0
55.59,23,0.4326,14.93,0,0
54.87,20,0.1363,2.04,0,0
40.39,18,0.1405,36.99,0,0
33.8,12,0.2468,11.57,0,0
19.23,20,0.2994,22.55,0,0
36.0,0,0.1684,36.03,0,0
21.38,12,0.0907,44.08,0,0
23.8,2,0.1399,0.18,0,0
49.81,13,0.1535,16.3,0,0
120.02,17,0.2354,6.1,0,0
63.5,16,0.3066,8.18,0,0
46.4,10,0.0364,3.89,0,0
70.21,16,0.1269,18.9,0,0
15.17,19,0.2245,13.41,0,0
95.17,19,0.1166,3.19,0,0
59.61,18,0.4558,22.54,0,0
88.83,2,0.1111,2.66,1,0
63.25,6,0.2223,47.58,0,0
33.31,19,0.406,25.82,0,0
36.12,2,0.0914,0.34,0,0
27.65,20,0.1988,15.43,0,0
45.01,17,0.0693,17.72,0,0
50.7,7,0.2638,7.47,0,0
22.01,21,0.0686,30.56,0,0
20.35,23,0.3801,3.07,1,0
7.96,9,0.246,11.35,0,0
72.88,9,0.4994,7.32,0,0
36.93,10,0.4169,13.98,0,0
44.43,19,0.2232,2.26,0,0
13.27,20,0.2319,26.57,0,0
28.4,20,0.0766,6.48,1,0
43.16,3,0.0869,20.77,0,0
49.43,3,0.4638,0.41,0,0
70.71,14,0.5664,1.51,0,0
58.27,3,0.0939,19.56,0,0
40.6,6,0.0941,30.54,0,0
27.45,19,0.1216,6.93,0,0
79.13,13,0.0931,12.31,0,0
26.32,22,0.2077,14.82,0,0
100.39,2,0.3304,1.5,0,0
48.47,9,0.3544,30.3,0,0
22.7,8,0.132,21.97,0,0
24.18,20,0.2002,9.98,1,0
36.43,17,0.1091,10.19,0,0
30.15,7,0.0766,0.8,0,0
70.51,20,0.282,14.21,0,0
100.96,16,0.4906,18.26,0,0
65.67,23,0.0998,33.04,0,0
46.11,16,0.0867,21.85,0,0
56.95,13,0.4532,24.32,0,0
18.97,3,0.192,1.38,0,0
16.16,14,0.2705,0.45,0,0
17.11,11,0.2183,6.31,0,0
18.32,21,0.0089,10.83,0,0
66.44,10,0.2313,7.14,0,0
134.63,16,0.0255,1.96,0,0
68.21,10,0.2446,8.24,0,0
31.91,5,0.1616,14.56,0,0
23.13,19,0.0225,0.09,0,0
27.22,20,0.2106,20.04,0,0
60.84,18,0.2444,12.32,0,0
37.97,21,0.2947,51.42,1,0
16.4,21,0.1581,47.44,0,0
46.56,20,0.1308,3.89,0,0
49.73,1,0.1484,10.39,0,0
117.16,10,0.273,2.42,0,0
19.11,21,0.2543,23.32,1,0
39.41,3,0.1091,21.66,0,0
127.63,10,0.0974,20.64,1,0
32.59,12,0.2003,35.37,0,0
161.41,4,0.1108,6.29,0,0
21.24,2,0.1715,6.34,0,0
31.43,3,0.0927,38.05,0,0
23.15,13,0.2538,10.27,0,0
24.44,19,0.189,5.76,0,0
100.18,22,0.2075,10.2,0,0
101.78,16,0.262,32.2,0,0
75.67,22,0.257,10.77,0,0
15.55,9,0.1917,15.18,0,0
41.39,13,0.59,5.08,0,0
67.51,15,0.2097,8.05,0,0
95.99,5,0.0815,54.43,0,0
17.3,11,0.3559,7.8,0,0
100.86,22,0.1673,1.22,0,0
83.82,18,0.2576,9.92,0,0
6.21,19,0.0747,62.34,1,0
32.58,20,0.2604,16.74,0,0
15.63,18,0.4194,36.17,0,0
85.24,17,0.2105,18.3,0,0
8.48,21,0.2492,1.16,0,0
59.59,3,0.0946,7.33,0,0
22.65,2,0.3563,8.44,0,0
109.87,18,0.2608,8.65,0,0
14.04,18,0.0698,0.08,0,0
70.12,16,0.325,11.56,0,0
50.09,12,0.163,4.5,0,0
47.97,4,0.2179,0.89,0,0
50.28,13,0.1254,10.3,0,0
98.55,13,0.3205,16.27,1,0
20.33,20,0.3982,3.83,0,0
69.57,22,0.4676,9.32,0,0
31.21,8,0.133,4.27,0,0
38.18,15,0.4711,10.99,0,0
49.37,19,0.2264,41.89,0,0
20.65,11,0.2688,6.07,0,0
22.19,15,0.3519,17.25,0,0
60.81,11,0.2384,11.99,0,0
34.08,12,0.2482,2.79,0,0
47.62,6,0.2362,2.2,0,0
15.13,9,0.2637,9.01,0,0
25.21,11,0.2093,10.51,1,0
40.07,6,0.05,3.95,0,0
24.01,10,0.4678,8.27,0,0
151.66,18,0.517,14.84,0,0
64.9,14,0.1628,7.05,0,0
37.49,0,0.2419,1.95,1,0
28.44,11,0.3116,5.56,0,0
25.36,4,0.2495,9.74,0,0
23.99,3,0.2128,14.65,0,0
49.58,4,0.0203,18.16,0,0
27.09,19,0.1555,2.71,0,0
23.93,9,0.0442,44.74,0,0
75.65,4,0.215,27.27,0,0
25.3,10,0.1003,6.89,0,0
18.07,23,0.2388,6.46,0,0
51.81,2,0.1193,15.71,0,0
38.14,9,0.1711,3.54,0,0
57.7,6,0.0366,6.94,1,0
98.1,6,0.0242,45.04,0,0
35.14,1,0.0707,16.67,0,0
37.82,10,0.0505,16.47,1,0
37.5,13,0.3386,15.78,1,0
11.76,17,0.3759,2.83,1,0
87.43,17,0.0953,23.46,0,0
21.25,15,0.1107,9.84,0,0
40.2,17,0.1203,19.98,0,0
13.06,17,0.0864,27.4,0,0
33.79,6,0.0837,7.76,0,0
51.05,19,0.4061,27.52,0,0
66.31,23,0.3043,10.71,0,0
98.0,9,0.0924,24.74,0,0
19.75,22,0.147,16.11,0,0
33.63,11,0.0454,2.32,0,0
42.2,14,0.1665,2.39,0,0
45.7,16,0.1969,7.82,0,0
87.73,7,0.0354,9.7,0,0
73.59,6,0.3276,1.82,0,0
80.23,16,0.345,6.09,0,0
63.14,4,0.0451,22.91,0,0
14.8,10,0.2042,10.98,0,0
60.58,0,0.1717,0.9,0,0
105.31,16,0.533,2.17,0,0
62.95,19,0.2057,1.09,1,0
64.92,5,0.1948,6.58,0,0
31.99,18,0.1596,7.79,0,0
43.11,17,0.0657,13.38,0,0
11.17,3,0.1708,12.83,0,0
23.98,15,0.2675,25.19,0,0
36.24,19,0.3352,9.86,0,0
37.3,23,0.2065,15.37,0,0
44.25,0,0.099,0.88,0,0
18.09,15,0.436,0.58,0,0
57.07,5,0.3756,30.85,1,0
25.77,0,0.186,4.36,0,0
39.26,3,0.352,11.37,0,0
39.6,16,0.1726,9.69,0,0
26.2,8,0.1433,25.73,0,0
118.78,22,0.0725,4.98,0,0
18.99,22,0.0393,30.92,0,0
25.29,19,0.0592,1.96,0,0
63.77,22,0.2102,50.27,0,0
120.16,14,0.3021,1.89,1,0
155.76,12,0.2253,15.84,0,0
19.14,18,0.2412,40.87,0,0
32.89,2,0.1232,73.54,0,0
38.86,14,0.1374,15.85,1,0
53.74,17,0.0592,19.82,0,0
71.92,21,0.2305,3.06,0,0
27.19,0,0.429,1.98,0,0
57.51,19,0.0528,3.37,0,0
12.78,6,0.3602,4.67,0,0
21.09,10,0.3121,20.46,0,0
11.9,17,0.0541,19.73,0,0
95.97,11,0.1281,58.51,0,0
40.14,18,0.0645,12.62,0,0
47.89,7,0.166,33.84,0,0
49.37,9,0.1177,13.23,0,0
27.61,21,0.0527,1.75,0,0
68.61,10,0.0468,47.04,0,0
36.84,12,0.1357,14.45,0,0
58.55,14,0.1634,2.62,0,0
63.51,20,0.0664,31.03,0,0
39.91,1,0.1825,11.08,1,0
44.38,11,0.2824,14.44,1,0
53.96,23,0.2794,23.29,0,0
113.79,12,0.2293,34.55,0,0
25.32,22,0.299,38.38,0,0
13.44,12,0.1423,13.79,1,0
15.89,16,0.1792,11.65,0,0
11.18,12,0.2486,5.17,0,0
107.44,2,0.2296,7.88,0,0
50.13,11,0.2672,11.68,0,0
62.79,22,0.081,12.78,0,0
109.43,9,0.0913,12.67,0,0
61.16,19,0.0772,33.52,0,0
19.35,11,0.3053,17.8,0,0
116.73,4,0.1685,15.99,1,0
29.7,6,0.2032,11.66,0,0
102.02,13,0.1751,3.28,0,0
51.86,7,0.2257,7.36,0,0
33.52,10,0.0796,3.09,0,0
34.43,19,0.0909,29.84,1,0
26.17,11,0.1624,2.53,0,0
101.32,8,0.0592,1.2,0,0
27.15,10,0.2287,2.24,0,0
116.5,20,0.4348,10.4,0,0
179.34,19,0.3235,0.27,0,0
18.64,9,0.5558,6.97,0,0
63.29,15,0.3655,8.8,0,0
19.76,6,0.2657,5.46,0,0
38.1,11,0.3044,10.08,0,0
63.69,15,0.4156,10.0,1,0
23.03,5,0.0434,37.68,0,0
25.74,8,0.0951,38.48,0,0
111.2,5,0.1604,1.68,0,0
140.85,18,0.1873,32.01,0,0
118.09,18,0.1184,19.82,0,0
93.45,3,0.2792,8.42,0,0
83.38,4,0.6156,0.01,0,0
81.07,17,0.0799,0.99,0,0
20.63,15,0.3396,14.59,0,0
43.02,17,0.2456,4.39,0,0
38.22,0,0.2702,0.26,1,0
15.09,6,0.1852,27.3,0,0
224.22,17,0.1397,2.6,0,0
31.71,23,0.1928,18.43,1,0
106.82,6,0.0592,11.19,0,0
89.94,2,0.102,0.97,0,0
27.97,16,0.2452,2.3,0,0
29.32,18,0.198,14.09,0,0
48.01,22,0.2646,0.37,1,0
100.51,23,0.2825,12.45,0,0
111.43,5,0.3782,1.19,0,0
70.93,11,0.3274,11.28,0,0
43.11,11,0.2726,6.24,1,0
32.94,13,0.2009,20.84,0,0
121.62,14,0.0686,0.73,0,0
13.58,13,0.1931,7.07,0,0
40.33,16,0.198,22.29,1,0
17.1,21,0.2595,4.92,0,0
38.81,9,0.1402,11.9,0,0
71.99,17,0.1343,1.03,0,0
32.85,19,0.0685,0.9,1,0
58.52,10,0.1238,10.34,0,0
34.04,15,0.3302,3.78,0,0
42.48,4,0.1446,0.29,0,0
169.6,12,0.1898,32.56,0,0
41.61,12,0.3415,10.01,0,0
58.0,23,0.1106,41.65,0,0
69.62,11,0.2648,22.78,0,0
56.94,18,0.392,13.01,0,0
33.78,14,0.3079,24.9,0,0
40.52,15,0.1437,25.08,0,0
85.66,14,0.0956,30.27,0,0
43.23,2,0.1765,6.84,0,0
47.16,12,0.5216,5.84,0,0
32.43,7,0.2897,2.6,0,0
57.81,8,0.0809,2.12,0,0
10.65,1,0.2719,4.13,0,0
127.56,6,0.4511,0.97,1,0
67.3,9,0.0832,3.66,0,0
35.1,5,0.3695,0.11,0,0
49.42,9,0.1698,0.46,0,0
5.1,23,0.1402,1.89,0,0
14.96,16,0.0813,3.75,0,0
